shot_ID,tag,val,val_str
41,field_loc_x,0.558281,NULL
41,field_loc_y,0.471563,NULL
41,goal_loc_x,0.260516,NULL
41,goal_loc_y,0.696563,NULL
41,def_scheme,NULL,man
41,is_transition,1,NULL
41,is_off_dodge,1,NULL
41,is_right_handed,1,NULL
41,shot_quality,2,NULL
42,field_loc_x,0.573464,NULL
42,field_loc_y,0.321562,NULL
42,goal_loc_x,0.280068,NULL
42,goal_loc_y,0.886563,NULL
42,def_scheme,NULL,man
42,is_transition,1,NULL
42,is_off_dodge,0,NULL
42,is_right_handed,1,NULL
42,shot_quality,3,NULL
43,field_loc_x,0.515767,NULL
43,field_loc_y,0.256563,NULL
43,goal_loc_x,0.148092,NULL
43,goal_loc_y,0.171562,NULL
47,field_loc_x,0.537,NULL
47,field_loc_y,0.469063,NULL
47,goal_loc_x,0.847001,NULL
47,goal_loc_y,0.559062,NULL
47,def_scheme,NULL,zone
47,is_transition,1,NULL
47,is_off_dodge,0,NULL
47,is_right_handed,1,NULL
47,shot_quality,2,NULL
48,field_loc_x,0.573441,NULL
48,field_loc_y,0.634063,NULL
48,def_scheme,NULL,zone
48,is_transition,1,NULL
48,is_off_dodge,1,NULL
48,is_right_handed,1,NULL
48,shot_quality,1,NULL
48,goal_loc_x,0.842113,NULL
48,goal_loc_y,0.494063,NULL
49,field_loc_x,0.564331,NULL
49,field_loc_y,0.574063,NULL
49,def_scheme,NULL,man
49,is_transition,0,NULL
49,is_off_dodge,1,NULL
49,is_right_handed,0,NULL
49,shot_quality,2,NULL
49,goal_loc_x,0.143127,NULL
49,goal_loc_y,0.259062,NULL
50,field_loc_x,0.406421,NULL
50,field_loc_y,0.424062,NULL
50,goal_loc_x,0.759017,NULL
50,goal_loc_y,0.164062,NULL
50,def_scheme,NULL,man
50,is_transition,0,NULL
50,is_off_dodge,1,NULL
50,is_right_handed,0,NULL
50,shot_quality,2,NULL
51,field_loc_x,0.637212,NULL
51,field_loc_y,0.534063,NULL
51,goal_loc_x,0.842113,NULL
51,goal_loc_y,0.709063,NULL
51,def_scheme,NULL,man
51,is_transition,0,NULL
51,is_off_dodge,1,NULL
51,is_right_handed,1,NULL
51,shot_quality,3,NULL
52,field_loc_x,0.461082,NULL
52,field_loc_y,0.669062,NULL
52,goal_loc_x,0.719913,NULL
52,goal_loc_y,0.494063,NULL
52,def_scheme,NULL,man
52,is_transition,0,NULL
52,is_off_dodge,1,NULL
52,is_right_handed,1,NULL
52,shot_quality,1,NULL
53,field_loc_x,0.421605,NULL
53,field_loc_y,0.766563,NULL
53,goal_loc_x,0.157791,NULL
53,goal_loc_y,0.156563,NULL
53,def_scheme,NULL,man
53,is_transition,0,NULL
53,is_off_dodge,1,NULL
53,is_right_handed,1,NULL
53,shot_quality,3,NULL
54,field_loc_x,0.373018,NULL
54,field_loc_y,0.556562,NULL
54,goal_loc_x,0.319096,NULL
54,goal_loc_y,0.601562,NULL
54,def_scheme,NULL,man
54,is_transition,0,NULL
54,is_off_dodge,0,NULL
54,is_right_handed,1,NULL
54,shot_quality,2,NULL
54,clean_save,0,NULL
55,field_loc_x,0.403385,NULL
55,field_loc_y,0.631562,NULL
55,def_scheme,NULL,zone
55,is_transition,1,NULL
55,is_off_dodge,1,NULL
55,is_right_handed,1,NULL
55,shot_quality,2,NULL
55,clean_save,0,NULL
55,goal_loc_x,0.372864,NULL
55,goal_loc_y,0.634063,NULL
56,field_loc_x,0.51878,NULL
56,field_loc_y,0.661563,NULL
56,goal_loc_x,0.3582,NULL
56,goal_loc_y,0.166562,NULL
56,def_scheme,NULL,man
56,is_transition,0,NULL
56,is_off_dodge,0,NULL
56,is_right_handed,0,NULL
56,shot_quality,1,NULL
57,field_loc_x,0.612918,NULL
57,field_loc_y,0.456562,NULL
57,goal_loc_x,0.426632,NULL
57,goal_loc_y,0.466563,NULL
57,def_scheme,NULL,man
57,is_transition,0,NULL
57,is_off_dodge,1,NULL
57,is_right_handed,1,NULL
57,shot_quality,3,NULL
57,clean_save,0,NULL
58,field_loc_x,0.388201,NULL
58,field_loc_y,0.421562,NULL
58,def_scheme,NULL,man
58,is_transition,0,NULL
58,is_off_dodge,1,NULL
58,is_right_handed,1,NULL
58,shot_quality,3,NULL
58,clean_save,0,NULL
58,goal_loc_x,0.328872,NULL
58,goal_loc_y,0.486562,NULL
59,field_loc_x,0.488413,NULL
59,field_loc_y,0.661563,NULL
59,goal_loc_x,0.646593,NULL
59,goal_loc_y,0.171562,NULL
59,def_scheme,NULL,man
59,is_transition,0,NULL
59,is_off_dodge,1,NULL
59,is_right_handed,1,NULL
59,shot_quality,1,NULL
60,field_loc_x,0.461106,NULL
60,field_loc_y,0.676562,NULL
60,goal_loc_x,0.636817,NULL
60,goal_loc_y,0.194063,NULL
60,def_scheme,NULL,man
60,is_transition,1,NULL
60,is_off_dodge,0,NULL
60,is_right_handed,1,NULL
60,shot_quality,2,NULL
61,field_loc_x,0.515767,NULL
61,field_loc_y,0.296562,NULL
61,goal_loc_x,0.597713,NULL
61,goal_loc_y,0.379063,NULL
61,def_scheme,NULL,man
61,is_transition,1,NULL
61,is_off_dodge,0,NULL
61,is_right_handed,1,NULL
61,shot_quality,3,NULL
61,clean_save,0,NULL
62,field_loc_x,0.379091,NULL
62,field_loc_y,0.634063,NULL
62,goal_loc_x,0.128463,NULL
62,goal_loc_y,0.229062,NULL
62,def_scheme,NULL,man
62,is_transition,1,NULL
62,is_off_dodge,0,NULL
62,is_right_handed,1,NULL
62,shot_quality,3,NULL
63,field_loc_x,0.615955,NULL
63,field_loc_y,0.464063,NULL
63,goal_loc_x,0.763905,NULL
63,goal_loc_y,0.469063,NULL
63,def_scheme,NULL,man
63,is_transition,1,NULL
63,is_off_dodge,1,NULL
63,is_right_handed,1,NULL
63,shot_quality,2,NULL
64,field_loc_x,0.615955,NULL
64,field_loc_y,0.504062,NULL
64,def_scheme,NULL,man
64,is_transition,1,NULL
64,is_off_dodge,1,NULL
64,is_right_handed,1,NULL
64,shot_quality,1,NULL
64,goal_loc_x,0.636817,NULL
64,goal_loc_y,0.859062,NULL
65,field_loc_x,0.625065,NULL
65,field_loc_y,0.499063,NULL
65,goal_loc_x,0.123575,NULL
65,goal_loc_y,0.164062,NULL
65,def_scheme,NULL,man
65,is_transition,1,NULL
65,is_off_dodge,1,NULL
65,is_right_handed,1,NULL
65,shot_quality,3,NULL
66,field_loc_x,0.515743,NULL
66,field_loc_y,0.564062,NULL
66,def_scheme,NULL,man
66,is_transition,1,NULL
66,is_off_dodge,1,NULL
66,is_right_handed,0,NULL
66,shot_quality,1,NULL
66,goal_loc_x,0.436408,NULL
66,goal_loc_y,0.704063,NULL
67,field_loc_x,0.476266,NULL
67,field_loc_y,0.279063,NULL
67,goal_loc_x,0.587937,NULL
67,goal_loc_y,0.819062,NULL
67,def_scheme,NULL,man
67,is_transition,0,NULL
67,is_off_dodge,1,NULL
67,is_right_handed,1,NULL
67,shot_quality,3,NULL
68,field_loc_x,0.521817,NULL
68,field_loc_y,0.434063,NULL
68,goal_loc_x,0.387528,NULL
68,goal_loc_y,0.809062,NULL
68,def_scheme,NULL,man
68,is_transition,0,NULL
68,is_off_dodge,0,NULL
68,is_right_handed,1,NULL
68,shot_quality,2,NULL
69,field_loc_x,0.552184,NULL
69,field_loc_y,0.689062,NULL
69,goal_loc_x,0.666145,NULL
69,goal_loc_y,0.629062,NULL
69,def_scheme,NULL,man
69,is_transition,0,NULL
69,is_off_dodge,1,NULL
69,is_right_handed,1,NULL
69,shot_quality,2,NULL
69,clean_save,1,NULL
70,def_scheme,NULL,zone
70,is_transition,1,NULL
70,is_off_dodge,0,NULL
70,is_right_handed,1,NULL
70,shot_quality,2,NULL
70,field_loc_x,0.415532,NULL
70,field_loc_y,0.344063,NULL
70,goal_loc_x,0.470624,NULL
70,goal_loc_y,0.844063,NULL
71,field_loc_x,0.640248,NULL
71,field_loc_y,0.459062,NULL
71,goal_loc_x,0.592825,NULL
71,goal_loc_y,0.674062,NULL
71,def_scheme,NULL,man
71,is_transition,0,NULL
71,is_off_dodge,0,NULL
71,is_right_handed,1,NULL
71,shot_quality,3,NULL
71,clean_save,1,NULL
72,field_loc_x,0.609881,NULL
72,field_loc_y,0.434063,NULL
72,def_scheme,NULL,zone
72,is_transition,1,NULL
72,is_off_dodge,0,NULL
72,is_right_handed,0,NULL
72,shot_quality,2,NULL
72,goal_loc_x,0.45596,NULL
72,goal_loc_y,0.709063,NULL
73,field_loc_x,0.497523,NULL
73,field_loc_y,0.394062,NULL
73,goal_loc_x,0.675921,NULL
73,goal_loc_y,0.284063,NULL
73,def_scheme,NULL,man
73,is_transition,0,NULL
73,is_off_dodge,1,NULL
73,is_right_handed,0,NULL
73,shot_quality,2,NULL
73,clean_save,1,NULL
74,field_loc_x,0.451972,NULL
74,field_loc_y,0.694062,NULL
74,goal_loc_x,0.705249,NULL
74,goal_loc_y,0.424062,NULL
74,def_scheme,NULL,man
74,is_transition,0,NULL
74,is_off_dodge,1,NULL
74,is_right_handed,1,NULL
74,shot_quality,1,NULL
74,clean_save,1,NULL
75,field_loc_x,0.436789,NULL
75,field_loc_y,0.299062,NULL
75,goal_loc_x,0.148015,NULL
75,goal_loc_y,0.539062,NULL
75,def_scheme,NULL,man
75,is_transition,0,NULL
75,is_off_dodge,1,NULL
75,is_right_handed,0,NULL
75,shot_quality,3,NULL
76,field_loc_x,0.573441,NULL
76,field_loc_y,0.429062,NULL
76,goal_loc_x,0.148015,NULL
76,goal_loc_y,0.514063,NULL
76,def_scheme,NULL,man
76,is_transition,0,NULL
76,is_off_dodge,0,NULL
76,is_right_handed,1,NULL
76,shot_quality,2,NULL
77,field_loc_x,0.491449,NULL
77,field_loc_y,0.674062,NULL
77,goal_loc_x,0.680809,NULL
77,goal_loc_y,0.669062,NULL
77,def_scheme,NULL,zone
77,is_transition,1,NULL
77,is_off_dodge,0,NULL
77,is_right_handed,1,NULL
77,shot_quality,1,NULL
77,clean_save,0,NULL
78,field_loc_x,0.388201,NULL
78,field_loc_y,0.424062,NULL
78,goal_loc_x,0.827449,NULL
78,goal_loc_y,0.169062,NULL
78,def_scheme,NULL,man
78,is_transition,0,NULL
78,is_off_dodge,1,NULL
78,is_right_handed,0,NULL
78,shot_quality,3,NULL
79,field_loc_x,0.379091,NULL
79,field_loc_y,0.514063,NULL
79,goal_loc_x,0.910546,NULL
79,goal_loc_y,0.254063,NULL
79,def_scheme,NULL,man
79,is_transition,0,NULL
79,is_off_dodge,1,NULL
79,is_right_handed,0,NULL
79,shot_quality,3,NULL
80,field_loc_x,0.376054,NULL
80,field_loc_y,0.559062,NULL
80,goal_loc_x,0.0991351,NULL
80,goal_loc_y,0.879062,NULL
80,def_scheme,NULL,man
80,is_transition,0,NULL
80,is_off_dodge,1,NULL
80,is_right_handed,1,NULL
80,shot_quality,3,NULL
81,field_loc_x,0.488413,NULL
81,field_loc_y,0.379063,NULL
81,goal_loc_x,0.52928,NULL
81,goal_loc_y,0.719063,NULL
81,def_scheme,NULL,man
81,is_transition,0,NULL
81,is_off_dodge,1,NULL
81,is_right_handed,1,NULL
81,shot_quality,2,NULL
82,field_loc_x,0.55522,NULL
82,field_loc_y,0.389062,NULL
82,goal_loc_x,0.143127,NULL
82,goal_loc_y,0.194063,NULL
82,def_scheme,NULL,man
82,is_transition,0,NULL
82,is_off_dodge,1,NULL
82,is_right_handed,1,NULL
82,shot_quality,3,NULL
83,field_loc_x,0.485376,NULL
83,field_loc_y,0.314063,NULL
83,goal_loc_x,0.534168,NULL
83,goal_loc_y,0.874062,NULL
83,def_scheme,NULL,man
83,is_transition,0,NULL
83,is_off_dodge,1,NULL
83,is_right_handed,1,NULL
83,shot_quality,3,NULL
84,field_loc_x,0.594698,NULL
84,field_loc_y,0.604062,NULL
84,goal_loc_x,0.152903,NULL
84,goal_loc_y,0.449062,NULL
84,def_scheme,NULL,man
84,is_transition,0,NULL
84,is_off_dodge,1,NULL
84,is_right_handed,1,NULL
84,shot_quality,2,NULL
85,field_loc_x,0.385164,NULL
85,field_loc_y,0.329062,NULL
85,goal_loc_x,0.837225,NULL
85,goal_loc_y,0.579063,NULL
85,def_scheme,NULL,man
85,is_transition,0,NULL
85,is_off_dodge,1,NULL
85,is_right_handed,1,NULL
85,shot_quality,3,NULL
86,field_loc_x,0.634199,NULL
86,field_loc_y,0.486562,NULL
86,goal_loc_x,0.12854,NULL
86,goal_loc_y,0.151562,NULL
86,is_transition,1,NULL
86,def_scheme,NULL,man
86,is_off_dodge,1,NULL
86,is_right_handed,1,NULL
86,shot_quality,3,NULL
87,field_loc_x,0.418592,NULL
87,field_loc_y,0.341563,NULL
87,goal_loc_x,0.42182,NULL
87,goal_loc_y,0.161563,NULL
87,def_scheme,NULL,man
87,is_transition,1,NULL
87,is_off_dodge,1,NULL
87,is_right_handed,0,NULL
87,shot_quality,3,NULL
87,clean_save,0,NULL
88,field_loc_x,0.582575,NULL
88,field_loc_y,0.421562,NULL
88,goal_loc_x,0.309396,NULL
88,goal_loc_y,0.446562,NULL
88,def_scheme,NULL,man
88,is_transition,1,NULL
88,is_off_dodge,1,NULL
88,is_right_handed,1,NULL
88,shot_quality,2,NULL
88,clean_save,1,NULL
89,field_loc_x,0.564354,NULL
89,field_loc_x,0.564354,NULL
89,field_loc_y,0.401563,NULL
89,field_loc_y,0.401563,NULL
89,goal_loc_x,0.138316,NULL
89,goal_loc_y,0.241563,NULL
89,def_scheme,NULL,man
89,is_transition,1,NULL
89,is_off_dodge,1,NULL
89,is_right_handed,1,NULL
89,shot_quality,3,NULL
90,field_loc_x,0.427702,NULL
90,field_loc_y,0.456562,NULL
90,def_scheme,NULL,man
90,is_transition,1,NULL
90,is_off_dodge,1,NULL
90,is_right_handed,0,NULL
90,shot_quality,3,NULL
90,goal_loc_x,0.172532,NULL
90,goal_loc_y,0.166562,NULL
91,field_loc_x,0.540061,NULL
91,field_loc_y,0.661563,NULL
91,goal_loc_x,0.284956,NULL
91,goal_loc_y,0.181562,NULL
91,is_transition,1,NULL
91,def_scheme,NULL,man
91,is_off_dodge,1,NULL
91,is_right_handed,0,NULL
91,shot_quality,1,NULL
92,field_loc_x,0.415555,NULL
92,field_loc_y,0.366562,NULL
92,goal_loc_x,0.754206,NULL
92,goal_loc_y,0.276563,NULL
92,def_scheme,NULL,man
92,is_transition,1,NULL
92,is_off_dodge,0,NULL
92,is_right_handed,1,NULL
92,shot_quality,3,NULL
93,field_loc_x,0.591685,NULL
93,field_loc_y,0.526563,NULL
93,goal_loc_x,0.240964,NULL
93,goal_loc_y,0.826563,NULL
93,def_scheme,NULL,man
93,is_transition,1,NULL
93,is_off_dodge,1,NULL
93,is_right_handed,1,NULL
93,shot_quality,2,NULL
94,field_loc_x,0.412519,NULL
94,field_loc_y,0.716563,NULL
94,goal_loc_x,0.270292,NULL
94,goal_loc_y,0.636563,NULL
94,def_scheme,NULL,man
94,is_transition,0,NULL
94,is_off_dodge,1,NULL
94,is_right_handed,1,NULL
94,shot_quality,2,NULL
94,clean_save,0,NULL
95,field_loc_x,0.631162,NULL
95,field_loc_y,0.436563,NULL
95,goal_loc_x,0.480477,NULL
95,goal_loc_y,0.566562,NULL
95,def_scheme,NULL,man
95,is_transition,1,NULL
95,is_off_dodge,1,NULL
95,is_right_handed,1,NULL
95,shot_quality,3,NULL
95,clean_save,1,NULL
96,field_loc_x,0.412519,NULL
96,field_loc_y,0.286563,NULL
96,goal_loc_x,0.788422,NULL
96,goal_loc_y,0.896563,NULL
96,def_scheme,NULL,man
96,is_transition,1,NULL
96,is_off_dodge,0,NULL
96,is_right_handed,1,NULL
96,shot_quality,3,NULL
97,field_loc_x,0.455033,NULL
97,field_loc_y,0.651563,NULL
97,goal_loc_x,0.754206,NULL
97,goal_loc_y,0.191563,NULL
97,def_scheme,NULL,zone
97,is_transition,1,NULL
97,is_off_dodge,0,NULL
97,is_right_handed,1,NULL
97,shot_quality,1,NULL
98,field_loc_x,0.412519,NULL
98,field_loc_y,0.496563,NULL
98,goal_loc_x,0.240964,NULL
98,goal_loc_y,0.756562,NULL
98,def_scheme,NULL,man
98,is_transition,0,NULL
98,is_off_dodge,1,NULL
98,is_right_handed,0,NULL
98,shot_quality,2,NULL
99,field_loc_x,0.412519,NULL
99,field_loc_y,0.451562,NULL
99,goal_loc_x,0.739541,NULL
99,goal_loc_y,0.611562,NULL
99,def_scheme,NULL,man
99,is_transition,1,NULL
99,is_off_dodge,0,NULL
99,is_right_handed,1,NULL
99,shot_quality,2,NULL
99,clean_save,1,NULL
100,field_loc_x,0.388225,NULL
100,field_loc_y,0.461563,NULL
100,goal_loc_x,0.89107,NULL
100,goal_loc_y,0.381563,NULL
100,def_scheme,NULL,man
100,is_transition,1,NULL
100,is_off_dodge,1,NULL
100,is_right_handed,1,NULL
100,shot_quality,3,NULL
101,field_loc_x,0.500583,NULL
101,field_loc_y,0.366562,NULL
101,goal_loc_x,0.133428,NULL
101,goal_loc_y,0.346563,NULL
101,def_scheme,NULL,man
101,is_transition,1,NULL
101,is_off_dodge,1,NULL
101,is_right_handed,1,NULL
101,shot_quality,2,NULL
102,field_loc_x,0.588648,NULL
102,field_loc_y,0.606562,NULL
102,goal_loc_x,0.138316,NULL
102,goal_loc_y,0.196562,NULL
102,def_scheme,NULL,man
102,is_transition,1,NULL
102,is_off_dodge,1,NULL
102,is_right_handed,1,NULL
102,shot_quality,2,NULL
103,field_loc_x,0.394298,NULL
103,field_loc_y,0.526563,NULL
103,goal_loc_x,0.96439,NULL
103,goal_loc_y,0.266562,NULL
103,def_scheme,NULL,man
103,is_transition,0,NULL
103,is_off_dodge,1,NULL
103,is_right_handed,0,NULL
103,shot_quality,3,NULL
104,field_loc_x,0.430739,NULL
104,field_loc_y,0.646563,NULL
104,goal_loc_x,0.651557,NULL
104,goal_loc_y,0.721563,NULL
105,field_loc_x,0.500583,NULL
105,field_loc_y,0.441563,NULL
105,goal_loc_x,0.602677,NULL
105,goal_loc_y,0.401563,NULL
105,def_scheme,NULL,man
105,is_transition,1,NULL
105,is_off_dodge,1,NULL
105,is_right_handed,1,NULL
105,shot_quality,2,NULL
105,clean_save,0,NULL
106,field_loc_x,0.400372,NULL
106,field_loc_y,0.456562,NULL
106,goal_loc_x,0.89107,NULL
106,goal_loc_y,0.631562,NULL
106,def_scheme,NULL,man
106,is_transition,0,NULL
106,is_off_dodge,1,NULL
106,is_right_handed,1,NULL
106,shot_quality,2,NULL
107,field_loc_x,0.612942,NULL
107,field_loc_y,0.616562,NULL
107,goal_loc_x,0.715101,NULL
107,goal_loc_y,0.706563,NULL
107,def_scheme,NULL,man
107,is_transition,0,NULL
107,is_off_dodge,0,NULL
107,is_right_handed,0,NULL
107,shot_quality,2,NULL
239,field_loc_x,0.450478,NULL
239,field_loc_y,0.676562,NULL
239,goal_loc_x,0.546465,NULL
239,goal_loc_y,0.206563,NULL
239,shot_quality,1,NULL
239,is_right_handed,1,NULL
239,clean_save,0,NULL
239,is_off_dodge,0,NULL
239,is_transition,0,NULL
239,def_scheme,NULL,man
240,field_loc_x,0.553726,NULL
240,field_loc_y,0.406563,NULL
240,goal_loc_x,0.883738,NULL
240,goal_loc_y,0.321562,NULL
240,def_scheme,NULL,man
240,is_transition,0,NULL
240,is_off_dodge,1,NULL
240,is_right_handed,1,NULL
240,shot_quality,3,NULL
241,field_loc_x,0.672158,NULL
241,field_loc_y,0.571563,NULL
241,goal_loc_x,0.487809,NULL
241,goal_loc_y,0.186562,NULL
241,is_transition,0,NULL
241,is_off_dodge,0,NULL
241,is_right_handed,0,NULL
241,shot_quality,3,NULL
241,clean_save,0,NULL
241,def_scheme,NULL,zone
242,field_loc_x,0.693415,NULL
242,field_loc_y,0.611562,NULL
242,goal_loc_x,0.492697,NULL
242,goal_loc_y,0.171562,NULL
242,def_scheme,NULL,zone
242,is_transition,0,NULL
242,is_off_dodge,0,NULL
242,is_right_handed,0,NULL
242,shot_quality,3,NULL
242,clean_save,0,NULL
243,field_loc_x,0.362413,NULL
243,field_loc_y,0.326562,NULL
243,goal_loc_x,0.0869914,NULL
243,goal_loc_y,0.436563,NULL
243,def_scheme,NULL,zone
243,is_transition,0,NULL
243,is_off_dodge,0,NULL
243,is_right_handed,1,NULL
243,shot_quality,3,NULL
244,def_scheme,NULL,zone
244,is_transition,0,NULL
244,is_off_dodge,0,NULL
244,is_right_handed,0,NULL
244,shot_quality,3,NULL
244,clean_save,1,NULL
244,field_loc_x,0.602313,NULL
244,field_loc_y,0.321562,NULL
244,goal_loc_x,0.644225,NULL
244,goal_loc_y,0.616562,NULL
245,field_loc_x,0.362413,NULL
245,field_loc_y,0.436563,NULL
245,goal_loc_x,0.297176,NULL
245,goal_loc_y,0.311563,NULL
245,def_scheme,NULL,zone
245,is_transition,0,NULL
245,is_off_dodge,0,NULL
245,is_right_handed,1,NULL
245,shot_quality,2,NULL
246,field_loc_x,0.213614,NULL
246,field_loc_y,0.521563,NULL
246,goal_loc_x,0.922842,NULL
246,goal_loc_y,0.636563,NULL
246,def_scheme,NULL,zone
246,is_transition,0,NULL
246,is_off_dodge,1,NULL
246,is_right_handed,1,NULL
246,shot_quality,3,NULL
247,field_loc_x,0.693415,NULL
247,field_loc_y,0.411563,NULL
247,goal_loc_x,0.458481,NULL
247,goal_loc_y,0.921562,NULL
247,def_scheme,NULL,zone
247,is_transition,0,NULL
247,is_off_dodge,0,NULL
247,is_right_handed,0,NULL
247,shot_quality,2,NULL
248,field_loc_x,0.432257,NULL
248,field_loc_y,0.741562,NULL
248,goal_loc_x,0.717545,NULL
248,goal_loc_y,0.506562,NULL
248,def_scheme,NULL,man
248,is_transition,0,NULL
248,is_off_dodge,0,NULL
248,is_right_handed,1,NULL
248,shot_quality,1,NULL
249,goal_loc_x,0.130984,NULL
249,goal_loc_y,0.916562,NULL
249,field_loc_x,0.663047,NULL
249,field_loc_y,0.621562,NULL
249,def_scheme,NULL,zone
249,shot_quality,2,NULL
249,is_right_handed,0,NULL
249,is_off_dodge,0,NULL
249,is_transition,0,NULL
250,field_loc_x,0.398853,NULL
250,field_loc_y,0.711563,NULL
250,goal_loc_x,0.199416,NULL
250,goal_loc_y,0.446562,NULL
250,def_scheme,NULL,man
250,is_transition,0,NULL
250,is_off_dodge,1,NULL
250,is_right_handed,1,NULL
250,shot_quality,3,NULL
250,clean_save,0,NULL
251,goal_loc_x,0.859298,NULL
251,goal_loc_y,0.236563,NULL
251,field_loc_x,0.669121,NULL
251,field_loc_y,0.601562,NULL
251,def_scheme,NULL,zone
251,is_transition,0,NULL
251,is_off_dodge,0,NULL
251,is_right_handed,0,NULL
251,shot_quality,2,NULL
252,field_loc_x,0.365449,NULL
252,field_loc_y,0.646563,NULL
252,def_scheme,NULL,zone
252,is_transition,0,NULL
252,is_off_dodge,0,NULL
252,is_right_handed,1,NULL
252,shot_quality,1,NULL
252,clean_save,0,NULL
252,goal_loc_x,0.429152,NULL
252,goal_loc_y,0.181562,NULL
253,field_loc_x,0.562836,NULL
253,field_loc_y,0.731562,NULL
253,goal_loc_x,0.683329,NULL
253,goal_loc_y,0.396562,NULL
253,def_scheme,NULL,zone
253,is_transition,0,NULL
253,is_off_dodge,0,NULL
253,is_right_handed,0,NULL
253,shot_quality,1,NULL
254,field_loc_x,0.562836,NULL
254,field_loc_y,0.716563,NULL
254,goal_loc_x,0.585569,NULL
254,goal_loc_y,0.201562,NULL
254,def_scheme,NULL,zone
254,is_transition,0,NULL
254,is_off_dodge,0,NULL
254,is_right_handed,0,NULL
254,shot_quality,1,NULL
254,clean_save,0,NULL
256,field_loc_x,0.411,NULL
256,field_loc_y,0.661563,NULL
256,goal_loc_x,0.468257,NULL
256,goal_loc_y,0.646563,NULL
256,def_scheme,NULL,zone
256,is_transition,0,NULL
256,is_off_dodge,0,NULL
256,is_right_handed,1,NULL
256,shot_quality,1,NULL
256,clean_save,0,NULL
257,field_loc_x,0.350266,NULL
257,field_loc_y,0.471563,NULL
257,goal_loc_x,0.404712,NULL
257,goal_loc_y,0.306563,NULL
257,def_scheme,NULL,zone
257,is_transition,0,NULL
257,is_off_dodge,0,NULL
257,is_right_handed,1,NULL
257,shot_quality,2,NULL
257,clean_save,0,NULL
258,field_loc_x,0.581056,NULL
258,field_loc_y,0.731562,NULL
258,goal_loc_x,0.0478873,NULL
258,goal_loc_y,0.346563,NULL
258,def_scheme,NULL,man
258,is_transition,0,NULL
258,is_off_dodge,1,NULL
258,is_right_handed,1,NULL
258,shot_quality,3,NULL
259,field_loc_x,0.593203,NULL
259,field_loc_y,0.556562,NULL
259,goal_loc_x,0.688217,NULL
259,goal_loc_y,0.366562,NULL
259,def_scheme,NULL,zone
259,is_transition,0,NULL
259,is_off_dodge,1,NULL
259,is_right_handed,0,NULL
259,shot_quality,2,NULL
261,field_loc_x,0.538542,NULL
261,field_loc_y,0.281563,NULL
261,goal_loc_x,0.702881,NULL
261,goal_loc_y,0.336563,NULL
261,def_scheme,NULL,zone
261,is_transition,0,NULL
261,is_off_dodge,0,NULL
261,is_right_handed,1,NULL
261,shot_quality,3,NULL
262,field_loc_x,0.553726,NULL
262,field_loc_y,0.326562,NULL
262,goal_loc_x,0.702881,NULL
262,goal_loc_y,0.186562,NULL
262,def_scheme,NULL,zone
262,is_transition,0,NULL
262,is_off_dodge,0,NULL
262,is_right_handed,1,NULL
262,shot_quality,3,NULL
263,field_loc_x,0.265238,NULL
263,field_loc_y,0.436563,NULL
263,goal_loc_x,0.85441,NULL
263,goal_loc_y,0.196562,NULL
263,def_scheme,NULL,zone
263,is_transition,0,NULL
263,is_off_dodge,0,NULL
263,is_right_handed,1,NULL
263,shot_quality,3,NULL
264,field_loc_x,0.268275,NULL
264,field_loc_y,0.516563,NULL
264,goal_loc_x,0.92773,NULL
264,goal_loc_y,0.816562,NULL
264,def_scheme,NULL,zone
264,is_transition,0,NULL
264,is_off_dodge,0,NULL
264,is_right_handed,1,NULL
264,shot_quality,3,NULL
265,field_loc_x,0.353303,NULL
265,field_loc_y,0.611562,NULL
265,goal_loc_x,0.36072,NULL
265,goal_loc_y,0.306563,NULL
265,def_scheme,NULL,zone
265,is_off_dodge,0,NULL
265,is_transition,0,NULL
265,is_right_handed,1,NULL
265,shot_quality,2,NULL
265,clean_save,0,NULL
266,field_loc_x,0.690378,NULL
266,field_loc_y,0.516563,NULL
266,goal_loc_x,0.556241,NULL
266,goal_loc_y,0.166562,NULL
266,def_scheme,NULL,man
266,is_transition,0,NULL
266,is_off_dodge,0,NULL
266,is_right_handed,0,NULL
266,shot_quality,2,NULL
266,clean_save,0,NULL
267,field_loc_x,0.593203,NULL
267,field_loc_y,0.711563,NULL
267,goal_loc_x,0.756649,NULL
267,goal_loc_y,0.501562,NULL
267,def_scheme,NULL,man
267,is_transition,0,NULL
267,is_off_dodge,1,NULL
267,is_right_handed,0,NULL
267,shot_quality,1,NULL
267,clean_save,0,NULL
268,field_loc_x,0.441367,NULL
268,field_loc_y,0.701563,NULL
268,goal_loc_x,0.33628,NULL
268,goal_loc_y,0.586563,NULL
268,def_scheme,NULL,man
268,is_transition,0,NULL
268,is_off_dodge,1,NULL
268,is_right_handed,1,NULL
268,shot_quality,1,NULL
268,clean_save,1,NULL
269,field_loc_x,0.371523,NULL
269,field_loc_y,0.531563,NULL
269,goal_loc_x,0.31184,NULL
269,goal_loc_y,0.441563,NULL
269,def_scheme,NULL,man
269,is_transition,0,NULL
269,is_off_dodge,1,NULL
269,is_right_handed,0,NULL
269,shot_quality,2,NULL
269,clean_save,0,NULL
270,field_loc_x,0.341156,NULL
270,field_loc_y,0.606562,NULL
270,goal_loc_x,0.453593,NULL
270,goal_loc_y,0.156563,NULL
270,def_scheme,NULL,man
270,is_transition,0,NULL
270,is_off_dodge,1,NULL
270,is_right_handed,1,NULL
270,shot_quality,2,NULL
270,clean_save,0,NULL
271,field_loc_x,0.42922,NULL
271,field_loc_y,0.516563,NULL
271,goal_loc_x,0.487809,NULL
271,goal_loc_y,0.151562,NULL
271,def_scheme,NULL,man
271,is_transition,0,NULL
271,is_off_dodge,0,NULL
271,is_right_handed,0,NULL
271,shot_quality,2,NULL
271,clean_save,0,NULL
272,field_loc_x,0.571946,NULL
272,field_loc_y,0.396562,NULL
272,goal_loc_x,0.727321,NULL
272,goal_loc_y,0.406563,NULL
272,def_scheme,NULL,man
272,is_transition,0,NULL
272,is_off_dodge,1,NULL
272,is_right_handed,0,NULL
272,shot_quality,2,NULL
272,clean_save,0,NULL
273,field_loc_x,0.42922,NULL
273,field_loc_y,0.681562,NULL
273,goal_loc_x,0.194528,NULL
273,goal_loc_y,0.501562,NULL
273,def_scheme,NULL,man
273,is_transition,0,NULL
273,is_off_dodge,0,NULL
273,is_right_handed,1,NULL
273,shot_quality,1,NULL
274,field_loc_x,0.471734,NULL
274,field_loc_y,0.406563,NULL
274,goal_loc_x,0.751761,NULL
274,goal_loc_y,0.161563,NULL
274,def_scheme,NULL,man
274,is_transition,0,NULL
274,is_off_dodge,0,NULL
274,is_right_handed,1,NULL
274,shot_quality,2,NULL
274,clean_save,0,NULL
275,field_loc_x,0.599276,NULL
275,field_loc_y,0.736562,NULL
275,goal_loc_x,0.0332232,NULL
275,goal_loc_y,0.526563,NULL
275,def_scheme,NULL,man
275,is_transition,0,NULL
275,is_off_dodge,1,NULL
275,is_right_handed,0,NULL
275,shot_quality,3,NULL
276,field_loc_x,0.307752,NULL
276,field_loc_y,0.526563,NULL
276,goal_loc_x,0.917954,NULL
276,goal_loc_y,0.716563,NULL
276,def_scheme,NULL,man
276,is_transition,1,NULL
276,is_off_dodge,0,NULL
276,is_right_handed,1,NULL
276,shot_quality,2,NULL
277,field_loc_x,0.42011,NULL
277,field_loc_y,0.711563,NULL
277,goal_loc_x,0.101655,NULL
277,goal_loc_y,0.351562,NULL
277,def_scheme,NULL,man
277,is_transition,0,NULL
277,is_right_handed,1,NULL
277,shot_quality,3,NULL
278,goal_loc_x,0.712657,NULL
278,goal_loc_y,0.271562,NULL
278,field_loc_x,0.450477,NULL
278,field_loc_y,0.621562,NULL
278,def_scheme,NULL,man
278,is_transition,0,NULL
278,is_off_dodge,0,NULL
278,is_right_handed,1,NULL
278,shot_quality,1,NULL
279,field_loc_x,0.444404,NULL
279,field_loc_y,0.441563,NULL
279,goal_loc_x,0.590457,NULL
279,goal_loc_y,0.546562,NULL
279,def_scheme,NULL,man
279,is_transition,1,NULL
279,is_off_dodge,1,NULL
279,is_right_handed,1,NULL
279,shot_quality,2,NULL
279,clean_save,1,NULL
280,field_loc_x,0.453514,NULL
280,field_loc_y,0.406563,NULL
280,goal_loc_x,0.658889,NULL
280,goal_loc_y,0.556562,NULL
280,def_scheme,NULL,man
280,is_transition,1,NULL
280,is_off_dodge,1,NULL
280,is_right_handed,0,NULL
280,shot_quality,2,NULL
280,clean_save,1,NULL
281,field_loc_x,0.553726,NULL
281,field_loc_y,0.726562,NULL
281,def_scheme,NULL,zone
281,is_transition,1,NULL
281,is_off_dodge,0,NULL
281,is_right_handed,0,NULL
281,shot_quality,1,NULL
282,field_loc_x,0.638754,NULL
282,field_loc_y,0.371563,NULL
282,goal_loc_x,0.380272,NULL
282,goal_loc_y,0.866562,NULL
282,def_scheme,NULL,zone
282,is_transition,1,NULL
282,is_off_dodge,0,NULL
282,is_right_handed,0,NULL
282,shot_quality,3,NULL
283,field_loc_x,0.675194,NULL
283,field_loc_y,0.391562,NULL
283,goal_loc_x,0.595345,NULL
283,goal_loc_y,0.606562,NULL
283,is_transition,1,NULL
283,def_scheme,NULL,man
283,is_off_dodge,0,NULL
283,is_right_handed,0,NULL
283,shot_quality,3,NULL
283,clean_save,1,NULL
284,field_loc_x,0.435294,NULL
284,field_loc_y,0.436563,NULL
284,goal_loc_x,0.649113,NULL
284,goal_loc_y,0.501562,NULL
284,is_transition,0,NULL
284,is_off_dodge,0,NULL
284,is_right_handed,0,NULL
284,shot_quality,2,NULL
284,def_scheme,NULL,man
285,field_loc_x,0.681268,NULL
285,field_loc_y,0.536563,NULL
285,goal_loc_x,0.678441,NULL
285,goal_loc_y,0.636563,NULL
285,def_scheme,NULL,man
285,is_transition,0,NULL
285,is_off_dodge,1,NULL
285,is_right_handed,1,NULL
285,shot_quality,3,NULL
285,clean_save,0,NULL
286,field_loc_x,0.292568,NULL
286,field_loc_y,0.436563,NULL
286,goal_loc_x,0.961946,NULL
286,goal_loc_y,0.741562,NULL
286,def_scheme,NULL,man
286,is_transition,0,NULL
286,is_off_dodge,1,NULL
286,is_right_handed,0,NULL
286,shot_quality,3,NULL
287,field_loc_x,0.663047,NULL
287,field_loc_y,0.541562,NULL
287,goal_loc_x,0.522025,NULL
287,goal_loc_y,0.171562,NULL
287,def_scheme,NULL,man
287,is_transition,0,NULL
287,is_off_dodge,0,NULL
287,is_right_handed,0,NULL
287,shot_quality,2,NULL
289,field_loc_x,0.432257,NULL
289,field_loc_y,0.426562,NULL
289,goal_loc_x,0.624673,NULL
289,goal_loc_y,0.546562,NULL
289,def_scheme,NULL,man
289,is_off_dodge,1,NULL
289,is_transition,0,NULL
289,is_right_handed,1,NULL
289,shot_quality,2,NULL
289,clean_save,1,NULL
290,field_loc_x,0.499065,NULL
290,field_loc_y,0.526563,NULL
290,goal_loc_x,0.732209,NULL
290,goal_loc_y,0.206563,NULL
290,def_scheme,NULL,man
290,is_transition,0,NULL
290,is_off_dodge,1,NULL
290,is_right_handed,0,NULL
290,shot_quality,1,NULL
290,clean_save,1,NULL
291,field_loc_x,0.42922,NULL
291,field_loc_y,0.401563,NULL
291,goal_loc_x,0.80553,NULL
291,goal_loc_y,0.291562,NULL
291,def_scheme,NULL,man
291,is_transition,0,NULL
291,is_off_dodge,0,NULL
291,is_right_handed,1,NULL
291,shot_quality,2,NULL
292,field_loc_x,0.666084,NULL
292,field_loc_y,0.321562,NULL
292,goal_loc_x,0.394936,NULL
292,goal_loc_y,0.166562,NULL
292,def_scheme,NULL,man
292,is_transition,0,NULL
292,is_off_dodge,0,NULL
292,is_right_handed,1,NULL
292,shot_quality,3,NULL
292,clean_save,0,NULL
293,field_loc_x,0.681268,NULL
293,field_loc_y,0.446562,NULL
293,goal_loc_x,0.0381112,NULL
293,goal_loc_y,0.191563,NULL
293,def_scheme,NULL,man
293,is_transition,0,NULL
293,is_off_dodge,0,NULL
293,is_right_handed,1,NULL
293,shot_quality,2,NULL
294,field_loc_x,0.426184,NULL
294,field_loc_y,0.766563,NULL
294,goal_loc_x,0.937506,NULL
294,goal_loc_y,0.176563,NULL
294,def_scheme,NULL,man
294,is_transition,0,NULL
294,is_off_dodge,1,NULL
294,is_right_handed,1,NULL
294,shot_quality,1,NULL
295,field_loc_x,0.496028,NULL
295,field_loc_y,0.466563,NULL
295,goal_loc_x,0.492697,NULL
295,goal_loc_y,0.181562,NULL
295,def_scheme,NULL,man
295,is_off_dodge,0,NULL
295,is_transition,0,NULL
295,is_right_handed,1,NULL
295,shot_quality,2,NULL
295,clean_save,1,NULL
296,field_loc_x,0.61446,NULL
296,field_loc_y,0.611562,NULL
296,goal_loc_x,0.0674393,NULL
296,goal_loc_y,0.396562,NULL
296,def_scheme,NULL,man
296,is_transition,0,NULL
296,is_off_dodge,1,NULL
296,is_right_handed,0,NULL
296,shot_quality,2,NULL
297,field_loc_x,0.441367,NULL
297,field_loc_y,0.506562,NULL
297,goal_loc_x,0.913066,NULL
297,goal_loc_y,0.886563,NULL
297,def_scheme,NULL,man
297,is_transition,0,NULL
297,is_off_dodge,0,NULL
297,is_right_handed,0,NULL
297,shot_quality,2,NULL
298,field_loc_x,0.486918,NULL
298,field_loc_y,0.636563,NULL
298,goal_loc_x,0.331392,NULL
298,goal_loc_y,0.321562,NULL
298,def_scheme,NULL,man
298,is_transition,0,NULL
298,is_off_dodge,0,NULL
298,is_right_handed,1,NULL
298,shot_quality,1,NULL
299,field_loc_x,0.42011,NULL
299,field_loc_y,0.726562,NULL
299,goal_loc_x,0.888626,NULL
299,goal_loc_y,0.176563,NULL
299,def_scheme,NULL,man
299,is_transition,0,NULL
299,is_off_dodge,1,NULL
299,is_right_handed,1,NULL
299,shot_quality,1,NULL
300,field_loc_x,0.435294,NULL
300,field_loc_y,0.536563,NULL
300,goal_loc_x,0.429152,NULL
300,goal_loc_y,0.471563,NULL
300,def_scheme,NULL,man
300,is_transition,0,NULL
300,is_off_dodge,0,NULL
300,is_right_handed,0,NULL
300,shot_quality,2,NULL
300,clean_save,1,NULL
301,field_loc_x,0.42011,NULL
301,field_loc_y,0.621562,NULL
301,goal_loc_x,0.443816,NULL
301,goal_loc_y,0.211562,NULL
301,def_scheme,NULL,man
301,is_transition,0,NULL
301,is_off_dodge,1,NULL
301,is_right_handed,1,NULL
301,shot_quality,3,NULL
301,clean_save,0,NULL
302,field_loc_x,0.58713,NULL
302,field_loc_y,0.646563,NULL
302,goal_loc_x,0.522025,NULL
302,goal_loc_y,0.751562,NULL
302,def_scheme,NULL,man
302,is_transition,0,NULL
302,is_off_dodge,1,NULL
302,is_right_handed,0,NULL
302,shot_quality,2,NULL
303,field_loc_x,0.414037,NULL
303,field_loc_y,0.661563,NULL
303,goal_loc_x,0.429152,NULL
303,goal_loc_y,0.171562,NULL
303,def_scheme,NULL,man
303,is_transition,0,NULL
303,is_off_dodge,1,NULL
303,is_right_handed,1,NULL
303,shot_quality,1,NULL
303,clean_save,0,NULL
304,field_loc_x,0.562836,NULL
304,field_loc_y,0.501562,NULL
304,goal_loc_x,0.634449,NULL
304,goal_loc_y,0.156563,NULL
304,def_scheme,NULL,man
304,is_transition,0,NULL
304,is_off_dodge,0,NULL
304,is_right_handed,1,NULL
304,shot_quality,2,NULL
305,field_loc_x,0.58713,NULL
305,field_loc_y,0.556562,NULL
305,goal_loc_x,0.776201,NULL
305,goal_loc_y,0.916562,NULL
305,def_scheme,NULL,man
305,is_transition,0,NULL
305,is_off_dodge,0,NULL
305,is_right_handed,0,NULL
305,shot_quality,2,NULL
306,field_loc_x,0.574983,NULL
306,field_loc_y,0.641563,NULL
306,goal_loc_x,0.326504,NULL
306,goal_loc_y,0.436563,NULL
306,def_scheme,NULL,man
306,is_transition,0,NULL
306,is_off_dodge,1,NULL
306,is_right_handed,0,NULL
306,shot_quality,1,NULL
307,field_loc_x,0.578019,NULL
307,field_loc_y,0.551562,NULL
307,goal_loc_x,0.707769,NULL
307,goal_loc_y,0.156563,NULL
307,def_scheme,NULL,man
307,is_transition,0,NULL
307,is_off_dodge,1,NULL
307,is_right_handed,1,NULL
307,shot_quality,2,NULL
308,field_loc_x,0.511212,NULL
308,field_loc_y,0.586563,NULL
308,goal_loc_x,0.727321,NULL
308,goal_loc_y,0.431563,NULL
308,def_scheme,NULL,man
308,is_transition,0,NULL
308,is_off_dodge,1,NULL
308,is_right_handed,1,NULL
308,shot_quality,1,NULL
309,field_loc_x,0.578019,NULL
309,field_loc_y,0.611562,NULL
309,goal_loc_x,0.473145,NULL
309,goal_loc_y,0.631562,NULL
309,def_scheme,NULL,man
309,is_transition,0,NULL
309,is_off_dodge,0,NULL
309,is_right_handed,0,NULL
309,shot_quality,1,NULL
309,clean_save,0,NULL
310,field_loc_x,0.432257,NULL
310,field_loc_y,0.691562,NULL
310,goal_loc_x,0.370496,NULL
310,goal_loc_y,0.496563,NULL
310,def_scheme,NULL,man
310,is_transition,0,NULL
310,is_off_dodge,1,NULL
310,is_right_handed,1,NULL
310,shot_quality,1,NULL
311,field_loc_x,0.638754,NULL
311,field_loc_y,0.611562,NULL
311,goal_loc_x,0.526913,NULL
311,goal_loc_y,0.151562,NULL
311,def_scheme,NULL,man
311,is_transition,0,NULL
311,is_off_dodge,0,NULL
311,is_right_handed,0,NULL
311,shot_quality,2,NULL
312,field_loc_x,0.486918,NULL
312,field_loc_y,0.346563,NULL
312,goal_loc_x,0.36072,NULL
312,goal_loc_y,0.551562,NULL
312,def_scheme,NULL,man
312,is_transition,0,NULL
312,is_off_dodge,1,NULL
312,is_right_handed,1,NULL
312,shot_quality,2,NULL
312,clean_save,1,NULL
313,field_loc_x,0.608387,NULL
313,field_loc_y,0.601562,NULL
313,goal_loc_x,0.0625513,NULL
313,goal_loc_y,0.171562,NULL
313,def_scheme,NULL,man
313,is_transition,0,NULL
313,is_off_dodge,0,NULL
313,is_right_handed,0,NULL
313,shot_quality,2,NULL
314,field_loc_x,0.471734,NULL
314,field_loc_y,0.661563,NULL
314,goal_loc_x,0.80553,NULL
314,goal_loc_y,0.416562,NULL
314,def_scheme,NULL,man
314,is_transition,0,NULL
314,is_off_dodge,0,NULL
314,is_right_handed,0,NULL
314,shot_quality,1,NULL
315,field_loc_x,0.538542,NULL
315,field_loc_y,0.396562,NULL
315,goal_loc_x,0.365608,NULL
315,goal_loc_y,0.146563,NULL
315,def_scheme,NULL,man
315,is_transition,0,NULL
315,is_off_dodge,1,NULL
315,is_right_handed,1,NULL
315,shot_quality,2,NULL
315,clean_save,0,NULL
316,field_loc_x,0.432257,NULL
316,field_loc_y,0.711563,NULL
316,goal_loc_x,0.438928,NULL
316,goal_loc_y,0.136562,NULL
316,def_scheme,NULL,man
316,is_transition,0,NULL
316,is_off_dodge,1,NULL
316,is_right_handed,1,NULL
316,shot_quality,1,NULL
316,clean_save,0,NULL
317,field_loc_x,0.59624,NULL
317,field_loc_y,0.486562,NULL
317,goal_loc_x,0.424264,NULL
317,goal_loc_y,0.581563,NULL
317,def_scheme,NULL,man
317,is_transition,0,NULL
317,is_off_dodge,1,NULL
317,is_right_handed,1,NULL
317,shot_quality,2,NULL
317,clean_save,0,NULL
318,field_loc_x,0.40189,NULL
318,field_loc_y,0.756562,NULL
318,goal_loc_x,0.2874,NULL
318,goal_loc_y,0.141563,NULL
318,def_scheme,NULL,man
318,is_transition,0,NULL
318,is_off_dodge,1,NULL
318,is_right_handed,1,NULL
318,shot_quality,2,NULL
318,clean_save,0,NULL
319,field_loc_x,0.468698,NULL
319,field_loc_y,0.676562,NULL
319,goal_loc_x,0.482921,NULL
319,goal_loc_y,0.151562,NULL
319,def_scheme,NULL,man
319,is_transition,0,NULL
319,is_off_dodge,0,NULL
319,is_right_handed,1,NULL
319,shot_quality,1,NULL
320,field_loc_x,0.590166,NULL
320,field_loc_y,0.701563,NULL
320,goal_loc_x,0.0918794,NULL
320,goal_loc_y,0.146563,NULL
320,def_scheme,NULL,man
320,is_transition,0,NULL
320,is_off_dodge,1,NULL
320,is_right_handed,1,NULL
320,shot_quality,3,NULL
321,field_loc_x,0.568909,NULL
321,field_loc_y,0.606562,NULL
321,goal_loc_x,0.561129,NULL
321,goal_loc_y,0.171562,NULL
321,def_scheme,NULL,man
321,is_transition,0,NULL
321,is_off_dodge,1,NULL
321,is_right_handed,0,NULL
321,shot_quality,1,NULL
321,clean_save,0,NULL
322,field_loc_x,0.574983,NULL
322,field_loc_y,0.716563,NULL
322,def_scheme,NULL,man
322,is_transition,0,NULL
322,is_right_handed,0,NULL
322,shot_quality,1,NULL
323,field_loc_x,0.526395,NULL
323,field_loc_y,0.611562,NULL
323,goal_loc_x,0.404712,NULL
323,goal_loc_y,0.751562,NULL
323,def_scheme,NULL,man
323,is_transition,0,NULL
323,is_off_dodge,1,NULL
323,is_right_handed,0,NULL
323,shot_quality,3,NULL
324,field_loc_x,0.407963,NULL
324,field_loc_y,0.696563,NULL
324,goal_loc_x,0.893514,NULL
324,goal_loc_y,0.856562,NULL
324,def_scheme,NULL,man
324,is_transition,0,NULL
324,is_off_dodge,1,NULL
324,is_right_handed,1,NULL
324,shot_quality,1,NULL
325,field_loc_x,0.304715,NULL
325,field_loc_y,0.496563,NULL
325,goal_loc_x,0.111431,NULL
325,goal_loc_y,0.256563,NULL
325,def_scheme,NULL,zone
325,is_transition,0,NULL
325,is_off_dodge,0,NULL
325,is_right_handed,1,NULL
325,shot_quality,2,NULL
326,field_loc_x,0.590166,NULL
326,field_loc_y,0.271562,NULL
326,goal_loc_x,0.394936,NULL
326,goal_loc_y,0.131563,NULL
326,def_scheme,NULL,zone
326,is_transition,0,NULL
326,is_off_dodge,0,NULL
326,is_right_handed,1,NULL
326,shot_quality,3,NULL
326,clean_save,0,NULL
327,field_loc_x,0.411,NULL
327,field_loc_y,0.711563,NULL
327,goal_loc_x,0.95217,NULL
327,goal_loc_y,0.121563,NULL
327,def_scheme,NULL,zone
327,is_transition,0,NULL
327,is_off_dodge,0,NULL
327,is_right_handed,1,NULL
327,shot_quality,1,NULL
328,field_loc_x,0.353303,NULL
328,field_loc_y,0.696563,NULL
328,goal_loc_x,0.961946,NULL
328,goal_loc_y,0.181562,NULL
328,def_scheme,NULL,zone
328,is_transition,0,NULL
328,is_off_dodge,0,NULL
328,is_right_handed,1,NULL
328,shot_quality,2,NULL
329,field_loc_x,0.593203,NULL
329,field_loc_y,0.626562,NULL
329,goal_loc_x,0.85441,NULL
329,goal_loc_y,0.611562,NULL
329,def_scheme,NULL,zone
329,is_transition,0,NULL
329,is_off_dodge,0,NULL
329,is_right_handed,0,NULL
329,shot_quality,1,NULL
330,field_loc_x,0.40189,NULL
330,field_loc_y,0.706563,NULL
330,goal_loc_x,0.619785,NULL
330,goal_loc_y,0.716563,NULL
330,def_scheme,NULL,zone
330,is_transition,0,NULL
330,is_off_dodge,0,NULL
330,is_right_handed,1,NULL
330,shot_quality,1,NULL
331,field_loc_x,0.526395,NULL
331,field_loc_y,0.666562,NULL
331,goal_loc_x,0.546465,NULL
331,goal_loc_y,0.156563,NULL
331,def_scheme,NULL,zone
331,is_transition,0,NULL
331,is_off_dodge,0,NULL
331,is_right_handed,0,NULL
331,shot_quality,1,NULL
331,clean_save,0,NULL
332,field_loc_x,0.459588,NULL
332,field_loc_y,0.641563,NULL
332,goal_loc_x,0.145648,NULL
332,goal_loc_y,0.536563,NULL
332,def_scheme,NULL,zone
332,is_transition,0,NULL
332,is_off_dodge,0,NULL
332,is_right_handed,1,NULL
332,shot_quality,3,NULL
333,field_loc_x,0.620533,NULL
333,field_loc_y,0.656563,NULL
333,goal_loc_x,0.800642,NULL
333,goal_loc_y,0.466563,NULL
333,def_scheme,NULL,zone
333,is_transition,0,NULL
333,is_off_dodge,0,NULL
333,is_right_handed,0,NULL
333,shot_quality,2,NULL
334,field_loc_x,0.544616,NULL
334,field_loc_y,0.296562,NULL
334,goal_loc_x,0.267848,NULL
334,goal_loc_y,0.681562,NULL
334,def_scheme,NULL,zone
334,is_transition,0,NULL
334,is_off_dodge,0,NULL
334,is_right_handed,0,NULL
334,shot_quality,2,NULL
335,field_loc_x,0.520322,NULL
335,field_loc_y,0.396562,NULL
335,goal_loc_x,0.844634,NULL
335,goal_loc_y,0.686562,NULL
335,def_scheme,NULL,zone
335,is_transition,1,NULL
335,is_off_dodge,1,NULL
335,is_right_handed,1,NULL
335,shot_quality,3,NULL
336,field_loc_x,0.574983,NULL
336,field_loc_y,0.386562,NULL
336,goal_loc_x,0.0723273,NULL
336,goal_loc_y,0.871562,NULL
336,def_scheme,NULL,man
336,is_transition,0,NULL
336,is_off_dodge,1,NULL
336,is_right_handed,1,NULL
336,shot_quality,3,NULL
337,field_loc_x,0.559799,NULL
337,field_loc_y,0.356562,NULL
337,goal_loc_x,0.712657,NULL
337,goal_loc_y,0.926562,NULL
337,def_scheme,NULL,man
337,is_transition,1,NULL
337,is_off_dodge,0,NULL
337,is_right_handed,0,NULL
337,shot_quality,2,NULL
338,field_loc_x,0.547652,NULL
338,field_loc_y,0.476562,NULL
338,goal_loc_x,0.326504,NULL
338,goal_loc_y,0.166562,NULL
338,def_scheme,NULL,man
338,is_transition,0,NULL
338,is_off_dodge,0,NULL
338,is_right_handed,1,NULL
338,shot_quality,2,NULL
339,field_loc_x,0.629644,NULL
339,field_loc_y,0.611562,NULL
339,goal_loc_x,0.849522,NULL
339,goal_loc_y,0.321562,NULL
339,def_scheme,NULL,man
339,is_transition,0,NULL
339,is_off_dodge,1,NULL
339,is_right_handed,0,NULL
339,shot_quality,2,NULL
340,field_loc_x,0.505138,NULL
340,field_loc_y,0.446562,NULL
340,goal_loc_x,0.458481,NULL
340,goal_loc_y,0.926562,NULL
340,def_scheme,NULL,man
340,is_transition,1,NULL
340,is_off_dodge,1,NULL
340,is_right_handed,1,NULL
340,shot_quality,3,NULL
341,field_loc_x,0.529432,NULL
341,field_loc_y,0.591563,NULL
341,goal_loc_x,0.815306,NULL
341,goal_loc_y,0.876562,NULL
341,def_scheme,NULL,man
341,is_transition,0,NULL
341,is_off_dodge,0,NULL
341,is_right_handed,1,NULL
341,shot_quality,3,NULL
342,field_loc_x,0.574983,NULL
342,field_loc_y,0.571563,NULL
342,goal_loc_x,0.277624,NULL
342,goal_loc_y,0.621562,NULL
342,def_scheme,NULL,man
342,is_transition,0,NULL
342,is_off_dodge,1,NULL
342,is_right_handed,0,NULL
342,shot_quality,2,NULL
343,field_loc_x,0.571946,NULL
343,field_loc_y,0.631562,NULL
343,goal_loc_x,0.277624,NULL
343,goal_loc_y,0.161563,NULL
343,def_scheme,NULL,man
343,is_transition,0,NULL
343,is_off_dodge,1,NULL
343,is_right_handed,0,NULL
343,shot_quality,1,NULL
344,field_loc_x,0.389743,NULL
344,field_loc_y,0.616562,NULL
344,goal_loc_x,0.644225,NULL
344,goal_loc_y,0.731562,NULL
344,def_scheme,NULL,man
344,is_transition,0,NULL
344,is_off_dodge,0,NULL
344,is_right_handed,1,NULL
344,shot_quality,1,NULL
345,field_loc_x,0.647864,NULL
345,field_loc_y,0.571563,NULL
345,goal_loc_x,0.394936,NULL
345,goal_loc_y,0.156563,NULL
345,def_scheme,NULL,zone
345,is_transition,0,NULL
345,is_off_dodge,0,NULL
345,is_right_handed,0,NULL
345,shot_quality,2,NULL
346,field_loc_x,0.407963,NULL
346,field_loc_y,0.641563,NULL
346,goal_loc_x,0.341168,NULL
346,goal_loc_y,0.156563,NULL
346,def_scheme,NULL,zone
346,is_transition,0,NULL
346,is_off_dodge,0,NULL
346,is_right_handed,1,NULL
346,shot_quality,1,NULL
347,field_loc_x,0.411,NULL
347,field_loc_y,0.411563,NULL
347,goal_loc_x,0.693105,NULL
347,goal_loc_y,0.181562,NULL
347,def_scheme,NULL,zone
347,is_transition,0,NULL
347,is_off_dodge,0,NULL
347,is_right_handed,1,NULL
347,shot_quality,2,NULL
348,field_loc_x,0.593203,NULL
348,field_loc_y,0.666562,NULL
348,goal_loc_x,0.0527753,NULL
348,goal_loc_y,0.201562,NULL
348,def_scheme,NULL,zone
348,is_transition,0,NULL
348,is_off_dodge,0,NULL
348,is_right_handed,0,NULL
348,shot_quality,1,NULL
349,field_loc_x,0.502102,NULL
349,field_loc_y,0.576563,NULL
349,goal_loc_x,0.932618,NULL
349,goal_loc_y,0.301562,NULL
349,def_scheme,NULL,zone
349,is_transition,0,NULL
349,is_off_dodge,0,NULL
349,is_right_handed,1,NULL
349,shot_quality,2,NULL
350,field_loc_x,0.590166,NULL
350,field_loc_y,0.416562,NULL
350,goal_loc_x,0.737097,NULL
350,goal_loc_y,0.166562,NULL
350,def_scheme,NULL,zone
350,is_transition,0,NULL
350,is_off_dodge,0,NULL
350,is_right_handed,1,NULL
350,shot_quality,2,NULL
351,field_loc_x,0.37456,NULL
351,field_loc_y,0.631562,NULL
351,goal_loc_x,0.756649,NULL
351,goal_loc_y,0.656563,NULL
353,field_loc_x,0.459588,NULL
353,field_loc_y,0.606562,NULL
353,goal_loc_x,0.795754,NULL
353,goal_loc_y,0.201562,NULL
353,def_scheme,NULL,zone
353,is_transition,0,NULL
353,is_off_dodge,0,NULL
353,is_right_handed,1,NULL
353,shot_quality,1,NULL
354,field_loc_x,0.64179,NULL
354,field_loc_y,0.651563,NULL
354,goal_loc_x,0.644225,NULL
354,goal_loc_y,0.706563,NULL
354,def_scheme,NULL,zone
354,is_transition,0,NULL
354,is_off_dodge,0,NULL
354,is_right_handed,0,NULL
354,shot_quality,2,NULL
355,field_loc_x,0.329009,NULL
355,field_loc_y,0.536563,NULL
355,goal_loc_x,0.2874,NULL
355,goal_loc_y,0.671562,NULL
355,def_scheme,NULL,zone
355,is_transition,0,NULL
355,is_off_dodge,0,NULL
355,is_right_handed,1,NULL
355,shot_quality,2,NULL
356,field_loc_x,0.644827,NULL
356,field_loc_y,0.546562,NULL
356,goal_loc_x,0.365608,NULL
356,goal_loc_y,0.666562,NULL
356,def_scheme,NULL,zone
356,is_transition,0,NULL
356,is_off_dodge,0,NULL
356,is_right_handed,0,NULL
356,shot_quality,2,NULL
357,field_loc_x,0.435294,NULL
357,field_loc_y,0.686562,NULL
357,goal_loc_x,0.272736,NULL
357,goal_loc_y,0.201562,NULL
357,def_scheme,NULL,zone
357,is_transition,0,NULL
357,is_off_dodge,0,NULL
357,is_right_handed,1,NULL
357,shot_quality,1,NULL
358,field_loc_x,0.456551,NULL
358,field_loc_y,0.391562,NULL
358,goal_loc_x,0.282512,NULL
358,goal_loc_y,0.601562,NULL
358,def_scheme,NULL,zone
358,is_transition,0,NULL
358,is_off_dodge,0,NULL
358,is_right_handed,1,NULL
358,shot_quality,2,NULL
359,field_loc_x,0.499065,NULL
359,field_loc_y,0.651563,NULL
359,goal_loc_x,0.468257,NULL
359,goal_loc_y,0.161563,NULL
359,def_scheme,NULL,man
359,is_transition,0,NULL
359,is_off_dodge,1,NULL
359,is_right_handed,1,NULL
359,shot_quality,2,NULL
360,field_loc_x,0.477808,NULL
360,field_loc_y,0.291562,NULL
360,goal_loc_x,0.121207,NULL
360,goal_loc_y,0.521563,NULL
360,def_scheme,NULL,man
360,is_transition,1,NULL
360,is_off_dodge,0,NULL
360,is_right_handed,1,NULL
360,shot_quality,3,NULL
361,field_loc_x,0.438331,NULL
361,field_loc_y,0.731562,NULL
361,goal_loc_x,0.36072,NULL
361,goal_loc_y,0.161563,NULL
361,def_scheme,NULL,man
361,is_transition,0,NULL
361,is_off_dodge,1,NULL
361,is_right_handed,1,NULL
361,shot_quality,1,NULL
361,clean_save,0,NULL
362,field_loc_x,0.499065,NULL
362,field_loc_y,0.551562,NULL
362,goal_loc_x,0.600233,NULL
362,goal_loc_y,0.636563,NULL
362,def_scheme,NULL,man
362,is_transition,0,NULL
362,is_right_handed,0,NULL
362,shot_quality,1,NULL
363,field_loc_x,0.590166,NULL
363,field_loc_y,0.391562,NULL
363,goal_loc_x,0.683329,NULL
363,goal_loc_y,0.836563,NULL
363,def_scheme,NULL,man
363,is_transition,0,NULL
363,is_off_dodge,0,NULL
363,is_right_handed,0,NULL
363,shot_quality,2,NULL
364,field_loc_x,0.411,NULL
364,field_loc_y,0.636563,NULL
364,goal_loc_x,0.566017,NULL
364,goal_loc_y,0.136562,NULL
364,def_scheme,NULL,man
364,is_transition,0,NULL
364,is_off_dodge,1,NULL
364,is_right_handed,1,NULL
364,shot_quality,1,NULL
364,clean_save,0,NULL
365,field_loc_x,0.499065,NULL
365,field_loc_y,0.421562,NULL
365,goal_loc_x,0.536689,NULL
365,goal_loc_y,0.506562,NULL
365,def_scheme,NULL,man
365,is_transition,0,NULL
365,is_off_dodge,1,NULL
365,is_right_handed,1,NULL
365,shot_quality,3,NULL
365,clean_save,1,NULL
366,field_loc_x,0.411,NULL
366,field_loc_y,0.761563,NULL
366,goal_loc_x,0.473145,NULL
366,goal_loc_y,0.676562,NULL
366,def_scheme,NULL,man
366,is_transition,0,NULL
366,is_off_dodge,1,NULL
366,is_right_handed,1,NULL
366,shot_quality,2,NULL
366,clean_save,0,NULL
367,field_loc_x,0.453491,NULL
367,field_loc_y,0.569062,NULL
367,goal_loc_x,0.741909,NULL
367,goal_loc_y,0.149062,NULL
367,def_scheme,NULL,man
367,is_transition,1,NULL
367,is_off_dodge,0,NULL
367,is_right_handed,0,NULL
367,shot_quality,1,NULL
368,field_loc_x,0.414013,NULL
368,field_loc_y,0.434063,NULL
368,goal_loc_x,0.243332,NULL
368,goal_loc_y,0.164062,NULL
368,def_scheme,NULL,man
368,is_transition,0,NULL
368,is_off_dodge,0,NULL
368,is_right_handed,1,NULL
368,shot_quality,3,NULL
369,field_loc_x,0.474748,NULL
369,field_loc_y,0.379063,NULL
369,goal_loc_x,0.795677,NULL
369,goal_loc_y,0.579063,NULL
369,def_scheme,NULL,man
369,is_transition,0,NULL
369,is_off_dodge,1,NULL
369,is_right_handed,0,NULL
369,shot_quality,3,NULL
370,field_loc_x,0.590143,NULL
370,field_loc_y,0.694062,NULL
370,goal_loc_x,0.448628,NULL
370,goal_loc_y,0.164062,NULL
370,def_scheme,NULL,man
370,is_transition,0,NULL
370,is_off_dodge,1,NULL
370,is_right_handed,0,NULL
370,shot_quality,1,NULL
371,field_loc_x,0.432234,NULL
371,field_loc_y,0.354062,NULL
371,goal_loc_x,0.712581,NULL
371,goal_loc_y,0.149062,NULL
371,def_scheme,NULL,zone
371,is_transition,0,NULL
371,is_off_dodge,0,NULL
371,is_right_handed,0,NULL
371,shot_quality,2,NULL
372,field_loc_x,0.456527,NULL
372,field_loc_y,0.644063,NULL
372,goal_loc_x,0.502396,NULL
372,goal_loc_y,0.694062,NULL
372,def_scheme,NULL,man
372,is_transition,0,NULL
372,is_off_dodge,0,NULL
372,is_right_handed,0,NULL
372,shot_quality,1,NULL
373,field_loc_x,0.593179,NULL
373,field_loc_y,0.664062,NULL
373,goal_loc_x,0.091803,NULL
373,goal_loc_y,0.799062,NULL
373,def_scheme,NULL,man
373,is_transition,0,NULL
373,is_off_dodge,1,NULL
373,is_right_handed,0,NULL
373,shot_quality,2,NULL
374,field_loc_x,0.404903,NULL
374,field_loc_y,0.604062,NULL
374,goal_loc_x,0.453516,NULL
374,goal_loc_y,0.694062,NULL
374,def_scheme,NULL,man
374,is_transition,0,NULL
374,is_off_dodge,0,NULL
374,is_right_handed,1,NULL
374,shot_quality,1,NULL
375,field_loc_x,0.62051,NULL
375,field_loc_y,0.534063,NULL
375,goal_loc_x,0.282436,NULL
375,goal_loc_y,0.174063,NULL
375,def_scheme,NULL,man
375,is_transition,0,NULL
375,is_off_dodge,1,NULL
375,is_right_handed,1,NULL
375,shot_quality,2,NULL
376,field_loc_x,0.480821,NULL
376,field_loc_y,0.299062,NULL
376,goal_loc_x,0.326428,NULL
376,goal_loc_y,0.154062,NULL
376,def_scheme,NULL,zone
376,is_transition,1,NULL
376,is_off_dodge,1,NULL
376,is_right_handed,1,NULL
376,shot_quality,3,NULL
377,field_loc_x,0.44438,NULL
377,field_loc_y,0.719063,NULL
377,goal_loc_x,0.727245,NULL
377,goal_loc_y,0.189063,NULL
377,def_scheme,NULL,man
377,is_transition,0,NULL
377,is_off_dodge,1,NULL
377,is_right_handed,1,NULL
377,shot_quality,1,NULL
378,field_loc_x,0.377573,NULL
378,field_loc_y,0.569062,NULL
378,goal_loc_x,0.326428,NULL
378,goal_loc_y,0.694062,NULL
378,def_scheme,NULL,zone
378,is_transition,1,NULL
378,is_off_dodge,0,NULL
378,is_right_handed,1,NULL
378,shot_quality,2,NULL
379,field_loc_x,0.520298,NULL
379,field_loc_y,0.669062,NULL
379,goal_loc_x,0.727245,NULL
379,goal_loc_y,0.414062,NULL
379,def_scheme,NULL,zone
379,is_transition,1,NULL
379,is_off_dodge,0,NULL
379,is_right_handed,0,NULL
379,shot_quality,1,NULL
380,field_loc_x,0.380609,NULL
380,field_loc_y,0.464063,NULL
380,def_scheme,NULL,zone
380,is_transition,0,NULL
380,is_off_dodge,0,NULL
380,is_right_handed,1,NULL
380,shot_quality,2,NULL
381,field_loc_x,0.404903,NULL
381,field_loc_y,0.449062,NULL
381,def_scheme,NULL,zone
381,is_transition,0,NULL
381,is_off_dodge,0,NULL
381,is_right_handed,1,NULL
381,shot_quality,2,NULL
381,clean_save,1,NULL
381,goal_loc_x,0.2971,NULL
381,goal_loc_y,0.689062,NULL
382,field_loc_x,0.465637,NULL
382,field_loc_y,0.604062,NULL
382,goal_loc_x,0.688141,NULL
382,goal_loc_y,0.174063,NULL
382,def_scheme,NULL,zone
382,is_transition,1,NULL
382,is_off_dodge,0,NULL
382,is_right_handed,1,NULL
382,shot_quality,1,NULL
383,field_loc_x,0.529408,NULL
383,field_loc_y,0.374063,NULL
383,goal_loc_x,0.2971,NULL
383,goal_loc_y,0.389062,NULL
383,def_scheme,NULL,zone
383,is_transition,1,NULL
383,is_off_dodge,0,NULL
383,is_right_handed,0,NULL
383,shot_quality,3,NULL
383,clean_save,0,NULL
384,field_loc_x,0.414013,NULL
384,field_loc_y,0.639063,NULL
384,goal_loc_x,0.947206,NULL
384,goal_loc_y,0.784063,NULL
384,def_scheme,NULL,man
384,is_transition,0,NULL
384,is_off_dodge,1,NULL
384,is_right_handed,1,NULL
384,shot_quality,1,NULL
385,field_loc_x,0.544592,NULL
385,field_loc_y,0.664062,NULL
385,goal_loc_x,0.375308,NULL
385,goal_loc_y,0.154062,NULL
385,def_scheme,NULL,man
385,is_transition,0,NULL
385,is_off_dodge,1,NULL
385,is_right_handed,0,NULL
385,shot_quality,1,NULL
385,clean_save,0,NULL
386,field_loc_x,0.441344,NULL
386,field_loc_y,0.294062,NULL
386,goal_loc_x,0.766349,NULL
386,goal_loc_y,0.449062,NULL
386,def_scheme,NULL,zone
386,is_transition,1,NULL
386,is_off_dodge,0,NULL
386,is_right_handed,1,NULL
386,shot_quality,3,NULL
387,field_loc_x,0.514225,NULL
387,field_loc_y,0.389062,NULL
387,goal_loc_x,0.634373,NULL
387,goal_loc_y,0.154062,NULL
387,def_scheme,NULL,zone
387,is_transition,1,NULL
387,is_off_dodge,1,NULL
387,is_right_handed,1,NULL
387,shot_quality,3,NULL
388,field_loc_x,0.480821,NULL
388,field_loc_y,0.649063,NULL
388,goal_loc_x,0.194451,NULL
388,goal_loc_y,0.404063,NULL
388,def_scheme,NULL,man
388,is_transition,0,NULL
388,is_off_dodge,0,NULL
388,is_right_handed,1,NULL
388,shot_quality,1,NULL
389,field_loc_x,0.562812,NULL
389,field_loc_y,0.419062,NULL
389,goal_loc_x,0.790789,NULL
389,goal_loc_y,0.719063,NULL
389,def_scheme,NULL,man
389,is_transition,0,NULL
389,is_off_dodge,0,NULL
389,is_right_handed,0,NULL
389,shot_quality,2,NULL
390,field_loc_x,0.344169,NULL
390,field_loc_y,0.614062,NULL
390,goal_loc_x,0.27266,NULL
390,goal_loc_y,0.604062,NULL
390,def_scheme,NULL,man
390,is_transition,1,NULL
390,is_off_dodge,0,NULL
390,is_right_handed,1,NULL
390,shot_quality,2,NULL
391,field_loc_x,0.496005,NULL
391,field_loc_y,0.294062,NULL
391,goal_loc_x,0.262884,NULL
391,goal_loc_y,0.144063,NULL
391,def_scheme,NULL,zone
391,is_transition,1,NULL
391,is_off_dodge,1,NULL
391,is_right_handed,1,NULL
391,shot_quality,3,NULL
391,clean_save,0,NULL
392,field_loc_x,0.650877,NULL
392,field_loc_y,0.599063,NULL
392,def_scheme,NULL,man
392,is_transition,0,NULL
392,is_off_dodge,1,NULL
392,is_right_handed,0,NULL
392,shot_quality,2,NULL
393,field_loc_x,0.401866,NULL
393,field_loc_y,0.574063,NULL
393,def_scheme,NULL,man
393,is_transition,0,NULL
393,is_off_dodge,0,NULL
393,is_right_handed,1,NULL
393,shot_quality,2,NULL
394,field_loc_x,0.614436,NULL
394,field_loc_y,0.394062,NULL
394,goal_loc_x,0.771237,NULL
394,goal_loc_y,0.154062,NULL
394,def_scheme,NULL,man
394,is_transition,0,NULL
394,is_off_dodge,1,NULL
394,is_right_handed,1,NULL
394,shot_quality,3,NULL
394,clean_save,0,NULL
395,field_loc_x,0.423123,NULL
395,field_loc_y,0.469063,NULL
395,goal_loc_x,0.135795,NULL
395,goal_loc_y,0.794062,NULL
395,def_scheme,NULL,man
395,is_transition,0,NULL
395,is_off_dodge,1,NULL
395,is_right_handed,0,NULL
395,shot_quality,2,NULL
396,field_loc_x,0.602289,NULL
396,field_loc_y,0.474063,NULL
396,goal_loc_x,0.561053,NULL
396,goal_loc_y,0.374063,NULL
396,def_scheme,NULL,man
396,is_transition,0,NULL
396,is_off_dodge,1,NULL
396,is_right_handed,1,NULL
396,shot_quality,3,NULL
396,clean_save,1,NULL
397,field_loc_x,0.423123,NULL
397,field_loc_y,0.704063,NULL
397,goal_loc_x,0.116243,NULL
397,goal_loc_y,0.424062,NULL
397,def_scheme,NULL,man
397,is_transition,1,NULL
397,is_off_dodge,0,NULL
397,is_right_handed,1,NULL
397,shot_quality,1,NULL
398,field_loc_x,0.42616,NULL
398,field_loc_y,0.274063,NULL
398,goal_loc_x,0.746797,NULL
398,goal_loc_y,0.169062,NULL
398,def_scheme,NULL,zone
398,is_transition,1,NULL
398,is_off_dodge,0,NULL
398,is_right_handed,1,NULL
398,shot_quality,3,NULL
399,field_loc_x,0.511188,NULL
399,field_loc_y,0.409063,NULL
399,def_scheme,NULL,man
399,is_transition,0,NULL
399,is_off_dodge,1,NULL
399,is_right_handed,0,NULL
399,shot_quality,2,NULL
400,field_loc_x,0.502078,NULL
400,field_loc_y,0.654063,NULL
400,goal_loc_x,0.502396,NULL
400,goal_loc_y,0.159063,NULL
400,def_scheme,NULL,man
400,is_transition,0,NULL
400,is_off_dodge,0,NULL
400,is_right_handed,0,NULL
400,shot_quality,1,NULL
401,field_loc_x,0.338095,NULL
401,field_loc_y,0.534063,NULL
401,goal_loc_x,0.917878,NULL
401,goal_loc_y,0.839063,NULL
401,def_scheme,NULL,man
401,is_transition,0,NULL
401,is_off_dodge,1,NULL
401,is_right_handed,0,NULL
401,shot_quality,3,NULL
402,field_loc_x,0.602289,NULL
402,field_loc_y,0.399063,NULL
402,goal_loc_x,0.575717,NULL
402,goal_loc_y,0.264062,NULL
402,def_scheme,NULL,man
402,is_transition,0,NULL
402,is_off_dodge,0,NULL
402,is_right_handed,1,NULL
402,shot_quality,3,NULL
402,clean_save,0,NULL
403,field_loc_x,0.386683,NULL
403,field_loc_y,0.554062,NULL
403,goal_loc_x,0.341092,NULL
403,goal_loc_y,0.654063,NULL
403,def_scheme,NULL,zone
403,is_transition,1,NULL
403,is_off_dodge,0,NULL
403,is_right_handed,1,NULL
403,shot_quality,2,NULL
404,field_loc_x,0.605326,NULL
404,field_loc_y,0.699063,NULL
404,goal_loc_x,0.0966911,NULL
404,goal_loc_y,0.859062,NULL
404,def_scheme,NULL,man
404,is_transition,0,NULL
404,is_off_dodge,1,NULL
404,is_right_handed,0,NULL
404,shot_quality,1,NULL
405,field_loc_x,0.377573,NULL
405,field_loc_y,0.324062,NULL
405,goal_loc_x,0.257996,NULL
405,goal_loc_y,0.169062,NULL
405,def_scheme,NULL,man
405,is_transition,0,NULL
405,is_off_dodge,1,NULL
405,is_right_handed,1,NULL
405,shot_quality,3,NULL
405,clean_save,0,NULL
406,field_loc_x,0.602289,NULL
406,field_loc_y,0.539062,NULL
406,goal_loc_x,0.898326,NULL
406,goal_loc_y,0.249062,NULL
406,def_scheme,NULL,man
406,is_transition,0,NULL
406,is_off_dodge,1,NULL
406,is_right_handed,1,NULL
406,shot_quality,2,NULL
407,field_loc_x,0.438307,NULL
407,field_loc_y,0.694062,NULL
407,goal_loc_x,0.668589,NULL
407,goal_loc_y,0.609062,NULL
407,def_scheme,NULL,man
407,is_transition,0,NULL
407,is_off_dodge,0,NULL
407,is_right_handed,1,NULL
407,shot_quality,1,NULL
407,clean_save,0,NULL
408,goal_loc_x,0.365532,NULL
408,goal_loc_y,0.179063,NULL
408,field_loc_x,0.304692,NULL
408,field_loc_y,0.469063,NULL
408,def_scheme,NULL,man
408,is_transition,0,NULL
408,is_off_dodge,0,NULL
408,is_right_handed,1,NULL
408,shot_quality,3,NULL
408,clean_save,0,NULL
409,field_loc_x,0.40794,NULL
409,field_loc_y,0.309063,NULL
409,goal_loc_x,0.477956,NULL
409,goal_loc_y,0.919062,NULL
409,def_scheme,NULL,man
409,is_transition,0,NULL
409,is_off_dodge,1,NULL
409,is_right_handed,0,NULL
409,shot_quality,3,NULL
410,field_loc_x,0.581033,NULL
410,field_loc_y,0.684062,NULL
410,def_scheme,NULL,man
410,is_transition,0,NULL
410,is_off_dodge,1,NULL
410,is_right_handed,1,NULL
410,shot_quality,2,NULL
410,goal_loc_x,0.741909,NULL
410,goal_loc_y,0.469063,NULL
411,field_loc_x,0.593179,NULL
411,field_loc_y,0.594063,NULL
411,goal_loc_x,0.536612,NULL
411,goal_loc_y,0.689062,NULL
411,def_scheme,NULL,man
411,is_transition,0,NULL
411,is_off_dodge,0,NULL
411,is_right_handed,0,NULL
411,shot_quality,2,NULL
412,field_loc_x,0.556739,NULL
412,field_loc_y,0.709063,NULL
412,goal_loc_x,0.595269,NULL
412,goal_loc_y,0.669062,NULL
412,def_scheme,NULL,man
412,is_transition,0,NULL
412,is_off_dodge,1,NULL
412,is_right_handed,0,NULL
412,shot_quality,1,NULL
412,clean_save,1,NULL
413,field_loc_x,0.6114,NULL
413,field_loc_y,0.394062,NULL
413,goal_loc_x,0.693029,NULL
413,goal_loc_y,0.184062,NULL
413,def_scheme,NULL,man
413,is_transition,0,NULL
413,is_off_dodge,1,NULL
413,is_right_handed,1,NULL
413,shot_quality,2,NULL
414,field_loc_x,0.42616,NULL
414,field_loc_y,0.674062,NULL
414,goal_loc_x,0.619709,NULL
414,goal_loc_y,0.544062,NULL
414,def_scheme,NULL,man
414,is_transition,0,NULL
414,is_off_dodge,1,NULL
414,is_right_handed,1,NULL
414,shot_quality,1,NULL
414,clean_save,0,NULL
415,field_loc_x,0.614436,NULL
415,field_loc_y,0.544062,NULL
415,goal_loc_x,0.082027,NULL
415,goal_loc_y,0.204063,NULL
415,def_scheme,NULL,man
415,is_transition,0,NULL
415,is_off_dodge,1,NULL
415,is_right_handed,1,NULL
415,shot_quality,2,NULL
416,field_loc_x,0.438307,NULL
416,field_loc_y,0.654063,NULL
416,goal_loc_x,0.727245,NULL
416,goal_loc_y,0.224063,NULL
416,def_scheme,NULL,man
416,is_transition,0,NULL
416,is_off_dodge,1,NULL
416,is_right_handed,1,NULL
416,shot_quality,1,NULL
417,field_loc_x,0.462601,NULL
417,field_loc_y,0.669062,NULL
417,goal_loc_x,0.473068,NULL
417,goal_loc_y,0.179063,NULL
417,def_scheme,NULL,man
417,is_transition,0,NULL
417,is_off_dodge,1,NULL
417,is_right_handed,1,NULL
417,shot_quality,1,NULL
417,clean_save,0,NULL
418,field_loc_x,0.520298,NULL
418,field_loc_y,0.659063,NULL
418,goal_loc_x,0.253108,NULL
418,goal_loc_y,0.284063,NULL
418,def_scheme,NULL,man
418,is_transition,0,NULL
418,is_off_dodge,1,NULL
418,is_right_handed,0,NULL
418,shot_quality,1,NULL
418,clean_save,0,NULL
419,field_loc_x,0.42616,NULL
419,field_loc_y,0.439063,NULL
419,goal_loc_x,0.24822,NULL
419,goal_loc_y,0.649063,NULL
419,def_scheme,NULL,man
419,is_transition,0,NULL
419,is_off_dodge,1,NULL
419,is_right_handed,0,NULL
419,shot_quality,2,NULL
420,field_loc_x,0.474748,NULL
420,field_loc_y,0.644063,NULL
420,goal_loc_x,0.497508,NULL
420,goal_loc_y,0.174063,NULL
420,def_scheme,NULL,man
420,is_transition,0,NULL
420,is_off_dodge,1,NULL
420,is_right_handed,1,NULL
420,shot_quality,1,NULL
420,clean_save,0,NULL
421,field_loc_x,0.441344,NULL
421,field_loc_y,0.644063,NULL
421,goal_loc_x,0.0966911,NULL
421,goal_loc_y,0.729062,NULL
421,def_scheme,NULL,man
421,is_transition,0,NULL
421,is_off_dodge,1,NULL
421,is_right_handed,1,NULL
421,shot_quality,3,NULL
422,goal_loc_x,0.580605,NULL
422,goal_loc_y,0.459062,NULL
422,field_loc_x,0.544592,NULL
422,field_loc_y,0.689062,NULL
422,def_scheme,NULL,man
422,is_transition,0,NULL
422,is_off_dodge,0,NULL
422,is_right_handed,0,NULL
422,shot_quality,1,NULL
423,field_loc_x,0.584069,NULL
423,field_loc_y,0.594063,NULL
423,goal_loc_x,0.214003,NULL
423,goal_loc_y,0.349063,NULL
423,def_scheme,NULL,man
423,is_transition,0,NULL
423,is_off_dodge,1,NULL
423,is_right_handed,0,NULL
423,shot_quality,2,NULL
424,field_loc_x,0.371499,NULL
424,field_loc_y,0.564062,NULL
424,goal_loc_x,0.932542,NULL
424,goal_loc_y,0.309063,NULL
424,def_scheme,NULL,man
424,is_transition,0,NULL
424,is_off_dodge,0,NULL
424,is_right_handed,1,NULL
424,shot_quality,2,NULL
425,field_loc_x,0.335059,NULL
425,field_loc_y,0.464063,NULL
425,goal_loc_x,0.223779,NULL
425,goal_loc_y,0.874062,NULL
425,def_scheme,NULL,man
425,is_transition,0,NULL
425,is_off_dodge,1,NULL
425,is_right_handed,0,NULL
425,shot_quality,3,NULL
426,field_loc_x,0.386683,NULL
426,field_loc_y,0.584063,NULL
426,goal_loc_x,0.414412,NULL
426,goal_loc_y,0.684062,NULL
426,def_scheme,NULL,man
426,is_transition,0,NULL
426,is_off_dodge,1,NULL
426,is_right_handed,1,NULL
426,shot_quality,2,NULL
426,clean_save,1,NULL
427,field_loc_x,0.453491,NULL
427,field_loc_y,0.639063,NULL
427,goal_loc_x,0.781013,NULL
427,goal_loc_y,0.174063,NULL
427,def_scheme,NULL,man
427,is_transition,0,NULL
427,is_off_dodge,1,NULL
427,is_right_handed,1,NULL
427,shot_quality,1,NULL
428,field_loc_x,0.632657,NULL
428,field_loc_y,0.599063,NULL
428,def_scheme,NULL,man
428,is_transition,0,NULL
428,goal_loc_x,0.311764,NULL
428,goal_loc_y,0.339063,NULL
428,is_off_dodge,1,NULL
428,is_right_handed,1,NULL
428,shot_quality,2,NULL
428,clean_save,1,NULL
429,field_loc_x,0.587106,NULL
429,field_loc_y,0.599063,NULL
429,goal_loc_x,0.287324,NULL
429,goal_loc_y,0.174063,NULL
429,def_scheme,NULL,man
429,is_transition,0,NULL
429,is_off_dodge,1,NULL
429,is_right_handed,1,NULL
429,shot_quality,2,NULL
429,clean_save,0,NULL
430,field_loc_x,0.40794,NULL
430,field_loc_y,0.359062,NULL
430,goal_loc_x,0.24822,NULL
430,goal_loc_y,0.169062,NULL
430,def_scheme,NULL,man
430,is_transition,0,NULL
430,is_off_dodge,0,NULL
430,is_right_handed,1,NULL
430,shot_quality,2,NULL
431,field_loc_x,0.547629,NULL
431,field_loc_y,0.389062,NULL
431,goal_loc_x,0.257996,NULL
431,goal_loc_y,0.679062,NULL
431,def_scheme,NULL,man
431,is_transition,0,NULL
431,is_off_dodge,1,NULL
431,is_right_handed,1,NULL
431,shot_quality,2,NULL
432,field_loc_x,0.341132,NULL
432,field_loc_y,0.434063,NULL
432,goal_loc_x,0.306876,NULL
432,goal_loc_y,0.384062,NULL
432,def_scheme,NULL,man
432,is_transition,0,NULL
432,is_off_dodge,1,NULL
432,is_right_handed,0,NULL
432,shot_quality,3,NULL
432,clean_save,0,NULL
433,field_loc_x,0.559775,NULL
433,field_loc_y,0.679062,NULL
433,goal_loc_x,0.556165,NULL
433,goal_loc_y,0.169062,NULL
433,def_scheme,NULL,man
433,is_transition,0,NULL
433,is_off_dodge,1,NULL
433,is_right_handed,0,NULL
433,shot_quality,1,NULL
433,clean_save,0,NULL
434,field_loc_x,0.477784,NULL
434,field_loc_y,0.624062,NULL
434,goal_loc_x,0.565941,NULL
434,goal_loc_y,0.149062,NULL
434,def_scheme,NULL,man
434,is_transition,0,NULL
434,is_off_dodge,1,NULL
434,is_right_handed,1,NULL
434,shot_quality,1,NULL
435,field_loc_x,0.584069,NULL
435,field_loc_y,0.624062,NULL
435,goal_loc_x,0.668589,NULL
435,goal_loc_y,0.174063,NULL
435,def_scheme,NULL,man
435,is_transition,0,NULL
435,is_off_dodge,1,NULL
435,is_right_handed,0,NULL
435,shot_quality,1,NULL
435,clean_save,0,NULL
436,field_loc_x,0.483858,NULL
436,field_loc_y,0.659063,NULL
436,goal_loc_x,0.732133,NULL
436,goal_loc_y,0.149062,NULL
436,def_scheme,NULL,man
436,is_transition,0,NULL
436,is_off_dodge,1,NULL
436,is_right_handed,1,NULL
436,shot_quality,1,NULL
437,field_loc_x,0.547629,NULL
437,field_loc_y,0.294062,NULL
437,goal_loc_x,0.277548,NULL
437,goal_loc_y,0.174063,NULL
437,def_scheme,NULL,man
437,is_transition,0,NULL
437,is_off_dodge,0,NULL
437,is_right_handed,1,NULL
437,shot_quality,3,NULL
438,field_loc_x,0.547629,NULL
438,field_loc_y,0.734062,NULL
438,goal_loc_x,0.130907,NULL
438,goal_loc_y,0.149062,NULL
438,def_scheme,NULL,man
438,is_transition,0,NULL
438,is_off_dodge,1,NULL
438,is_right_handed,0,NULL
438,shot_quality,1,NULL
439,field_loc_x,0.550665,NULL
439,field_loc_y,0.674062,NULL
439,goal_loc_x,0.502396,NULL
439,goal_loc_y,0.154062,NULL
439,def_scheme,NULL,man
439,is_transition,0,NULL
439,is_off_dodge,0,NULL
439,is_right_handed,0,NULL
439,shot_quality,1,NULL
439,clean_save,0,NULL
440,goal_loc_x,0.5415,NULL
440,goal_loc_y,0.149062,NULL
440,field_loc_x,0.499041,NULL
440,field_loc_y,0.644063,NULL
440,def_scheme,NULL,man
440,is_transition,0,NULL
440,is_off_dodge,1,NULL
440,is_right_handed,1,NULL
440,shot_quality,1,NULL
441,field_loc_x,0.64784,NULL
441,field_loc_y,0.579063,NULL
441,def_scheme,NULL,man
441,goal_loc_x,0.565941,NULL
441,goal_loc_y,0.324062,NULL
441,is_transition,0,NULL
441,is_off_dodge,0,NULL
441,is_right_handed,0,NULL
441,shot_quality,2,NULL
441,clean_save,1,NULL
442,field_loc_x,0.499041,NULL
442,field_loc_y,0.544062,NULL
442,goal_loc_x,0.712581,NULL
442,goal_loc_y,0.664062,NULL
442,def_scheme,NULL,man
442,is_transition,0,NULL
442,is_off_dodge,0,NULL
442,is_right_handed,0,NULL
442,shot_quality,2,NULL
443,field_loc_x,0.404903,NULL
443,field_loc_y,0.654063,NULL
443,goal_loc_x,0.262884,NULL
443,goal_loc_y,0.364062,NULL
443,def_scheme,NULL,man
443,is_transition,0,NULL
443,is_off_dodge,1,NULL
443,is_right_handed,1,NULL
443,shot_quality,1,NULL
443,clean_save,0,NULL
444,goal_loc_x,0.126019,NULL
444,goal_loc_y,0.874062,NULL
444,field_loc_x,0.590143,NULL
444,field_loc_y,0.409063,NULL
444,def_scheme,NULL,man
444,is_transition,0,NULL
444,is_off_dodge,1,NULL
444,is_right_handed,1,NULL
444,shot_quality,2,NULL
445,field_loc_x,0.587106,NULL
445,field_loc_y,0.424062,NULL
445,goal_loc_x,0.766349,NULL
445,goal_loc_y,0.379063,NULL
445,def_scheme,NULL,man
445,is_transition,0,NULL
445,is_off_dodge,0,NULL
445,is_right_handed,0,NULL
445,shot_quality,2,NULL
445,clean_save,1,NULL
446,field_loc_x,0.410977,NULL
446,field_loc_y,0.449062,NULL
446,goal_loc_x,0.893438,NULL
446,goal_loc_y,0.359062,NULL
446,def_scheme,NULL,man
446,is_transition,0,NULL
446,is_off_dodge,1,NULL
446,is_right_handed,1,NULL
446,shot_quality,3,NULL
447,field_loc_x,0.499041,NULL
447,field_loc_y,0.449062,NULL
447,goal_loc_x,0.253108,NULL
447,goal_loc_y,0.634063,NULL
447,def_scheme,NULL,man
447,is_transition,0,NULL
447,is_off_dodge,1,NULL
447,is_right_handed,1,NULL
447,shot_quality,2,NULL
448,field_loc_x,0.550665,NULL
448,field_loc_y,0.384062,NULL
448,goal_loc_x,0.204227,NULL
448,goal_loc_y,0.869062,NULL
448,def_scheme,NULL,man
448,is_transition,0,NULL
448,is_off_dodge,0,NULL
448,is_right_handed,1,NULL
448,shot_quality,2,NULL
449,field_loc_x,0.556739,NULL
449,field_loc_y,0.439063,NULL
449,goal_loc_x,0.761461,NULL
449,goal_loc_y,0.349063,NULL
449,def_scheme,NULL,man
449,is_transition,0,NULL
449,is_off_dodge,1,NULL
449,is_right_handed,1,NULL
449,shot_quality,2,NULL
450,field_loc_x,0.541555,NULL
450,field_loc_y,0.449062,NULL
450,goal_loc_x,0.658813,NULL
450,goal_loc_y,0.144063,NULL
450,is_transition,1,NULL
450,is_right_handed,1,NULL
450,shot_quality,2,NULL
450,def_scheme,NULL,man
450,is_off_dodge,1,NULL
451,field_loc_x,0.414013,NULL
451,field_loc_y,0.374063,NULL
451,goal_loc_x,0.463292,NULL
451,goal_loc_y,0.174063,NULL
451,def_scheme,NULL,man
451,is_transition,1,NULL
451,is_off_dodge,1,NULL
451,is_right_handed,1,NULL
451,shot_quality,3,NULL
451,clean_save,0,NULL
452,field_loc_x,0.520298,NULL
452,field_loc_y,0.304062,NULL
452,goal_loc_x,0.649037,NULL
452,goal_loc_y,0.154062,NULL
452,def_scheme,NULL,man
452,is_transition,0,NULL
452,is_off_dodge,0,NULL
452,is_right_handed,1,NULL
452,shot_quality,3,NULL
452,clean_save,0,NULL
453,field_loc_x,0.499041,NULL
453,field_loc_y,0.359062,NULL
453,goal_loc_x,0.243332,NULL
453,goal_loc_y,0.484062,NULL
453,def_scheme,NULL,man
453,is_transition,0,NULL
453,is_off_dodge,1,NULL
453,is_right_handed,1,NULL
453,shot_quality,2,NULL
454,field_loc_x,0.574959,NULL
454,field_loc_y,0.339063,NULL
454,goal_loc_x,0.751685,NULL
454,goal_loc_y,0.449062,NULL
454,shot_quality,3,NULL
454,is_right_handed,0,NULL
454,is_off_dodge,1,NULL
454,is_transition,0,NULL
454,def_scheme,NULL,man
455,field_loc_x,0.587106,NULL
455,field_loc_y,0.339063,NULL
455,goal_loc_x,0.898326,NULL
455,goal_loc_y,0.289062,NULL
455,def_scheme,NULL,man
455,is_transition,0,NULL
455,is_off_dodge,1,NULL
455,is_right_handed,1,NULL
455,shot_quality,3,NULL
456,field_loc_x,0.404903,NULL
456,field_loc_y,0.659063,NULL
456,goal_loc_x,0.751685,NULL
456,goal_loc_y,0.489062,NULL
456,def_scheme,NULL,man
456,is_transition,0,NULL
456,is_off_dodge,1,NULL
456,is_right_handed,1,NULL
456,shot_quality,1,NULL
457,field_loc_x,0.590143,NULL
457,field_loc_y,0.404063,NULL
457,goal_loc_x,0.067363,NULL
457,goal_loc_y,0.474063,NULL
457,def_scheme,NULL,man
457,is_transition,0,NULL
457,is_off_dodge,1,NULL
457,is_right_handed,1,NULL
457,shot_quality,2,NULL
458,field_loc_x,0.401866,NULL
458,field_loc_y,0.619062,NULL
458,goal_loc_x,0.91299,NULL
458,goal_loc_y,0.794062,NULL
458,def_scheme,NULL,man
458,is_transition,0,NULL
458,is_off_dodge,1,NULL
458,is_right_handed,1,NULL
458,shot_quality,2,NULL
459,field_loc_x,0.456527,NULL
459,field_loc_y,0.274063,NULL
459,goal_loc_x,0.477956,NULL
459,goal_loc_y,0.169062,NULL
459,def_scheme,NULL,man
459,is_transition,0,NULL
459,is_off_dodge,0,NULL
459,is_right_handed,1,NULL
459,shot_quality,3,NULL
459,clean_save,0,NULL
460,field_loc_x,0.40794,NULL
460,field_loc_y,0.299062,NULL
460,goal_loc_x,0.732133,NULL
460,goal_loc_y,0.684062,NULL
460,def_scheme,NULL,man
460,is_transition,0,NULL
460,is_off_dodge,0,NULL
460,is_right_handed,0,NULL
460,shot_quality,3,NULL
460,clean_save,1,NULL
461,field_loc_x,0.404903,NULL
461,field_loc_y,0.434063,NULL
461,goal_loc_x,0.565941,NULL
461,goal_loc_y,0.159063,NULL
461,def_scheme,NULL,man
461,is_transition,0,NULL
461,is_off_dodge,0,NULL
461,is_right_handed,1,NULL
461,shot_quality,2,NULL
462,field_loc_x,0.404903,NULL
462,field_loc_y,0.409063,NULL
462,goal_loc_x,0.952094,NULL
462,goal_loc_y,0.329062,NULL
462,def_scheme,NULL,zone
462,is_transition,1,NULL
462,is_off_dodge,0,NULL
462,is_right_handed,1,NULL
462,shot_quality,2,NULL
463,field_loc_x,0.41705,NULL
463,field_loc_y,0.314063,NULL
463,goal_loc_x,0.253108,NULL
463,goal_loc_y,0.369063,NULL
463,def_scheme,NULL,man
463,is_transition,0,NULL
463,is_off_dodge,0,NULL
463,is_right_handed,1,NULL
463,shot_quality,3,NULL
463,clean_save,0,NULL
464,field_loc_x,0.577996,NULL
464,field_loc_y,0.459062,NULL
464,goal_loc_x,0.233555,NULL
464,goal_loc_y,0.704063,NULL
464,def_scheme,NULL,zone
464,is_transition,1,NULL
464,is_off_dodge,1,NULL
464,is_right_handed,1,NULL
464,shot_quality,2,NULL
465,field_loc_x,0.404903,NULL
465,field_loc_y,0.444063,NULL
465,goal_loc_x,0.5415,NULL
465,goal_loc_y,0.154062,NULL
465,def_scheme,NULL,zone
465,is_transition,0,NULL
465,is_off_dodge,0,NULL
465,is_right_handed,1,NULL
465,shot_quality,2,NULL
466,field_loc_x,0.568886,NULL
466,field_loc_y,0.314063,NULL
466,goal_loc_x,0.253108,NULL
466,goal_loc_y,0.704063,NULL
466,def_scheme,NULL,man
466,is_transition,0,NULL
466,is_off_dodge,1,NULL
466,is_right_handed,0,NULL
466,shot_quality,3,NULL
467,field_loc_x,0.544592,NULL
467,field_loc_y,0.649063,NULL
467,goal_loc_x,0.233555,NULL
467,goal_loc_y,0.504062,NULL
467,def_scheme,NULL,man
467,is_transition,0,NULL
467,is_off_dodge,0,NULL
467,is_right_handed,1,NULL
467,shot_quality,1,NULL
467,clean_save,0,NULL
468,field_loc_x,0.410977,NULL
468,field_loc_y,0.639063,NULL
468,goal_loc_x,0.91299,NULL
468,goal_loc_y,0.204063,NULL
468,def_scheme,NULL,man
468,is_transition,0,NULL
468,is_off_dodge,1,NULL
468,is_right_handed,1,NULL
468,shot_quality,2,NULL
469,field_loc_x,0.596216,NULL
469,field_loc_y,0.444063,NULL
469,goal_loc_x,0.116243,NULL
469,goal_loc_y,0.884063,NULL
469,def_scheme,NULL,zone
469,is_transition,0,NULL
469,is_off_dodge,0,NULL
469,is_right_handed,0,NULL
469,shot_quality,2,NULL
470,field_loc_x,0.477784,NULL
470,field_loc_y,0.314063,NULL
470,goal_loc_x,0.512172,NULL
470,goal_loc_y,0.154062,NULL
470,def_scheme,NULL,zone
470,is_transition,1,NULL
470,is_off_dodge,0,NULL
470,is_right_handed,1,NULL
470,shot_quality,3,NULL
470,clean_save,0,NULL
471,field_loc_x,0.423123,NULL
471,field_loc_y,0.769063,NULL
471,goal_loc_x,0.341092,NULL
471,goal_loc_y,0.699063,NULL
471,def_scheme,NULL,man
471,is_transition,0,NULL
471,is_off_dodge,1,NULL
471,is_right_handed,1,NULL
471,shot_quality,3,NULL
471,clean_save,1,NULL
472,def_scheme,NULL,man
472,field_loc_x,0.593179,NULL
472,field_loc_y,0.554062,NULL
472,goal_loc_x,0.712581,NULL
472,goal_loc_y,0.669062,NULL
472,is_transition,0,NULL
472,is_off_dodge,0,NULL
472,is_right_handed,1,NULL
472,shot_quality,2,NULL
472,clean_save,1,NULL
473,field_loc_x,0.483858,NULL
473,field_loc_y,0.669062,NULL
473,goal_loc_x,0.678365,NULL
473,goal_loc_y,0.489062,NULL
473,def_scheme,NULL,zone
473,is_transition,0,NULL
473,is_off_dodge,0,NULL
473,is_right_handed,1,NULL
473,shot_quality,1,NULL
473,clean_save,1,NULL
474,field_loc_x,0.599253,NULL
474,field_loc_y,0.629062,NULL
474,goal_loc_x,0.741909,NULL
474,goal_loc_y,0.619062,NULL
474,def_scheme,NULL,man
474,is_transition,0,NULL
474,is_off_dodge,1,NULL
474,is_right_handed,0,NULL
474,shot_quality,2,NULL
475,field_loc_x,0.562812,NULL
475,field_loc_y,0.674062,NULL
475,goal_loc_x,0.639261,NULL
475,goal_loc_y,0.169062,NULL
475,def_scheme,NULL,man
475,is_transition,0,NULL
475,is_off_dodge,1,NULL
475,is_right_handed,0,NULL
475,shot_quality,1,NULL
476,field_loc_x,0.325949,NULL
476,field_loc_y,0.609062,NULL
476,goal_loc_x,0.956982,NULL
476,goal_loc_y,0.779063,NULL
476,def_scheme,NULL,man
476,is_transition,0,NULL
476,is_off_dodge,1,NULL
476,is_right_handed,1,NULL
476,shot_quality,3,NULL
477,field_loc_x,0.581033,NULL
477,field_loc_y,0.634063,NULL
477,def_scheme,NULL,man
477,is_transition,0,NULL
477,is_off_dodge,1,NULL
477,is_right_handed,0,NULL
477,goal_loc_x,0.605045,NULL
477,goal_loc_y,0.174063,NULL
477,shot_quality,1,NULL
478,field_loc_x,0.332022,NULL
478,field_loc_y,0.594063,NULL
478,def_scheme,NULL,man
478,goal_loc_x,0.306876,NULL
478,goal_loc_y,0.694062,NULL
478,is_transition,0,NULL
478,is_off_dodge,1,NULL
478,is_right_handed,1,NULL
478,shot_quality,2,NULL
478,clean_save,1,NULL
479,field_loc_x,0.556739,NULL
479,field_loc_y,0.604062,NULL
479,goal_loc_x,0.766349,NULL
479,goal_loc_y,0.364062,NULL
479,def_scheme,NULL,man
479,is_transition,0,NULL
479,is_off_dodge,1,NULL
479,is_right_handed,1,NULL
479,shot_quality,1,NULL
480,field_loc_x,0.502078,NULL
480,field_loc_y,0.579063,NULL
480,goal_loc_x,0.487732,NULL
480,goal_loc_y,0.894063,NULL
480,def_scheme,NULL,man
480,is_transition,0,NULL
480,is_off_dodge,1,NULL
480,is_right_handed,1,NULL
480,shot_quality,2,NULL
481,field_loc_x,0.577996,NULL
481,field_loc_y,0.664062,NULL
481,goal_loc_x,0.424188,NULL
481,goal_loc_y,0.679062,NULL
481,def_scheme,NULL,man
481,is_transition,0,NULL
481,is_off_dodge,1,NULL
481,is_right_handed,0,NULL
481,shot_quality,1,NULL
482,field_loc_x,0.499041,NULL
482,field_loc_y,0.394062,NULL
482,goal_loc_x,0.88855,NULL
482,goal_loc_y,0.369063,NULL
482,def_scheme,NULL,man
482,is_transition,0,NULL
482,is_off_dodge,1,NULL
482,is_right_handed,1,NULL
482,shot_quality,3,NULL
483,field_loc_x,0.602289,NULL
483,field_loc_y,0.614062,NULL
483,goal_loc_x,0.663701,NULL
483,goal_loc_y,0.684062,NULL
483,def_scheme,NULL,man
483,is_transition,0,NULL
483,is_off_dodge,0,NULL
483,is_right_handed,0,NULL
483,shot_quality,2,NULL
484,field_loc_x,0.496005,NULL
484,field_loc_y,0.299062,NULL
484,goal_loc_x,0.253108,NULL
484,goal_loc_y,0.854062,NULL
484,def_scheme,NULL,man
484,is_transition,0,NULL
484,is_off_dodge,0,NULL
484,is_right_handed,0,NULL
484,shot_quality,3,NULL
485,field_loc_x,0.565849,NULL
485,field_loc_y,0.684062,NULL
485,goal_loc_x,0.091803,NULL
485,goal_loc_y,0.184062,NULL
485,def_scheme,NULL,man
485,is_transition,0,NULL
485,is_off_dodge,1,NULL
485,is_right_handed,0,NULL
485,shot_quality,2,NULL
486,field_loc_x,0.559775,NULL
486,field_loc_y,0.644063,NULL
486,goal_loc_x,0.507284,NULL
486,goal_loc_y,0.184062,NULL
486,def_scheme,NULL,man
486,is_transition,0,NULL
486,is_off_dodge,1,NULL
486,is_right_handed,0,NULL
486,shot_quality,1,NULL
487,field_loc_x,0.538518,NULL
487,field_loc_y,0.299062,NULL
487,goal_loc_x,0.399748,NULL
487,goal_loc_y,0.839063,NULL
487,def_scheme,NULL,man
487,is_transition,0,NULL
487,is_off_dodge,0,NULL
487,is_right_handed,1,NULL
487,shot_quality,3,NULL
488,field_loc_x,0.401866,NULL
488,field_loc_y,0.604062,NULL
488,goal_loc_x,0.922766,NULL
488,goal_loc_y,0.274063,NULL
488,def_scheme,NULL,man
488,is_transition,0,NULL
488,is_off_dodge,1,NULL
488,is_right_handed,0,NULL
488,shot_quality,2,NULL
489,field_loc_x,0.499041,NULL
489,field_loc_y,0.659063,NULL
489,goal_loc_x,0.316652,NULL
489,goal_loc_y,0.239063,NULL
489,def_scheme,NULL,man
489,is_transition,0,NULL
489,is_off_dodge,1,NULL
489,is_right_handed,0,NULL
489,shot_quality,1,NULL
489,clean_save,0,NULL
490,field_loc_x,0.496005,NULL
490,field_loc_y,0.419062,NULL
490,goal_loc_x,0.761461,NULL
490,goal_loc_y,0.409063,NULL
490,def_scheme,NULL,man
490,is_transition,0,NULL
490,is_off_dodge,1,NULL
490,is_right_handed,1,NULL
490,shot_quality,2,NULL
491,field_loc_x,0.562812,NULL
491,field_loc_y,0.639063,NULL
491,goal_loc_x,0.111355,NULL
491,goal_loc_y,0.829063,NULL
491,def_scheme,NULL,man
491,is_transition,0,NULL
491,is_off_dodge,0,NULL
491,is_right_handed,0,NULL
491,shot_quality,2,NULL
492,field_loc_x,0.617473,NULL
492,field_loc_y,0.489062,NULL
492,goal_loc_x,0.126019,NULL
492,goal_loc_y,0.354062,NULL
492,def_scheme,NULL,man
492,is_transition,0,NULL
492,is_off_dodge,1,NULL
492,is_right_handed,1,NULL
492,shot_quality,3,NULL
493,field_loc_x,0.362389,NULL
493,field_loc_y,0.444063,NULL
493,goal_loc_x,0.111355,NULL
493,goal_loc_y,0.474063,NULL
493,def_scheme,NULL,man
493,is_transition,0,NULL
493,is_off_dodge,1,NULL
493,is_right_handed,1,NULL
493,shot_quality,2,NULL
494,goal_loc_x,0.702805,NULL
494,goal_loc_y,0.664062,NULL
494,field_loc_x,0.587106,NULL
494,field_loc_y,0.379063,NULL
494,def_scheme,NULL,man
494,is_transition,0,NULL
494,is_off_dodge,1,NULL
494,is_right_handed,0,NULL
494,shot_quality,2,NULL
494,clean_save,1,NULL
495,field_loc_x,0.404903,NULL
495,field_loc_y,0.504062,NULL
495,goal_loc_x,0.761461,NULL
495,goal_loc_y,0.479062,NULL
495,def_scheme,NULL,man
495,is_transition,0,NULL
495,is_off_dodge,1,NULL
495,is_right_handed,0,NULL
495,shot_quality,2,NULL
496,field_loc_x,0.529408,NULL
496,field_loc_y,0.279063,NULL
496,goal_loc_x,0.580605,NULL
496,goal_loc_y,0.429062,NULL
496,def_scheme,NULL,man
496,is_transition,0,NULL
496,is_off_dodge,1,NULL
496,is_right_handed,0,NULL
496,shot_quality,3,NULL
497,field_loc_x,0.338095,NULL
497,field_loc_y,0.599063,NULL
497,goal_loc_x,0.942318,NULL
497,goal_loc_y,0.799062,NULL
497,def_scheme,NULL,man
497,is_transition,0,NULL
497,is_off_dodge,0,NULL
497,is_right_handed,1,NULL
497,shot_quality,2,NULL
498,field_loc_x,0.581033,NULL
498,field_loc_y,0.364062,NULL
498,goal_loc_x,0.746797,NULL
498,goal_loc_y,0.374063,NULL
498,def_scheme,NULL,man
498,is_transition,0,NULL
498,is_off_dodge,1,NULL
498,is_right_handed,0,NULL
498,shot_quality,3,NULL
499,field_loc_x,0.401866,NULL
499,field_loc_y,0.454062,NULL
499,goal_loc_x,0.565941,NULL
499,goal_loc_y,0.164062,NULL
499,def_scheme,NULL,man
499,is_transition,0,NULL
499,is_off_dodge,0,NULL
499,is_right_handed,1,NULL
499,shot_quality,2,NULL
2109,field_loc_x,0.587106,NULL
2109,field_loc_y,0.379531,NULL
2109,goal_loc_x,0.482844,NULL
2109,goal_loc_y,0.174531,NULL
2109,def_scheme,NULL,man
2109,is_transition,1,NULL
2109,is_off_dodge,1,NULL
2109,is_right_handed,1,NULL
2109,shot_quality,3,NULL
2109,clean_save,1,NULL
2110,field_loc_x,0.429197,NULL
2110,field_loc_y,0.629531,NULL
2110,def_scheme,NULL,man
2110,is_transition,1,NULL
2110,is_off_dodge,0,NULL
2110,is_right_handed,0,NULL
2110,shot_quality,1,NULL
2110,goal_loc_x,0.257996,NULL
2110,goal_loc_y,0.169531,NULL
2111,field_loc_x,0.423123,NULL
2111,field_loc_y,0.729531,NULL
2111,def_scheme,NULL,man
2111,is_transition,1,NULL
2111,is_off_dodge,0,NULL
2111,is_right_handed,1,NULL
2111,shot_quality,1,NULL
2111,goal_loc_x,0.712581,NULL
2111,goal_loc_y,0.684531,NULL
2112,field_loc_x,0.423123,NULL
2112,field_loc_y,0.649531,NULL
2112,def_scheme,NULL,man
2112,is_transition,1,NULL
2112,is_off_dodge,0,NULL
2112,is_right_handed,0,NULL
2112,shot_quality,1,NULL
2112,goal_loc_x,0.546389,NULL
2112,goal_loc_y,0.679531,NULL
2113,field_loc_x,0.565849,NULL
2113,field_loc_y,0.709531,NULL
2113,def_scheme,NULL,man
2113,is_transition,1,NULL
2113,is_off_dodge,0,NULL
2113,is_right_handed,0,NULL
2113,shot_quality,1,NULL
2113,goal_loc_x,0.756573,NULL
2113,goal_loc_y,0.674531,NULL
2114,field_loc_x,0.520298,NULL
2114,field_loc_y,0.659531,NULL
2114,def_scheme,NULL,zone
2114,is_transition,0,NULL
2114,is_off_dodge,0,NULL
2114,is_right_handed,0,NULL
2114,shot_quality,1,NULL
2114,goal_loc_x,0.438852,NULL
2114,goal_loc_y,0.719531,NULL
2115,field_loc_x,0.441344,NULL
2115,field_loc_y,0.689531,NULL
2115,def_scheme,NULL,zone
2115,is_transition,0,NULL
2115,is_off_dodge,1,NULL
2115,is_right_handed,1,NULL
2115,shot_quality,1,NULL
2115,goal_loc_x,0.477956,NULL
2115,goal_loc_y,0.149531,NULL
2116,field_loc_x,0.562812,NULL
2116,field_loc_y,0.524531,NULL
2116,def_scheme,NULL,zone
2116,is_transition,0,NULL
2116,is_off_dodge,0,NULL
2116,is_right_handed,0,NULL
2116,shot_quality,2,NULL
2116,goal_loc_x,0.145571,NULL
2116,goal_loc_y,0.264531,NULL
2117,field_loc_x,0.429197,NULL
2117,field_loc_y,0.729531,NULL
2117,def_scheme,NULL,zone
2117,is_transition,0,NULL
2117,is_off_dodge,1,NULL
2117,is_right_handed,1,NULL
2117,shot_quality,2,NULL
2117,clean_save,1,NULL
2117,goal_loc_x,0.458404,NULL
2117,goal_loc_y,0.689531,NULL
2118,field_loc_x,0.538518,NULL
2118,field_loc_y,0.404531,NULL
2118,def_scheme,NULL,zone
2118,is_transition,0,NULL
2118,is_off_dodge,1,NULL
2118,is_right_handed,0,NULL
2118,shot_quality,2,NULL
2118,goal_loc_x,0.697917,NULL
2118,goal_loc_y,0.149531,NULL
2119,field_loc_x,0.42616,NULL
2119,field_loc_y,0.724531,NULL
2119,def_scheme,NULL,zone
2119,is_transition,0,NULL
2119,is_off_dodge,0,NULL
2119,is_right_handed,1,NULL
2119,shot_quality,3,NULL
2119,clean_save,0,NULL
2119,goal_loc_x,0.414412,NULL
2119,goal_loc_y,0.674531,NULL
2120,field_loc_x,0.462601,NULL
2120,field_loc_y,0.614531,NULL
2120,def_scheme,NULL,man
2120,is_transition,1,NULL
2120,is_off_dodge,1,NULL
2120,is_right_handed,1,NULL
2120,shot_quality,1,NULL
2120,goal_loc_x,0.336204,NULL
2120,goal_loc_y,0.654531,NULL
2121,field_loc_x,0.477784,NULL
2121,field_loc_y,0.319531,NULL
2121,def_scheme,NULL,man
2121,is_transition,1,NULL
2121,is_off_dodge,1,NULL
2121,is_right_handed,0,NULL
2121,clean_save,1,NULL
2121,shot_quality,3,NULL
2121,goal_loc_x,0.683253,NULL
2121,goal_loc_y,0.669531,NULL
2122,field_loc_x,0.401866,NULL
2122,field_loc_y,0.604531,NULL
2122,def_scheme,NULL,man
2122,is_transition,1,NULL
2122,is_off_dodge,0,NULL
2122,is_right_handed,1,NULL
2122,shot_quality,2,NULL
2122,clean_save,0,NULL
2122,goal_loc_x,0.331316,NULL
2122,goal_loc_y,0.239531,NULL
2123,field_loc_x,0.520298,NULL
2123,field_loc_y,0.304531,NULL
2123,def_scheme,NULL,man
2123,is_transition,1,NULL
2123,is_off_dodge,1,NULL
2123,is_right_handed,1,NULL
2123,shot_quality,3,NULL
2123,goal_loc_x,0.526836,NULL
2123,goal_loc_y,0.869531,NULL
2124,field_loc_x,0.420087,NULL
2124,field_loc_y,0.439531,NULL
2124,def_scheme,NULL,man
2124,is_transition,0,NULL
2124,is_off_dodge,1,NULL
2124,is_right_handed,0,NULL
2124,shot_quality,2,NULL
2124,clean_save,0,NULL
2124,goal_loc_x,0.316652,NULL
2124,goal_loc_y,0.409531,NULL
2125,field_loc_x,0.593179,NULL
2125,field_loc_y,0.449531,NULL
2125,def_scheme,NULL,man
2125,is_transition,0,NULL
2125,is_off_dodge,1,NULL
2125,is_right_handed,0,NULL
2125,shot_quality,2,NULL
2125,goal_loc_x,0.463292,NULL
2125,goal_loc_y,0.834531,NULL
2126,field_loc_x,0.590143,NULL
2126,field_loc_y,0.554531,NULL
2126,goal_loc_x,0.160235,NULL
2126,goal_loc_y,0.224531,NULL
2126,def_scheme,NULL,man
2126,is_transition,0,NULL
2126,is_off_dodge,0,NULL
2126,is_right_handed,0,NULL
2126,shot_quality,2,NULL
2128,field_loc_x,0.568886,NULL
2128,field_loc_y,0.444531,NULL
2128,def_scheme,NULL,man
2128,is_transition,0,NULL
2128,is_off_dodge,0,NULL
2128,is_right_handed,1,NULL
2128,shot_quality,2,NULL
2128,goal_loc_x,0.658813,NULL
2128,goal_loc_y,0.674531,NULL
2129,field_loc_x,0.395793,NULL
2129,field_loc_y,0.599531,NULL
2129,def_scheme,NULL,man
2129,is_transition,0,NULL
2129,is_off_dodge,1,NULL
2129,is_right_handed,1,NULL
2129,shot_quality,2,NULL
2129,goal_loc_x,0.878774,NULL
2129,goal_loc_y,0.784531,NULL
2130,field_loc_x,0.40794,NULL
2130,field_loc_y,0.604531,NULL
2130,def_scheme,NULL,man
2130,is_transition,0,NULL
2130,is_off_dodge,1,NULL
2130,is_right_handed,0,NULL
2130,shot_quality,2,NULL
2130,clean_save,0,NULL
2130,goal_loc_x,0.233555,NULL
2130,goal_loc_y,0.514531,NULL
2131,field_loc_x,0.550665,NULL
2131,field_loc_y,0.404531,NULL
2131,def_scheme,NULL,man
2131,is_transition,0,NULL
2131,is_off_dodge,1,NULL
2131,is_right_handed,1,NULL
2131,shot_quality,2,NULL
2131,goal_loc_x,0.737021,NULL
2131,goal_loc_y,0.169531,NULL
2132,field_loc_x,0.42616,NULL
2132,field_loc_y,0.604531,NULL
2132,def_scheme,NULL,man
2132,is_transition,0,NULL
2132,is_off_dodge,1,NULL
2132,is_right_handed,0,NULL
2132,shot_quality,1,NULL
2132,goal_loc_x,0.507284,NULL
2132,goal_loc_y,0.684531,NULL
2133,field_loc_x,0.42616,NULL
2133,field_loc_y,0.614531,NULL
2133,goal_loc_x,0.873886,NULL
2133,goal_loc_y,0.189531,NULL
2133,def_scheme,NULL,man
2133,is_transition,0,NULL
2133,is_off_dodge,1,NULL
2133,is_right_handed,1,NULL
2133,shot_quality,2,NULL
2134,field_loc_x,0.587106,NULL
2134,field_loc_y,0.379531,NULL
2134,def_scheme,NULL,zone
2134,is_transition,0,NULL
2134,is_off_dodge,0,NULL
2134,is_right_handed,1,NULL
2134,shot_quality,3,NULL
2134,clean_save,0,NULL
2134,goal_loc_x,0.751685,NULL
2134,goal_loc_y,0.434531,NULL
2135,field_loc_x,0.581033,NULL
2135,field_loc_y,0.419531,NULL
2135,def_scheme,NULL,zone
2135,is_transition,0,NULL
2135,is_off_dodge,0,NULL
2135,is_right_handed,0,NULL
2135,shot_quality,2,NULL
2135,goal_loc_x,0.737021,NULL
2135,goal_loc_y,0.639531,NULL
2136,field_loc_x,0.608363,NULL
2136,field_loc_y,0.664531,NULL
2136,def_scheme,NULL,zone
2136,is_transition,0,NULL
2136,is_off_dodge,0,NULL
2136,is_right_handed,0,NULL
2136,shot_quality,3,NULL
2136,clean_save,0,NULL
2136,goal_loc_x,0.766349,NULL
2136,goal_loc_y,0.559531,NULL
2137,field_loc_x,0.547629,NULL
2137,field_loc_y,0.674531,NULL
2137,def_scheme,NULL,zone
2137,is_transition,0,NULL
2137,is_off_dodge,0,NULL
2137,is_right_handed,1,NULL
2137,shot_quality,1,NULL
2137,clean_save,1,NULL
2137,goal_loc_x,0.717469,NULL
2137,goal_loc_y,0.614531,NULL
2138,field_loc_x,0.626583,NULL
2138,field_loc_y,0.549531,NULL
2138,def_scheme,NULL,zone
2138,is_transition,0,NULL
2138,is_off_dodge,0,NULL
2138,is_right_handed,0,NULL
2138,shot_quality,2,NULL
2138,goal_loc_x,0.24822,NULL
2138,goal_loc_y,0.674531,NULL
2139,field_loc_x,0.438307,NULL
2139,field_loc_y,0.294531,NULL
2139,def_scheme,NULL,man
2139,is_transition,0,NULL
2139,goal_loc_x,0.355756,NULL
2139,goal_loc_y,0.144531,NULL
2139,is_off_dodge,0,NULL
2139,is_right_handed,1,NULL
2139,shot_quality,3,NULL
2139,clean_save,0,NULL
2140,field_loc_x,0.40794,NULL
2140,field_loc_y,0.449531,NULL
2140,def_scheme,NULL,man
2140,is_transition,0,NULL
2140,is_off_dodge,1,NULL
2140,is_right_handed,1,NULL
2140,shot_quality,3,NULL
2140,clean_save,0,NULL
2140,goal_loc_x,0.761461,NULL
2140,goal_loc_y,0.389531,NULL
2141,field_loc_x,0.42616,NULL
2141,field_loc_y,0.444531,NULL
2141,def_scheme,NULL,man
2141,is_transition,0,NULL
2141,is_off_dodge,1,NULL
2141,is_right_handed,0,NULL
2141,shot_quality,3,NULL
2141,goal_loc_x,0.155347,NULL
2141,goal_loc_y,0.369531,NULL
2142,field_loc_x,0.596216,NULL
2142,field_loc_y,0.564531,NULL
2142,def_scheme,NULL,man
2142,is_transition,1,NULL
2142,is_off_dodge,0,NULL
2142,is_right_handed,0,NULL
2142,shot_quality,2,NULL
2142,goal_loc_x,0.375308,NULL
2142,goal_loc_y,0.799531,NULL
2143,field_loc_x,0.429197,NULL
2143,field_loc_y,0.699531,NULL
2143,def_scheme,NULL,man
2143,is_transition,1,NULL
2143,is_off_dodge,0,NULL
2143,is_right_handed,1,NULL
2143,shot_quality,1,NULL
2143,goal_loc_x,0.473068,NULL
2143,goal_loc_y,0.689531,NULL
2144,field_loc_x,0.523335,NULL
2144,field_loc_y,0.289531,NULL
2144,def_scheme,NULL,man
2144,is_transition,0,NULL
2144,is_off_dodge,1,NULL
2144,is_right_handed,0,NULL
2144,shot_quality,3,NULL
2144,clean_save,0,NULL
2144,goal_loc_x,0.51706,NULL
2144,goal_loc_y,0.154531,NULL
2145,field_loc_x,0.395793,NULL
2145,field_loc_y,0.589531,NULL
2145,def_scheme,NULL,man
2145,is_transition,1,NULL
2145,is_off_dodge,1,NULL
2145,is_right_handed,1,NULL
2145,shot_quality,3,NULL
2145,goal_loc_x,0.678365,NULL
2145,goal_loc_y,0.819531,NULL
2146,field_loc_x,0.441344,NULL
2146,field_loc_y,0.574531,NULL
2146,def_scheme,NULL,man
2146,is_transition,0,NULL
2146,is_off_dodge,1,NULL
2146,is_right_handed,1,NULL
2146,shot_quality,2,NULL
2146,goal_loc_x,0.868998,NULL
2146,goal_loc_y,0.144531,NULL
2147,field_loc_x,0.401866,NULL
2147,field_loc_y,0.614531,NULL
2147,def_scheme,NULL,man
2147,is_transition,0,NULL
2147,is_off_dodge,0,NULL
2147,is_right_handed,1,NULL
2147,shot_quality,2,NULL
2147,goal_loc_x,0.868998,NULL
2147,goal_loc_y,0.769531,NULL
2148,field_loc_x,0.462601,NULL
2148,field_loc_y,0.434531,NULL
2148,def_scheme,NULL,man
2148,is_transition,1,NULL
2148,is_off_dodge,1,NULL
2148,is_right_handed,0,NULL
2148,shot_quality,2,NULL
2148,clean_save,0,NULL
2148,goal_loc_x,0.477956,NULL
2148,goal_loc_y,0.264531,NULL
2149,field_loc_x,0.432234,NULL
2149,field_loc_y,0.304531,NULL
2149,def_scheme,NULL,man
2149,is_transition,0,NULL
2149,is_off_dodge,0,NULL
2149,is_right_handed,1,NULL
2149,shot_quality,3,NULL
2149,clean_save,0,NULL
2149,goal_loc_x,0.546389,NULL
2149,goal_loc_y,0.149531,NULL
533,field_loc_x,0.356316,NULL
533,field_loc_y,0.624062,NULL
533,goal_loc_x,0.34598,NULL
533,goal_loc_y,0.199062,NULL
533,def_scheme,NULL,zone
533,is_transition,0,NULL
533,is_off_dodge,0,NULL
533,is_right_handed,1,NULL
533,shot_quality,2,NULL
533,clean_save,0,NULL
555,field_loc_x,0.447417,NULL
555,field_loc_y,0.699063,NULL
555,goal_loc_x,0.140683,NULL
555,goal_loc_y,0.589063,NULL
555,def_scheme,NULL,zone
555,is_transition,0,NULL
555,is_off_dodge,0,NULL
555,is_right_handed,1,NULL
555,shot_quality,1,NULL
556,field_loc_x,0.565849,NULL
556,field_loc_y,0.239063,NULL
556,goal_loc_x,0.267772,NULL
556,goal_loc_y,0.369063,NULL
556,def_scheme,NULL,zone
556,is_transition,0,NULL
556,is_off_dodge,0,NULL
556,is_right_handed,0,NULL
556,shot_quality,3,NULL
556,clean_save,1,NULL
557,field_loc_x,0.371499,NULL
557,field_loc_y,0.609062,NULL
557,goal_loc_x,0.727245,NULL
557,goal_loc_y,0.554062,NULL
557,def_scheme,NULL,zone
557,is_transition,0,NULL
557,is_off_dodge,0,NULL
557,is_right_handed,1,NULL
557,shot_quality,2,NULL
557,clean_save,0,NULL
558,field_loc_x,0.450454,NULL
558,field_loc_y,0.699063,NULL
558,goal_loc_x,0.282436,NULL
558,goal_loc_y,0.159063,NULL
558,def_scheme,NULL,zone
558,is_transition,0,NULL
558,is_off_dodge,0,NULL
558,is_right_handed,1,NULL
558,shot_quality,1,NULL
559,field_loc_x,0.40794,NULL
559,field_loc_y,0.414062,NULL
559,goal_loc_x,0.756573,NULL
559,goal_loc_y,0.444063,NULL
559,def_scheme,NULL,zone
559,is_transition,0,NULL
559,is_off_dodge,0,NULL
559,is_right_handed,0,NULL
559,shot_quality,2,NULL
559,clean_save,0,NULL
560,field_loc_x,0.550665,NULL
560,field_loc_y,0.574063,NULL
560,goal_loc_x,0.160235,NULL
560,goal_loc_y,0.849063,NULL
560,def_scheme,NULL,zone
560,is_transition,0,NULL
560,is_off_dodge,0,NULL
560,is_right_handed,1,NULL
560,shot_quality,1,NULL
561,field_loc_x,0.514225,NULL
561,field_loc_y,0.674062,NULL
561,goal_loc_x,0.737021,NULL
561,goal_loc_y,0.684062,NULL
561,def_scheme,NULL,zone
561,is_transition,0,NULL
561,is_off_dodge,0,NULL
561,is_right_handed,0,NULL
561,shot_quality,1,NULL
562,field_loc_x,0.529408,NULL
562,field_loc_y,0.619062,NULL
562,goal_loc_x,0.697917,NULL
562,goal_loc_y,0.614062,NULL
562,def_scheme,NULL,zone
562,is_transition,0,NULL
562,is_off_dodge,0,NULL
562,is_right_handed,1,NULL
562,shot_quality,1,NULL
563,field_loc_x,0.650877,NULL
563,field_loc_y,0.609062,NULL
563,goal_loc_x,0.878774,NULL
563,goal_loc_y,0.194063,NULL
563,def_scheme,NULL,zone
563,is_transition,0,NULL
563,is_off_dodge,0,NULL
563,is_right_handed,0,NULL
563,shot_quality,2,NULL
564,field_loc_x,0.450454,NULL
564,field_loc_y,0.684062,NULL
564,def_scheme,NULL,zone
564,is_transition,1,NULL
564,is_off_dodge,0,NULL
564,is_right_handed,1,NULL
564,shot_quality,1,NULL
564,goal_loc_x,0.262884,NULL
564,goal_loc_y,0.569062,NULL
565,field_loc_x,0.553702,NULL
565,field_loc_y,0.439063,NULL
565,goal_loc_x,0.091803,NULL
565,goal_loc_y,0.529063,NULL
565,def_scheme,NULL,man
565,is_transition,0,NULL
565,is_off_dodge,1,NULL
565,is_right_handed,1,NULL
565,shot_quality,2,NULL
566,field_loc_x,0.341132,NULL
566,field_loc_y,0.614062,NULL
566,goal_loc_x,0.433964,NULL
566,goal_loc_y,0.154062,NULL
566,def_scheme,NULL,man
566,is_transition,0,NULL
566,is_off_dodge,0,NULL
566,is_right_handed,1,NULL
566,shot_quality,2,NULL
567,field_loc_x,0.623546,NULL
567,field_loc_y,0.459062,NULL
567,goal_loc_x,0.507284,NULL
567,goal_loc_y,0.159063,NULL
567,def_scheme,NULL,man
567,is_transition,0,NULL
567,is_off_dodge,1,NULL
567,is_right_handed,1,NULL
567,shot_quality,3,NULL
567,clean_save,1,NULL
568,field_loc_x,0.456527,NULL
568,field_loc_y,0.679062,NULL
568,goal_loc_x,0.717469,NULL
568,goal_loc_y,0.624062,NULL
568,def_scheme,NULL,zone
568,is_transition,1,NULL
568,is_off_dodge,0,NULL
568,is_right_handed,1,NULL
568,shot_quality,1,NULL
569,field_loc_x,0.356316,NULL
569,field_loc_y,0.379063,NULL
569,def_scheme,NULL,man
569,is_transition,0,NULL
569,is_off_dodge,0,NULL
569,is_right_handed,1,NULL
569,shot_quality,3,NULL
570,field_loc_x,0.568886,NULL
570,field_loc_y,0.329062,NULL
570,goal_loc_x,0.482844,NULL
570,goal_loc_y,0.169062,NULL
570,def_scheme,NULL,zone
570,is_transition,1,NULL
570,is_off_dodge,1,NULL
570,is_right_handed,1,NULL
570,shot_quality,3,NULL
570,clean_save,0,NULL
571,field_loc_x,0.593179,NULL
571,field_loc_y,0.764063,NULL
571,goal_loc_x,0.482844,NULL
571,goal_loc_y,0.704063,NULL
571,def_scheme,NULL,man
571,is_transition,0,NULL
571,is_off_dodge,1,NULL
571,is_right_handed,0,NULL
571,shot_quality,1,NULL
572,field_loc_x,0.471711,NULL
572,field_loc_y,0.444063,NULL
572,goal_loc_x,0.873886,NULL
572,goal_loc_y,0.514063,NULL
572,def_scheme,NULL,man
572,is_transition,1,NULL
572,is_off_dodge,1,NULL
572,is_right_handed,0,NULL
572,shot_quality,2,NULL
573,field_loc_x,0.617473,NULL
573,field_loc_y,0.499063,NULL
573,goal_loc_x,0.24822,NULL
573,goal_loc_y,0.164062,NULL
573,def_scheme,NULL,man
573,is_transition,0,NULL
573,is_off_dodge,1,NULL
573,is_right_handed,1,NULL
573,shot_quality,2,NULL
574,field_loc_x,0.380609,NULL
574,field_loc_y,0.389062,NULL
574,goal_loc_x,0.238444,NULL
574,goal_loc_y,0.459062,NULL
574,def_scheme,NULL,man
574,is_transition,0,NULL
574,is_off_dodge,1,NULL
574,is_right_handed,0,NULL
574,shot_quality,3,NULL
574,clean_save,1,NULL
575,field_loc_x,0.496005,NULL
575,field_loc_y,0.279063,NULL
575,goal_loc_x,0.507284,NULL
575,goal_loc_y,0.699063,NULL
575,def_scheme,NULL,man
575,is_transition,0,NULL
575,is_off_dodge,0,NULL
575,is_right_handed,1,NULL
575,shot_quality,3,NULL
576,field_loc_x,0.614436,NULL
576,field_loc_y,0.664062,NULL
576,goal_loc_x,0.810341,NULL
576,goal_loc_y,0.584063,NULL
576,def_scheme,NULL,man
576,is_transition,1,NULL
576,is_off_dodge,0,NULL
576,is_right_handed,0,NULL
576,shot_quality,2,NULL
577,field_loc_x,0.526372,NULL
577,field_loc_y,0.519063,NULL
577,goal_loc_x,0.277548,NULL
577,goal_loc_y,0.239063,NULL
577,def_scheme,NULL,man
577,is_transition,0,NULL
577,is_off_dodge,0,NULL
577,is_right_handed,1,NULL
577,shot_quality,2,NULL
578,field_loc_x,0.562812,NULL
578,field_loc_y,0.664062,NULL
578,goal_loc_x,0.326428,NULL
578,goal_loc_y,0.184062,NULL
578,def_scheme,NULL,man
578,is_transition,0,NULL
578,is_off_dodge,0,NULL
578,is_right_handed,1,NULL
578,shot_quality,1,NULL
595,field_loc_x,0.672134,NULL
595,field_loc_y,0.584063,NULL
595,goal_loc_x,0.262884,NULL
595,goal_loc_y,0.949063,NULL
595,def_scheme,NULL,zone
595,is_transition,0,NULL
595,is_off_dodge,0,NULL
595,is_right_handed,0,NULL
595,shot_quality,3,NULL
596,field_loc_x,0.359352,NULL
596,field_loc_y,0.439063,NULL
596,goal_loc_x,0.756573,NULL
596,goal_loc_y,0.569062,NULL
596,def_scheme,NULL,man
596,is_transition,0,NULL
596,is_off_dodge,0,NULL
596,is_right_handed,1,NULL
596,shot_quality,2,NULL
596,clean_save,1,NULL
597,field_loc_x,0.559775,NULL
597,field_loc_y,0.439063,NULL
597,goal_loc_x,0.658813,NULL
597,goal_loc_y,0.709063,NULL
597,def_scheme,NULL,zone
597,is_transition,1,NULL
597,is_off_dodge,1,NULL
597,is_right_handed,1,NULL
597,shot_quality,2,NULL
598,field_loc_x,0.596216,NULL
598,field_loc_y,0.469063,NULL
598,def_scheme,NULL,man
598,is_transition,0,NULL
598,is_off_dodge,1,NULL
598,is_right_handed,1,NULL
598,shot_quality,3,NULL
599,field_loc_x,0.459564,NULL
599,field_loc_y,0.679062,NULL
599,goal_loc_x,0.336204,NULL
599,goal_loc_y,0.179063,NULL
599,def_scheme,NULL,man
599,is_transition,1,NULL
599,is_off_dodge,1,NULL
599,is_right_handed,1,NULL
599,shot_quality,1,NULL
600,field_loc_x,0.429197,NULL
600,field_loc_y,0.669062,NULL
600,goal_loc_x,0.922766,NULL
600,goal_loc_y,0.189063,NULL
600,def_scheme,NULL,zone
600,is_transition,0,NULL
600,is_off_dodge,0,NULL
600,is_right_handed,1,NULL
600,shot_quality,2,NULL
601,field_loc_x,0.550665,NULL
601,field_loc_y,0.434063,NULL
601,goal_loc_x,0.106467,NULL
601,goal_loc_y,0.144063,NULL
601,def_scheme,NULL,zone
601,is_transition,1,NULL
601,is_off_dodge,0,NULL
601,is_right_handed,1,NULL
601,shot_quality,2,NULL
602,field_loc_x,0.565849,NULL
602,field_loc_y,0.704063,NULL
602,goal_loc_x,0.717469,NULL
602,goal_loc_y,0.424062,NULL
602,def_scheme,NULL,man
602,is_transition,0,NULL
602,is_off_dodge,1,NULL
602,is_right_handed,0,NULL
602,shot_quality,1,NULL
602,clean_save,0,NULL
603,field_loc_x,0.40794,NULL
603,field_loc_y,0.409063,NULL
603,goal_loc_x,0.301988,NULL
603,goal_loc_y,0.604062,NULL
603,def_scheme,NULL,zone
603,is_transition,1,NULL
603,is_off_dodge,0,NULL
603,is_right_handed,1,NULL
603,shot_quality,2,NULL
604,field_loc_x,0.40794,NULL
604,field_loc_y,0.634063,NULL
604,goal_loc_x,0.688141,NULL
604,goal_loc_y,0.619062,NULL
604,def_scheme,NULL,man
604,is_transition,0,NULL
604,is_off_dodge,1,NULL
604,is_right_handed,1,NULL
604,shot_quality,2,NULL
604,clean_save,1,NULL
605,field_loc_x,0.40794,NULL
605,field_loc_y,0.579063,NULL
605,goal_loc_x,0.702805,NULL
605,goal_loc_y,0.914062,NULL
605,def_scheme,NULL,man
605,is_transition,0,NULL
605,is_off_dodge,1,NULL
605,is_right_handed,0,NULL
605,shot_quality,3,NULL
606,field_loc_x,0.447417,NULL
606,field_loc_y,0.609062,NULL
606,goal_loc_x,0.116243,NULL
606,goal_loc_y,0.369063,NULL
606,def_scheme,NULL,man
606,is_transition,0,NULL
606,is_off_dodge,0,NULL
606,is_right_handed,1,NULL
606,shot_quality,2,NULL
607,field_loc_x,0.587106,NULL
607,field_loc_y,0.659063,NULL
607,goal_loc_x,0.756573,NULL
607,goal_loc_y,0.669062,NULL
607,def_scheme,NULL,man
607,is_transition,0,NULL
607,is_off_dodge,1,NULL
607,is_right_handed,0,NULL
607,shot_quality,2,NULL
608,field_loc_x,0.404903,NULL
608,field_loc_y,0.409063,NULL
608,def_scheme,NULL,zone
608,is_transition,1,NULL
608,is_off_dodge,0,NULL
608,is_right_handed,1,NULL
608,shot_quality,3,NULL
608,goal_loc_x,0.91299,NULL
608,goal_loc_y,0.284063,NULL
609,goal_loc_x,0.311764,NULL
609,goal_loc_y,0.944062,NULL
609,field_loc_x,0.295581,NULL
609,field_loc_y,0.449062,NULL
609,def_scheme,NULL,zone
609,is_transition,1,NULL
609,is_off_dodge,0,NULL
609,is_right_handed,1,NULL
609,shot_quality,3,NULL
610,field_loc_x,0.623546,NULL
610,field_loc_y,0.394062,NULL
610,goal_loc_x,0.746797,NULL
610,goal_loc_y,0.244062,NULL
610,def_scheme,NULL,man
610,is_transition,0,NULL
610,is_off_dodge,1,NULL
610,is_right_handed,0,NULL
610,shot_quality,3,NULL
611,field_loc_x,0.404903,NULL
611,field_loc_y,0.324062,NULL
611,goal_loc_x,0.805453,NULL
611,goal_loc_y,0.304062,NULL
611,def_scheme,NULL,zone
611,is_transition,0,NULL
611,is_off_dodge,1,NULL
611,is_right_handed,1,NULL
611,shot_quality,3,NULL
612,field_loc_x,0.502078,NULL
612,field_loc_y,0.659063,NULL
612,goal_loc_x,0.649037,NULL
612,goal_loc_y,0.594063,NULL
612,def_scheme,NULL,zone
612,is_transition,1,NULL
612,is_off_dodge,0,NULL
612,is_right_handed,0,NULL
612,shot_quality,1,NULL
612,clean_save,0,NULL
613,field_loc_x,0.577996,NULL
613,field_loc_y,0.604062,NULL
613,goal_loc_x,0.629485,NULL
613,goal_loc_y,0.184062,NULL
613,def_scheme,NULL,man
613,is_transition,0,NULL
613,is_off_dodge,0,NULL
613,is_right_handed,0,NULL
613,shot_quality,2,NULL
614,field_loc_x,0.456527,NULL
614,field_loc_y,0.669062,NULL
614,goal_loc_x,0.433964,NULL
614,goal_loc_y,0.149062,NULL
614,def_scheme,NULL,zone
614,is_transition,0,NULL
614,is_off_dodge,0,NULL
614,is_right_handed,1,NULL
614,shot_quality,1,NULL
615,field_loc_x,0.42616,NULL
615,field_loc_y,0.764063,NULL
615,goal_loc_x,0.424188,NULL
615,goal_loc_y,0.694062,NULL
615,def_scheme,NULL,man
615,is_transition,0,NULL
615,is_off_dodge,1,NULL
615,is_right_handed,1,NULL
615,shot_quality,2,NULL
615,clean_save,0,NULL
616,field_loc_x,0.453491,NULL
616,field_loc_y,0.364062,NULL
616,goal_loc_x,0.727245,NULL
616,goal_loc_y,0.559062,NULL
616,def_scheme,NULL,man
616,is_transition,0,NULL
616,is_off_dodge,0,NULL
616,is_right_handed,0,NULL
616,shot_quality,2,NULL
616,clean_save,0,NULL
617,field_loc_x,0.40794,NULL
617,field_loc_y,0.669062,NULL
617,goal_loc_x,0.253108,NULL
617,goal_loc_y,0.654063,NULL
618,field_loc_x,0.541555,NULL
618,field_loc_y,0.524063,NULL
618,goal_loc_x,0.306876,NULL
618,goal_loc_y,0.424062,NULL
618,def_scheme,NULL,man
618,is_transition,0,NULL
618,is_off_dodge,0,NULL
618,is_right_handed,1,NULL
618,shot_quality,2,NULL
618,clean_save,0,NULL
619,field_loc_x,0.562812,NULL
619,field_loc_y,0.599063,NULL
619,goal_loc_x,0.067363,NULL
619,goal_loc_y,0.354062,NULL
619,def_scheme,NULL,man
619,is_transition,0,NULL
619,is_off_dodge,1,NULL
619,is_right_handed,0,NULL
619,shot_quality,2,NULL
620,field_loc_x,0.40794,NULL
620,field_loc_y,0.559062,NULL
620,goal_loc_x,0.0966911,NULL
620,goal_loc_y,0.829063,NULL
620,def_scheme,NULL,zone
620,is_transition,1,NULL
620,is_off_dodge,1,NULL
620,is_right_handed,1,NULL
620,shot_quality,2,NULL
621,field_loc_x,0.322912,NULL
621,field_loc_y,0.609062,NULL
621,goal_loc_x,0.145571,NULL
621,goal_loc_y,0.594063,NULL
621,def_scheme,NULL,zone
621,is_transition,1,NULL
621,is_off_dodge,0,NULL
621,is_right_handed,1,NULL
621,shot_quality,2,NULL
622,field_loc_x,0.574959,NULL
622,field_loc_y,0.779063,NULL
622,goal_loc_x,0.561053,NULL
622,goal_loc_y,0.724063,NULL
622,def_scheme,NULL,zone
622,is_transition,0,NULL
622,is_off_dodge,1,NULL
622,is_right_handed,0,NULL
622,shot_quality,3,NULL
622,clean_save,1,NULL
623,field_loc_x,0.529408,NULL
623,field_loc_y,0.469063,NULL
623,goal_loc_x,0.781013,NULL
623,goal_loc_y,0.529063,NULL
623,def_scheme,NULL,man
623,is_transition,0,NULL
623,is_off_dodge,0,NULL
623,is_right_handed,1,NULL
623,shot_quality,2,NULL
624,field_loc_x,0.653914,NULL
624,field_loc_y,0.704063,NULL
624,goal_loc_x,0.873886,NULL
624,goal_loc_y,0.214062,NULL
624,def_scheme,NULL,man
624,is_transition,0,NULL
624,is_off_dodge,0,NULL
624,is_right_handed,0,NULL
624,shot_quality,3,NULL
625,field_loc_x,0.574959,NULL
625,field_loc_y,0.689062,NULL
625,goal_loc_x,0.414412,NULL
625,goal_loc_y,0.599063,NULL
625,def_scheme,NULL,man
625,is_transition,0,NULL
625,is_off_dodge,0,NULL
625,is_right_handed,0,NULL
625,shot_quality,2,NULL
625,clean_save,0,NULL
626,field_loc_x,0.496005,NULL
626,field_loc_y,0.564062,NULL
626,goal_loc_x,0.267772,NULL
626,goal_loc_y,0.374063,NULL
626,def_scheme,NULL,man
626,is_transition,0,NULL
626,is_off_dodge,1,NULL
626,is_right_handed,0,NULL
626,shot_quality,3,NULL
627,field_loc_x,0.568886,NULL
627,field_loc_y,0.444063,NULL
627,goal_loc_x,0.49262,NULL
627,goal_loc_y,0.169062,NULL
627,def_scheme,NULL,zone
627,is_transition,1,NULL
627,is_off_dodge,1,NULL
627,is_right_handed,1,NULL
627,shot_quality,2,NULL
627,clean_save,1,NULL
628,goal_loc_x,0.262884,NULL
628,goal_loc_y,0.224063,NULL
628,def_scheme,NULL,man
628,is_transition,0,NULL
628,is_off_dodge,1,NULL
628,is_right_handed,1,NULL
628,shot_quality,1,NULL
629,field_loc_x,0.344169,NULL
629,field_loc_y,0.614062,NULL
629,goal_loc_x,0.482844,NULL
629,goal_loc_y,0.144063,NULL
629,def_scheme,NULL,man
629,is_transition,0,NULL
629,is_off_dodge,0,NULL
629,is_right_handed,1,NULL
629,shot_quality,2,NULL
630,field_loc_x,0.392756,NULL
630,field_loc_y,0.434063,NULL
630,goal_loc_x,0.502396,NULL
630,goal_loc_y,0.144063,NULL
630,def_scheme,NULL,man
630,is_transition,0,NULL
630,is_off_dodge,1,NULL
630,is_right_handed,1,NULL
630,shot_quality,3,NULL
630,clean_save,0,NULL
631,field_loc_x,0.468674,NULL
631,field_loc_y,0.669062,NULL
631,goal_loc_x,0.741909,NULL
631,goal_loc_y,0.464063,NULL
631,def_scheme,NULL,man
631,is_transition,0,NULL
631,is_off_dodge,1,NULL
631,is_right_handed,1,NULL
631,shot_quality,1,NULL
631,clean_save,0,NULL
632,field_loc_x,0.41705,NULL
632,field_loc_y,0.764063,NULL
632,goal_loc_x,0.463292,NULL
632,goal_loc_y,0.159063,NULL
632,def_scheme,NULL,man
632,is_transition,0,NULL
632,is_off_dodge,0,NULL
632,is_right_handed,1,NULL
632,shot_quality,2,NULL
632,clean_save,0,NULL
633,field_loc_x,0.653914,NULL
633,field_loc_y,0.459062,NULL
633,goal_loc_x,0.0380349,NULL
633,goal_loc_y,0.659063,NULL
633,def_scheme,NULL,man
633,is_transition,0,NULL
633,is_off_dodge,0,NULL
633,is_right_handed,1,NULL
633,shot_quality,3,NULL
634,field_loc_x,0.653914,NULL
634,field_loc_y,0.544062,NULL
634,goal_loc_x,0.135795,NULL
634,goal_loc_y,0.939062,NULL
634,def_scheme,NULL,man
634,is_transition,0,NULL
634,is_off_dodge,1,NULL
634,is_right_handed,0,NULL
634,shot_quality,3,NULL
635,field_loc_x,0.496005,NULL
635,field_loc_y,0.349063,NULL
635,goal_loc_x,0.448628,NULL
635,goal_loc_y,0.164062,NULL
635,def_scheme,NULL,man
635,is_transition,0,NULL
635,is_off_dodge,1,NULL
635,is_right_handed,1,NULL
635,shot_quality,3,NULL
635,clean_save,0,NULL
636,field_loc_x,0.365426,NULL
636,field_loc_y,0.634063,NULL
636,goal_loc_x,0.908102,NULL
636,goal_loc_y,0.359062,NULL
636,def_scheme,NULL,zone
636,is_transition,0,NULL
636,is_off_dodge,1,NULL
636,is_right_handed,1,NULL
636,shot_quality,2,NULL
637,field_loc_x,0.617473,NULL
637,field_loc_y,0.599063,NULL
637,goal_loc_x,0.389972,NULL
637,goal_loc_y,0.349063,NULL
637,def_scheme,NULL,man
637,is_transition,0,NULL
637,is_off_dodge,1,NULL
637,is_right_handed,1,NULL
637,shot_quality,3,NULL
637,clean_save,1,NULL
638,field_loc_x,0.499041,NULL
638,field_loc_y,0.409063,NULL
638,goal_loc_x,0.707693,NULL
638,goal_loc_y,0.659063,NULL
638,def_scheme,NULL,man
638,is_transition,0,NULL
638,is_off_dodge,1,NULL
638,is_right_handed,1,NULL
638,shot_quality,2,NULL
639,field_loc_x,0.404903,NULL
639,field_loc_y,0.594063,NULL
639,goal_loc_x,0.903214,NULL
639,goal_loc_y,0.174063,NULL
639,def_scheme,NULL,man
639,is_transition,0,NULL
639,is_off_dodge,1,NULL
639,is_right_handed,0,NULL
639,shot_quality,2,NULL
640,field_loc_x,0.529408,NULL
640,field_loc_y,0.324062,NULL
640,goal_loc_x,0.287324,NULL
640,goal_loc_y,0.194063,NULL
640,def_scheme,NULL,zone
640,is_transition,1,NULL
640,is_off_dodge,1,NULL
640,is_right_handed,1,NULL
640,shot_quality,3,NULL
641,field_loc_x,0.338095,NULL
641,field_loc_y,0.614062,NULL
641,goal_loc_x,0.482844,NULL
641,goal_loc_y,0.234062,NULL
641,def_scheme,NULL,man
641,is_transition,0,NULL
641,is_off_dodge,0,NULL
641,is_right_handed,1,NULL
641,shot_quality,3,NULL
641,clean_save,1,NULL
642,field_loc_x,0.541555,NULL
642,field_loc_y,0.414062,NULL
642,goal_loc_x,0.854333,NULL
642,goal_loc_y,0.229062,NULL
642,def_scheme,NULL,man
642,is_transition,1,NULL
642,is_off_dodge,1,NULL
642,is_right_handed,0,NULL
642,shot_quality,3,NULL
643,field_loc_x,0.590143,NULL
643,field_loc_y,0.284063,NULL
643,goal_loc_x,0.868998,NULL
643,goal_loc_y,0.174063,NULL
643,def_scheme,NULL,zone
643,is_transition,1,NULL
643,is_off_dodge,1,NULL
643,is_right_handed,1,NULL
643,shot_quality,3,NULL
644,field_loc_x,0.39883,NULL
644,field_loc_y,0.609062,NULL
644,goal_loc_x,0.44374,NULL
644,goal_loc_y,0.704063,NULL
644,def_scheme,NULL,zone
644,is_transition,1,NULL
644,is_off_dodge,0,NULL
644,is_right_handed,1,NULL
644,shot_quality,1,NULL
645,field_loc_x,0.514225,NULL
645,field_loc_y,0.269062,NULL
645,goal_loc_x,0.741909,NULL
645,goal_loc_y,0.154062,NULL
645,def_scheme,NULL,zone
645,is_transition,0,NULL
645,is_off_dodge,1,NULL
645,is_right_handed,1,NULL
645,shot_quality,3,NULL
645,clean_save,0,NULL
646,field_loc_x,0.535482,NULL
646,field_loc_y,0.474063,NULL
646,goal_loc_x,0.448628,NULL
646,goal_loc_y,0.914062,NULL
646,def_scheme,NULL,man
646,is_transition,1,NULL
646,is_off_dodge,1,NULL
646,is_right_handed,1,NULL
646,shot_quality,2,NULL
647,field_loc_x,0.410977,NULL
647,field_loc_y,0.439063,NULL
647,goal_loc_x,0.737021,NULL
647,goal_loc_y,0.624062,NULL
647,def_scheme,NULL,man
647,is_transition,1,NULL
647,is_off_dodge,1,NULL
647,is_right_handed,0,NULL
647,shot_quality,2,NULL
647,clean_save,1,NULL
648,field_loc_x,0.562812,NULL
648,field_loc_y,0.349063,NULL
648,def_scheme,NULL,man
648,is_transition,1,NULL
648,is_off_dodge,1,NULL
648,goal_loc_x,0.243332,NULL
648,goal_loc_y,0.279063,NULL
648,is_right_handed,0,NULL
648,shot_quality,3,NULL
649,field_loc_x,0.486894,NULL
649,field_loc_y,0.664062,NULL
649,goal_loc_x,0.756573,NULL
649,goal_loc_y,0.524063,NULL
649,def_scheme,NULL,zone
649,is_transition,1,NULL
649,is_off_dodge,0,NULL
649,is_right_handed,1,NULL
649,shot_quality,1,NULL
650,field_loc_x,0.395793,NULL
650,field_loc_y,0.374063,NULL
650,goal_loc_x,0.111355,NULL
650,goal_loc_y,0.184062,NULL
650,def_scheme,NULL,zone
650,is_transition,0,NULL
650,is_off_dodge,0,NULL
650,is_right_handed,1,NULL
650,shot_quality,2,NULL
651,field_loc_x,0.423123,NULL
651,field_loc_y,0.674062,NULL
651,goal_loc_x,0.32154,NULL
651,goal_loc_y,0.214062,NULL
651,def_scheme,NULL,zone
651,is_transition,0,NULL
651,is_off_dodge,0,NULL
651,is_right_handed,1,NULL
651,shot_quality,1,NULL
651,clean_save,0,NULL
652,field_loc_x,0.550665,NULL
652,field_loc_y,0.409063,NULL
652,goal_loc_x,0.727245,NULL
652,goal_loc_y,0.644063,NULL
652,def_scheme,NULL,zone
652,is_transition,0,NULL
652,is_off_dodge,1,NULL
652,is_right_handed,1,NULL
652,shot_quality,2,NULL
653,field_loc_x,0.441344,NULL
653,field_loc_y,0.709063,NULL
653,goal_loc_x,0.551277,NULL
653,goal_loc_y,0.704063,NULL
653,def_scheme,NULL,zone
653,is_transition,0,NULL
653,is_off_dodge,0,NULL
653,is_right_handed,1,NULL
653,shot_quality,1,NULL
653,clean_save,1,NULL
654,field_loc_x,0.632657,NULL
654,field_loc_y,0.579063,NULL
654,goal_loc_x,0.565941,NULL
654,goal_loc_y,0.699063,NULL
654,def_scheme,NULL,zone
654,is_transition,0,NULL
654,is_off_dodge,0,NULL
654,is_right_handed,0,NULL
654,shot_quality,2,NULL
655,field_loc_x,0.450454,NULL
655,field_loc_y,0.334062,NULL
655,goal_loc_x,0.49262,NULL
655,goal_loc_y,0.154062,NULL
655,def_scheme,NULL,zone
655,is_transition,0,NULL
655,is_off_dodge,0,NULL
655,is_right_handed,0,NULL
655,shot_quality,3,NULL
656,field_loc_x,0.462601,NULL
656,field_loc_y,0.524063,NULL
656,goal_loc_x,0.477956,NULL
656,goal_loc_y,0.749062,NULL
656,def_scheme,NULL,zone
656,is_transition,0,NULL
656,is_off_dodge,0,NULL
656,is_right_handed,1,NULL
656,shot_quality,2,NULL
657,field_loc_x,0.608363,NULL
657,field_loc_y,0.609062,NULL
657,goal_loc_x,0.693029,NULL
657,goal_loc_y,0.679062,NULL
657,def_scheme,NULL,zone
657,is_transition,0,NULL
657,is_off_dodge,0,NULL
657,is_right_handed,0,NULL
657,shot_quality,2,NULL
659,field_loc_x,0.565849,NULL
659,field_loc_y,0.694062,NULL
659,goal_loc_x,0.331316,NULL
659,goal_loc_y,0.179063,NULL
659,def_scheme,NULL,zone
659,is_transition,0,NULL
659,is_off_dodge,0,NULL
659,is_right_handed,0,NULL
659,shot_quality,3,NULL
660,field_loc_x,0.553702,NULL
660,field_loc_y,0.484062,NULL
660,goal_loc_x,0.233555,NULL
660,goal_loc_y,0.339063,NULL
660,def_scheme,NULL,zone
660,is_transition,0,NULL
660,is_off_dodge,0,NULL
660,is_right_handed,1,NULL
660,shot_quality,2,NULL
661,field_loc_x,0.43527,NULL
661,field_loc_y,0.304062,NULL
661,goal_loc_x,0.761461,NULL
661,goal_loc_y,0.584063,NULL
661,def_scheme,NULL,zone
661,is_transition,0,NULL
661,is_off_dodge,0,NULL
661,is_right_handed,0,NULL
661,shot_quality,3,NULL
661,clean_save,1,NULL
662,field_loc_x,0.499041,NULL
662,field_loc_y,0.654063,NULL
662,goal_loc_x,0.727245,NULL
662,goal_loc_y,0.169062,NULL
662,def_scheme,NULL,zone
662,is_transition,0,NULL
662,is_off_dodge,0,NULL
662,is_right_handed,1,NULL
662,shot_quality,1,NULL
663,field_loc_x,0.43527,NULL
663,field_loc_y,0.599063,NULL
663,goal_loc_x,0.253108,NULL
663,goal_loc_y,0.249062,NULL
663,def_scheme,NULL,zone
663,is_transition,0,NULL
663,is_off_dodge,0,NULL
663,is_right_handed,0,NULL
663,shot_quality,1,NULL
663,clean_save,0,NULL
664,field_loc_x,0.483858,NULL
664,field_loc_y,0.619062,NULL
664,goal_loc_x,0.678365,NULL
664,goal_loc_y,0.654063,NULL
664,def_scheme,NULL,man
664,is_transition,0,NULL
664,is_off_dodge,0,NULL
664,is_right_handed,1,NULL
664,shot_quality,1,NULL
665,field_loc_x,0.587106,NULL
665,field_loc_y,0.549062,NULL
665,goal_loc_x,0.0966911,NULL
665,goal_loc_y,0.164062,NULL
665,def_scheme,NULL,man
665,is_transition,0,NULL
665,is_off_dodge,0,NULL
665,is_right_handed,1,NULL
665,shot_quality,2,NULL
666,field_loc_x,0.42616,NULL
666,field_loc_y,0.514063,NULL
666,goal_loc_x,0.375308,NULL
666,goal_loc_y,0.609062,NULL
666,def_scheme,NULL,man
666,is_transition,0,NULL
666,is_off_dodge,1,NULL
666,is_right_handed,0,NULL
666,shot_quality,2,NULL
667,field_loc_x,0.590143,NULL
667,field_loc_y,0.454062,NULL
667,goal_loc_x,0.077139,NULL
667,goal_loc_y,0.284063,NULL
667,def_scheme,NULL,man
667,is_transition,0,NULL
667,is_off_dodge,0,NULL
667,is_right_handed,0,NULL
667,shot_quality,3,NULL
668,field_loc_x,0.468674,NULL
668,field_loc_y,0.669062,NULL
668,goal_loc_x,0.399748,NULL
668,goal_loc_y,0.639063,NULL
668,def_scheme,NULL,man
668,is_transition,0,NULL
668,is_off_dodge,1,NULL
668,is_right_handed,1,NULL
668,shot_quality,1,NULL
669,field_loc_x,0.395793,NULL
669,field_loc_y,0.599063,NULL
669,goal_loc_x,0.316652,NULL
669,goal_loc_y,0.649063,NULL
669,def_scheme,NULL,man
669,is_transition,0,NULL
669,is_off_dodge,0,NULL
669,is_right_handed,1,NULL
669,shot_quality,2,NULL
670,field_loc_x,0.496005,NULL
670,field_loc_y,0.444063,NULL
670,goal_loc_x,0.761461,NULL
670,goal_loc_y,0.439063,NULL
670,def_scheme,NULL,man
670,is_transition,0,NULL
670,is_off_dodge,1,NULL
670,is_right_handed,0,NULL
670,shot_quality,2,NULL
671,field_loc_x,0.432234,NULL
671,field_loc_y,0.384062,NULL
671,goal_loc_x,0.917878,NULL
671,goal_loc_y,0.239063,NULL
671,def_scheme,NULL,man
671,is_transition,0,NULL
671,is_off_dodge,1,NULL
671,is_right_handed,0,NULL
671,shot_quality,2,NULL
672,field_loc_x,0.410977,NULL
672,field_loc_y,0.644063,NULL
672,goal_loc_x,0.932542,NULL
672,goal_loc_y,0.804062,NULL
672,def_scheme,NULL,man
672,is_transition,0,NULL
672,is_off_dodge,0,NULL
672,is_right_handed,1,NULL
672,shot_quality,2,NULL
673,field_loc_x,0.392756,NULL
673,field_loc_y,0.609062,NULL
673,goal_loc_x,0.140683,NULL
673,goal_loc_y,0.224063,NULL
673,def_scheme,NULL,man
673,is_transition,0,NULL
673,is_off_dodge,0,NULL
673,is_right_handed,1,NULL
673,shot_quality,2,NULL
674,field_loc_x,0.526372,NULL
674,field_loc_y,0.659063,NULL
674,goal_loc_x,0.732133,NULL
674,goal_loc_y,0.399063,NULL
674,def_scheme,NULL,man
674,is_transition,0,NULL
674,is_off_dodge,1,NULL
674,is_right_handed,0,NULL
674,shot_quality,1,NULL
674,clean_save,0,NULL
675,field_loc_x,0.617473,NULL
675,field_loc_y,0.624062,NULL
675,goal_loc_x,0.072251,NULL
675,goal_loc_y,0.624062,NULL
675,def_scheme,NULL,man
675,is_transition,0,NULL
675,is_off_dodge,1,NULL
675,is_right_handed,0,NULL
675,shot_quality,2,NULL
676,field_loc_x,0.392756,NULL
676,field_loc_y,0.614062,NULL
676,def_scheme,NULL,man
676,is_transition,1,NULL
676,is_off_dodge,0,NULL
676,is_right_handed,1,NULL
676,shot_quality,2,NULL
676,clean_save,0,NULL
676,goal_loc_x,0.267772,NULL
676,goal_loc_y,0.374063,NULL
677,field_loc_x,0.565849,NULL
677,field_loc_y,0.414062,NULL
677,goal_loc_x,0.908102,NULL
677,goal_loc_y,0.219063,NULL
677,def_scheme,NULL,man
677,is_transition,1,NULL
677,is_off_dodge,1,NULL
677,is_right_handed,1,NULL
677,shot_quality,3,NULL
678,field_loc_x,0.480821,NULL
678,field_loc_y,0.664062,NULL
678,goal_loc_x,0.526836,NULL
678,goal_loc_y,0.169062,NULL
678,def_scheme,NULL,man
678,is_transition,0,NULL
678,is_off_dodge,0,NULL
678,is_right_handed,1,NULL
678,shot_quality,1,NULL
679,field_loc_x,0.404903,NULL
679,field_loc_y,0.474063,NULL
679,goal_loc_x,0.228667,NULL
679,goal_loc_y,0.474063,NULL
679,def_scheme,NULL,man
679,is_transition,0,NULL
679,is_off_dodge,0,NULL
679,is_right_handed,1,NULL
679,shot_quality,2,NULL
680,field_loc_x,0.584069,NULL
680,field_loc_y,0.424062,NULL
680,goal_loc_x,0.878774,NULL
680,goal_loc_y,0.304062,NULL
680,def_scheme,NULL,man
680,is_transition,1,NULL
680,is_off_dodge,1,NULL
680,is_right_handed,1,NULL
680,shot_quality,2,NULL
681,field_loc_x,0.541555,NULL
681,field_loc_y,0.344063,NULL
681,goal_loc_x,0.712581,NULL
681,goal_loc_y,0.354062,NULL
681,def_scheme,NULL,man
681,is_transition,0,NULL
681,is_off_dodge,1,NULL
681,is_right_handed,0,NULL
681,shot_quality,2,NULL
682,field_loc_x,0.395793,NULL
682,field_loc_y,0.0390625,NULL
682,goal_loc_x,0.932542,NULL
682,goal_loc_y,0.199062,NULL
682,def_scheme,NULL,man
682,is_transition,1,NULL
682,is_off_dodge,1,NULL
682,is_right_handed,1,NULL
682,shot_quality,3,NULL
683,field_loc_x,0.438307,NULL
683,field_loc_y,0.764063,NULL
683,goal_loc_x,0.262884,NULL
683,goal_loc_y,0.304062,NULL
683,def_scheme,NULL,man
683,is_transition,1,NULL
683,is_off_dodge,0,NULL
683,is_right_handed,1,NULL
683,shot_quality,2,NULL
683,clean_save,0,NULL
684,field_loc_x,0.590143,NULL
684,field_loc_y,0.514063,NULL
684,goal_loc_x,0.629485,NULL
684,goal_loc_y,0.904063,NULL
684,def_scheme,NULL,man
684,is_transition,1,NULL
684,is_off_dodge,1,NULL
684,is_right_handed,1,NULL
684,shot_quality,2,NULL
685,field_loc_x,0.526372,NULL
685,field_loc_y,0.669062,NULL
685,goal_loc_x,0.316652,NULL
685,goal_loc_y,0.179063,NULL
685,def_scheme,NULL,zone
685,is_transition,1,NULL
685,is_off_dodge,0,NULL
685,is_right_handed,0,NULL
685,shot_quality,1,NULL
686,field_loc_x,0.596216,NULL
686,field_loc_y,0.614062,NULL
686,goal_loc_x,0.844557,NULL
686,goal_loc_y,0.204063,NULL
686,def_scheme,NULL,man
686,is_transition,1,NULL
686,is_off_dodge,0,NULL
686,is_right_handed,0,NULL
686,shot_quality,2,NULL
687,field_loc_x,0.559775,NULL
687,field_loc_y,0.674062,NULL
687,goal_loc_x,0.277548,NULL
687,goal_loc_y,0.184062,NULL
687,def_scheme,NULL,man
687,is_transition,0,NULL
687,is_off_dodge,0,NULL
687,is_right_handed,1,NULL
687,shot_quality,2,NULL
688,field_loc_x,0.40794,NULL
688,field_loc_y,0.554062,NULL
688,goal_loc_x,0.91299,NULL
688,goal_loc_y,0.579063,NULL
688,def_scheme,NULL,zone
688,is_transition,0,NULL
688,is_off_dodge,0,NULL
688,is_right_handed,1,NULL
688,shot_quality,2,NULL
689,field_loc_x,0.562812,NULL
689,field_loc_y,0.344063,NULL
689,goal_loc_x,0.477956,NULL
689,goal_loc_y,0.174063,NULL
689,def_scheme,NULL,zone
689,is_transition,0,NULL
689,is_off_dodge,0,NULL
689,is_right_handed,1,NULL
689,shot_quality,3,NULL
689,clean_save,1,NULL
690,field_loc_x,0.559775,NULL
690,field_loc_y,0.604062,NULL
690,goal_loc_x,0.702805,NULL
690,goal_loc_y,0.509063,NULL
690,def_scheme,NULL,zone
690,is_transition,0,NULL
690,is_off_dodge,0,NULL
690,is_right_handed,0,NULL
690,shot_quality,2,NULL
691,field_loc_x,0.593179,NULL
691,field_loc_y,0.629062,NULL
691,goal_loc_x,0.88855,NULL
691,goal_loc_y,0.584063,NULL
691,def_scheme,NULL,zone
691,is_transition,0,NULL
691,is_off_dodge,0,NULL
691,is_right_handed,0,NULL
691,shot_quality,2,NULL
692,field_loc_x,0.477784,NULL
692,field_loc_y,0.454062,NULL
692,goal_loc_x,0.360644,NULL
692,goal_loc_y,0.544062,NULL
692,def_scheme,NULL,zone
692,is_transition,0,NULL
692,is_off_dodge,0,NULL
692,is_right_handed,1,NULL
692,shot_quality,3,NULL
693,field_loc_x,0.43527,NULL
693,field_loc_y,0.669062,NULL
693,goal_loc_x,0.277548,NULL
693,goal_loc_y,0.614062,NULL
693,def_scheme,NULL,zone
693,is_transition,0,NULL
693,is_off_dodge,1,NULL
693,is_right_handed,1,NULL
693,shot_quality,2,NULL
693,clean_save,0,NULL
694,field_loc_x,0.550665,NULL
694,field_loc_y,0.684062,NULL
694,goal_loc_x,0.595269,NULL
694,goal_loc_y,0.629062,NULL
694,def_scheme,NULL,zone
694,is_transition,0,NULL
694,is_off_dodge,0,NULL
694,is_right_handed,0,NULL
694,shot_quality,1,NULL
695,field_loc_x,0.40794,NULL
695,field_loc_y,0.544062,NULL
695,goal_loc_x,0.624597,NULL
695,goal_loc_y,0.694062,NULL
695,def_scheme,NULL,zone
695,is_transition,0,NULL
695,is_off_dodge,0,NULL
695,is_right_handed,1,NULL
695,shot_quality,2,NULL
696,field_loc_x,0.608363,NULL
696,field_loc_y,0.374063,NULL
696,goal_loc_x,0.27266,NULL
696,goal_loc_y,0.644063,NULL
696,def_scheme,NULL,zone
696,is_transition,0,NULL
696,is_off_dodge,0,NULL
696,is_right_handed,1,NULL
696,shot_quality,3,NULL
697,field_loc_x,0.626583,NULL
697,field_loc_y,0.539062,NULL
697,goal_loc_x,0.409524,NULL
697,goal_loc_y,0.169062,NULL
697,def_scheme,NULL,zone
697,is_transition,0,NULL
697,is_off_dodge,0,NULL
697,is_right_handed,0,NULL
697,shot_quality,2,NULL
698,field_loc_x,0.541555,NULL
698,field_loc_y,0.674062,NULL
698,goal_loc_x,0.668589,NULL
698,goal_loc_y,0.614062,NULL
698,def_scheme,NULL,zone
698,is_transition,0,NULL
698,is_off_dodge,0,NULL
698,is_right_handed,0,NULL
698,shot_quality,1,NULL
698,clean_save,0,NULL
699,field_loc_x,0.39883,NULL
699,field_loc_y,0.456562,NULL
699,goal_loc_x,0.952094,NULL
699,goal_loc_y,0.676562,NULL
699,def_scheme,NULL,zone
699,is_transition,0,NULL
699,is_off_dodge,0,NULL
699,is_right_handed,1,NULL
699,shot_quality,2,NULL
700,field_loc_x,0.581033,NULL
700,field_loc_y,0.296562,NULL
700,goal_loc_x,0.2971,NULL
700,goal_loc_y,0.886563,NULL
700,def_scheme,NULL,zone
700,is_transition,0,NULL
700,is_off_dodge,0,NULL
700,is_right_handed,1,NULL
700,shot_quality,3,NULL
701,field_loc_x,0.565849,NULL
701,field_loc_y,0.746562,NULL
701,goal_loc_x,0.766349,NULL
701,goal_loc_y,0.201562,NULL
701,def_scheme,NULL,zone
701,is_transition,0,NULL
701,is_off_dodge,0,NULL
701,is_right_handed,0,NULL
701,shot_quality,1,NULL
769,field_loc_x,0.550665,NULL
769,field_loc_y,0.714063,NULL
769,goal_loc_x,0.253108,NULL
769,goal_loc_y,0.189063,NULL
769,def_scheme,NULL,man
769,is_transition,0,NULL
769,is_off_dodge,0,NULL
769,is_right_handed,0,NULL
769,shot_quality,1,NULL
770,field_loc_x,0.590143,NULL
770,field_loc_y,0.614062,NULL
770,def_scheme,NULL,man
770,is_transition,0,NULL
770,is_off_dodge,0,NULL
770,is_right_handed,0,NULL
770,shot_quality,2,NULL
770,goal_loc_x,0.868998,NULL
770,goal_loc_y,0.154062,NULL
772,field_loc_x,0.550665,NULL
772,field_loc_y,0.624062,NULL
772,goal_loc_x,0.2971,NULL
772,goal_loc_y,0.154062,NULL
772,def_scheme,NULL,man
772,is_transition,0,NULL
772,is_off_dodge,1,NULL
772,is_right_handed,0,NULL
772,shot_quality,1,NULL
773,field_loc_x,0.432234,NULL
773,field_loc_y,0.729062,NULL
773,goal_loc_x,0.27266,NULL
773,goal_loc_y,0.604062,NULL
773,def_scheme,NULL,man
773,is_transition,0,NULL
773,is_off_dodge,1,NULL
773,is_right_handed,1,NULL
773,shot_quality,2,NULL
773,clean_save,0,NULL
774,field_loc_x,0.587106,NULL
774,field_loc_y,0.469063,NULL
774,goal_loc_x,0.453516,NULL
774,goal_loc_y,0.874062,NULL
774,def_scheme,NULL,man
774,is_transition,0,NULL
774,is_off_dodge,1,NULL
774,is_right_handed,1,NULL
774,shot_quality,2,NULL
776,field_loc_x,0.565849,NULL
776,field_loc_y,0.699063,NULL
776,goal_loc_x,0.737021,NULL
776,goal_loc_y,0.589063,NULL
776,def_scheme,NULL,man
776,is_transition,0,NULL
776,is_off_dodge,0,NULL
776,is_right_handed,0,NULL
776,shot_quality,2,NULL
776,clean_save,0,NULL
777,field_loc_x,0.410977,NULL
777,field_loc_y,0.459062,NULL
777,goal_loc_x,0.741909,NULL
777,goal_loc_y,0.199062,NULL
777,def_scheme,NULL,man
777,is_transition,0,NULL
777,is_off_dodge,0,NULL
777,is_right_handed,1,NULL
777,shot_quality,2,NULL
778,field_loc_x,0.574959,NULL
778,field_loc_y,0.699063,NULL
778,goal_loc_x,0.267772,NULL
778,goal_loc_y,0.174063,NULL
778,def_scheme,NULL,man
778,is_transition,0,NULL
778,is_off_dodge,1,NULL
778,is_right_handed,1,NULL
778,shot_quality,2,NULL
779,field_loc_x,0.599253,NULL
779,field_loc_y,0.549062,NULL
779,goal_loc_x,0.243332,NULL
779,goal_loc_y,0.884063,NULL
779,def_scheme,NULL,man
779,is_transition,0,NULL
779,is_off_dodge,1,NULL
779,is_right_handed,1,NULL
779,shot_quality,3,NULL
780,field_loc_x,0.587106,NULL
780,field_loc_y,0.439063,NULL
780,goal_loc_x,0.766349,NULL
780,goal_loc_y,0.724063,NULL
780,def_scheme,NULL,man
780,is_transition,0,NULL
780,is_off_dodge,0,NULL
780,is_right_handed,0,NULL
780,shot_quality,2,NULL
780,clean_save,1,NULL
781,field_loc_x,0.39883,NULL
781,field_loc_y,0.604062,NULL
781,goal_loc_x,0.257996,NULL
781,goal_loc_y,0.834063,NULL
781,def_scheme,NULL,man
781,is_transition,0,NULL
781,is_off_dodge,1,NULL
781,is_right_handed,0,NULL
781,shot_quality,3,NULL
782,field_loc_x,0.489931,NULL
782,field_loc_y,0.404063,NULL
782,goal_loc_x,0.707693,NULL
782,goal_loc_y,0.189063,NULL
782,def_scheme,NULL,man
782,is_transition,0,NULL
782,is_off_dodge,0,NULL
782,is_right_handed,0,NULL
782,shot_quality,2,NULL
782,clean_save,1,NULL
783,field_loc_x,0.517262,NULL
783,field_loc_y,0.584063,NULL
783,goal_loc_x,0.766349,NULL
783,goal_loc_y,0.424062,NULL
783,def_scheme,NULL,man
783,is_transition,0,NULL
783,is_off_dodge,1,NULL
783,is_right_handed,1,NULL
783,shot_quality,2,NULL
784,field_loc_x,0.410977,NULL
784,field_loc_y,0.529063,NULL
784,def_scheme,NULL,man
784,is_transition,0,NULL
784,is_off_dodge,1,NULL
784,is_right_handed,1,NULL
784,shot_quality,2,NULL
784,goal_loc_x,0.121131,NULL
784,goal_loc_y,0.144063,NULL
785,field_loc_x,0.602289,NULL
785,field_loc_y,0.604062,NULL
785,goal_loc_x,0.341092,NULL
785,goal_loc_y,0.374063,NULL
785,def_scheme,NULL,man
785,is_transition,0,NULL
785,is_off_dodge,1,NULL
785,is_right_handed,1,NULL
785,shot_quality,3,NULL
785,clean_save,0,NULL
786,field_loc_x,0.432234,NULL
786,field_loc_y,0.719063,NULL
786,goal_loc_x,0.956982,NULL
786,goal_loc_y,0.524063,NULL
786,def_scheme,NULL,man
786,is_transition,0,NULL
786,is_off_dodge,1,NULL
786,is_right_handed,0,NULL
786,shot_quality,2,NULL
787,field_loc_x,0.374536,NULL
787,field_loc_y,0.589063,NULL
787,goal_loc_x,0.2971,NULL
787,goal_loc_y,0.219063,NULL
787,def_scheme,NULL,man
787,is_transition,0,NULL
787,is_off_dodge,0,NULL
787,is_right_handed,1,NULL
787,shot_quality,2,NULL
788,field_loc_x,0.374536,NULL
788,field_loc_y,0.384062,NULL
788,goal_loc_x,0.805453,NULL
788,goal_loc_y,0.369063,NULL
788,def_scheme,NULL,man
788,is_transition,0,NULL
788,is_off_dodge,0,NULL
788,is_right_handed,1,NULL
788,shot_quality,3,NULL
789,field_loc_x,0.602289,NULL
789,field_loc_y,0.514063,NULL
789,goal_loc_x,0.355756,NULL
789,goal_loc_y,0.149062,NULL
789,def_scheme,NULL,man
789,is_transition,0,NULL
789,is_off_dodge,1,NULL
789,is_right_handed,1,NULL
789,shot_quality,3,NULL
790,field_loc_x,0.541555,NULL
790,field_loc_y,0.699063,NULL
790,goal_loc_x,0.341092,NULL
790,goal_loc_y,0.639063,NULL
790,def_scheme,NULL,man
790,is_transition,0,NULL
790,is_off_dodge,0,NULL
790,is_right_handed,1,NULL
790,shot_quality,2,NULL
790,clean_save,1,NULL
791,field_loc_x,0.517262,NULL
791,field_loc_y,0.614062,NULL
791,goal_loc_x,0.233555,NULL
791,goal_loc_y,0.434063,NULL
791,def_scheme,NULL,man
791,is_transition,0,NULL
791,is_off_dodge,0,NULL
791,is_right_handed,0,NULL
791,shot_quality,1,NULL
792,field_loc_x,0.508151,NULL
792,field_loc_y,0.669062,NULL
792,goal_loc_x,0.477956,NULL
792,goal_loc_y,0.584063,NULL
792,def_scheme,NULL,man
792,is_transition,0,NULL
792,is_off_dodge,0,NULL
792,is_right_handed,1,NULL
792,shot_quality,1,NULL
792,clean_save,0,NULL
794,field_loc_x,0.44438,NULL
794,field_loc_y,0.714063,NULL
794,goal_loc_x,0.49262,NULL
794,goal_loc_y,0.169062,NULL
794,def_scheme,NULL,man
794,is_transition,0,NULL
794,is_off_dodge,0,NULL
794,is_right_handed,1,NULL
794,shot_quality,1,NULL
796,field_loc_x,0.511188,NULL
796,field_loc_y,0.674062,NULL
796,goal_loc_x,0.751685,NULL
796,goal_loc_y,0.189063,NULL
796,def_scheme,NULL,man
796,is_transition,1,NULL
796,is_off_dodge,0,NULL
796,is_right_handed,1,NULL
796,shot_quality,1,NULL
799,field_loc_x,0.502078,NULL
799,field_loc_y,0.304062,NULL
799,goal_loc_x,0.238444,NULL
799,goal_loc_y,0.464063,NULL
799,def_scheme,NULL,man
799,is_transition,0,NULL
799,is_off_dodge,1,NULL
799,is_right_handed,1,NULL
799,shot_quality,3,NULL
799,clean_save,1,NULL
801,field_loc_x,0.574959,NULL
801,field_loc_y,0.539062,NULL
801,goal_loc_x,0.521948,NULL
801,goal_loc_y,0.744062,NULL
801,def_scheme,NULL,man
801,is_transition,1,NULL
801,is_off_dodge,1,NULL
801,is_right_handed,1,NULL
801,shot_quality,2,NULL
802,field_loc_x,0.480821,NULL
802,field_loc_y,0.374063,NULL
802,goal_loc_x,0.86411,NULL
802,goal_loc_y,0.339063,NULL
802,def_scheme,NULL,man
802,is_transition,1,NULL
802,is_off_dodge,0,NULL
802,is_right_handed,0,NULL
802,shot_quality,3,NULL
804,field_loc_x,0.404903,NULL
804,field_loc_y,0.589063,NULL
804,def_scheme,NULL,man
804,is_transition,0,NULL
804,is_off_dodge,1,NULL
804,is_right_handed,1,NULL
804,shot_quality,2,NULL
805,field_loc_x,0.40794,NULL
805,field_loc_y,0.289062,NULL
805,def_scheme,NULL,zone
805,is_transition,1,NULL
805,is_off_dodge,1,NULL
805,is_right_handed,1,NULL
805,shot_quality,3,NULL
805,goal_loc_x,0.51706,NULL
805,goal_loc_y,0.839063,NULL
808,field_loc_x,0.325949,NULL
808,field_loc_y,0.614062,NULL
808,def_scheme,NULL,man
808,is_transition,0,NULL
808,is_off_dodge,0,NULL
808,is_right_handed,1,NULL
808,shot_quality,3,NULL
808,goal_loc_x,0.106467,NULL
808,goal_loc_y,0.179063,NULL
809,field_loc_x,0.453491,NULL
809,field_loc_y,0.554062,NULL
809,goal_loc_x,0.463292,NULL
809,goal_loc_y,0.179063,NULL
809,def_scheme,NULL,zone
809,is_transition,0,NULL
809,is_off_dodge,0,NULL
809,is_right_handed,1,NULL
809,shot_quality,2,NULL
809,clean_save,0,NULL
810,field_loc_x,0.584069,NULL
810,field_loc_y,0.634063,NULL
810,def_scheme,NULL,man
810,is_transition,0,NULL
810,is_off_dodge,1,NULL
810,is_right_handed,0,NULL
810,shot_quality,2,NULL
810,goal_loc_x,0.257996,NULL
810,goal_loc_y,0.179063,NULL
811,field_loc_x,0.356316,NULL
811,field_loc_y,0.614062,NULL
811,def_scheme,NULL,man
811,is_transition,0,NULL
811,is_off_dodge,0,NULL
811,is_right_handed,1,NULL
811,shot_quality,2,NULL
812,field_loc_x,0.587106,NULL
812,field_loc_y,0.384062,NULL
812,def_scheme,NULL,man
812,is_transition,0,NULL
812,is_off_dodge,1,NULL
812,is_right_handed,1,NULL
812,shot_quality,3,NULL
812,goal_loc_x,0.825005,NULL
812,goal_loc_y,0.154062,NULL
815,field_loc_x,0.410977,NULL
815,field_loc_y,0.424062,NULL
815,def_scheme,NULL,man
815,is_transition,0,NULL
815,is_off_dodge,1,NULL
815,is_right_handed,0,NULL
815,goal_loc_x,0.873886,NULL
815,goal_loc_y,0.904063,NULL
815,shot_quality,3,NULL
817,field_loc_x,0.565849,NULL
817,field_loc_y,0.404063,NULL
817,goal_loc_x,0.121131,NULL
817,goal_loc_y,0.169062,NULL
817,def_scheme,NULL,man
817,is_transition,1,NULL
817,is_off_dodge,1,NULL
817,is_right_handed,1,NULL
817,shot_quality,2,NULL
820,field_loc_x,0.565849,NULL
820,field_loc_y,0.384062,NULL
820,goal_loc_x,0.140683,NULL
820,goal_loc_y,0.769063,NULL
820,def_scheme,NULL,man
820,is_transition,0,NULL
820,is_off_dodge,0,NULL
820,is_right_handed,1,NULL
820,shot_quality,2,NULL
822,field_loc_x,0.410977,NULL
822,field_loc_y,0.619062,NULL
822,goal_loc_x,0.458404,NULL
822,goal_loc_y,0.169062,NULL
822,def_scheme,NULL,man
822,is_transition,0,NULL
822,is_off_dodge,1,NULL
822,is_right_handed,1,NULL
822,shot_quality,1,NULL
822,clean_save,0,NULL
823,field_loc_x,0.571922,NULL
823,field_loc_y,0.434063,NULL
823,goal_loc_x,0.228667,NULL
823,goal_loc_y,0.564062,NULL
823,def_scheme,NULL,man
823,is_transition,0,NULL
823,is_off_dodge,0,NULL
823,is_right_handed,1,NULL
823,shot_quality,2,NULL
825,field_loc_x,0.453491,NULL
825,field_loc_y,0.709063,NULL
825,def_scheme,NULL,man
825,is_transition,0,NULL
825,is_off_dodge,1,NULL
825,is_right_handed,1,NULL
825,shot_quality,1,NULL
825,goal_loc_x,0.697917,NULL
825,goal_loc_y,0.159063,NULL
826,field_loc_x,0.6114,NULL
826,field_loc_y,0.454062,NULL
826,def_scheme,NULL,zone
826,is_transition,1,NULL
826,is_off_dodge,0,NULL
826,is_right_handed,0,NULL
826,shot_quality,2,NULL
826,goal_loc_x,0.751685,NULL
826,goal_loc_y,0.704063,NULL
828,field_loc_x,0.541555,NULL
828,field_loc_y,0.384062,NULL
828,def_scheme,NULL,man
828,is_transition,0,NULL
828,is_off_dodge,1,NULL
828,is_right_handed,1,NULL
828,shot_quality,2,NULL
828,goal_loc_x,0.634373,NULL
828,goal_loc_y,0.149062,NULL
830,field_loc_x,0.502078,NULL
830,field_loc_y,0.649063,NULL
830,def_scheme,NULL,man
830,is_transition,0,NULL
830,is_off_dodge,0,NULL
830,is_right_handed,0,NULL
830,shot_quality,1,NULL
830,goal_loc_x,0.673477,NULL
830,goal_loc_y,0.689062,NULL
832,field_loc_x,0.477784,NULL
832,field_loc_y,0.624062,NULL
832,goal_loc_x,0.292212,NULL
832,goal_loc_y,0.499063,NULL
832,def_scheme,NULL,man
832,is_transition,0,NULL
832,is_off_dodge,0,NULL
832,is_right_handed,1,NULL
832,shot_quality,1,NULL
833,field_loc_x,0.404903,NULL
833,field_loc_y,0.539062,NULL
833,goal_loc_x,0.438852,NULL
833,goal_loc_y,0.704063,NULL
833,def_scheme,NULL,zone
833,is_transition,1,NULL
833,is_off_dodge,0,NULL
833,is_right_handed,1,NULL
833,shot_quality,2,NULL
834,field_loc_x,0.377573,NULL
834,field_loc_y,0.604062,NULL
834,def_scheme,NULL,man
834,is_transition,1,NULL
834,is_off_dodge,0,NULL
834,is_right_handed,1,NULL
834,shot_quality,2,NULL
834,goal_loc_x,0.86411,NULL
834,goal_loc_y,0.709063,NULL
835,field_loc_x,0.41705,NULL
835,field_loc_y,0.434063,NULL
835,goal_loc_x,0.49262,NULL
835,goal_loc_y,0.154062,NULL
835,def_scheme,NULL,man
835,is_transition,0,NULL
835,is_off_dodge,1,NULL
835,is_right_handed,0,NULL
835,shot_quality,3,NULL
835,clean_save,0,NULL
836,field_loc_x,0.568886,NULL
836,field_loc_y,0.699063,NULL
836,def_scheme,NULL,zone
836,is_transition,0,NULL
836,is_off_dodge,0,NULL
836,is_right_handed,1,NULL
836,shot_quality,1,NULL
836,clean_save,0,NULL
836,goal_loc_x,0.360644,NULL
836,goal_loc_y,0.454062,NULL
837,field_loc_x,0.650877,NULL
837,field_loc_y,0.614062,NULL
837,goal_loc_x,0.27266,NULL
837,goal_loc_y,0.149062,NULL
837,def_scheme,NULL,man
837,is_transition,0,NULL
837,is_off_dodge,0,NULL
837,is_right_handed,0,NULL
837,shot_quality,2,NULL
838,field_loc_x,0.447417,NULL
838,field_loc_y,0.439063,NULL
838,def_scheme,NULL,man
838,is_transition,0,NULL
838,is_off_dodge,1,NULL
838,is_right_handed,1,NULL
838,shot_quality,3,NULL
838,clean_save,0,NULL
838,goal_loc_x,0.341092,NULL
838,goal_loc_y,0.154062,NULL
839,field_loc_x,0.374536,NULL
839,field_loc_y,0.459062,NULL
839,def_scheme,NULL,man
839,is_transition,0,NULL
839,is_off_dodge,1,NULL
839,is_right_handed,0,NULL
839,shot_quality,3,NULL
839,goal_loc_x,0.878774,NULL
839,goal_loc_y,0.419062,NULL
840,field_loc_x,0.462601,NULL
840,field_loc_y,0.414062,NULL
840,def_scheme,NULL,man
840,is_transition,0,NULL
840,is_off_dodge,1,NULL
840,is_right_handed,0,NULL
840,shot_quality,2,NULL
840,goal_loc_x,0.898326,NULL
840,goal_loc_y,0.199062,NULL
841,field_loc_x,0.44438,NULL
841,field_loc_y,0.174063,NULL
841,goal_loc_x,0.189563,NULL
841,goal_loc_y,0.274063,NULL
841,def_scheme,NULL,man
841,is_transition,0,NULL
841,is_off_dodge,1,NULL
841,is_right_handed,1,NULL
841,shot_quality,3,NULL
842,field_loc_x,0.609881,NULL
842,field_loc_y,0.469063,NULL
842,def_scheme,NULL,man
842,is_transition,0,NULL
842,is_off_dodge,1,NULL
842,is_right_handed,0,NULL
842,shot_quality,2,NULL
842,goal_loc_x,0.86411,NULL
842,goal_loc_y,0.164062,NULL
843,field_loc_x,0.609881,NULL
843,field_loc_y,0.459062,NULL
843,goal_loc_x,0.751685,NULL
843,goal_loc_y,0.169062,NULL
843,def_scheme,NULL,man
843,is_transition,0,NULL
843,is_off_dodge,1,NULL
843,is_right_handed,0,NULL
843,shot_quality,2,NULL
844,field_loc_x,0.63873,NULL
844,field_loc_y,0.554062,NULL
844,def_scheme,NULL,man
844,is_transition,0,NULL
844,is_off_dodge,1,NULL
844,is_right_handed,1,NULL
844,shot_quality,3,NULL
844,goal_loc_x,0.233555,NULL
844,goal_loc_y,0.699063,NULL
845,field_loc_x,0.350242,NULL
845,field_loc_y,0.484062,NULL
845,def_scheme,NULL,man
845,is_transition,1,NULL
845,is_off_dodge,0,NULL
845,is_right_handed,1,NULL
845,shot_quality,2,NULL
845,goal_loc_x,0.433964,NULL
845,goal_loc_y,0.164062,NULL
927,field_loc_x,0.587106,NULL
927,field_loc_y,0.294531,NULL
927,goal_loc_x,0.121131,NULL
927,goal_loc_y,0.149531,NULL
927,def_scheme,NULL,man
927,is_transition,1,NULL
927,is_off_dodge,1,NULL
927,is_right_handed,1,NULL
927,shot_quality,3,NULL
928,field_loc_x,0.40794,NULL
928,field_loc_y,0.449531,NULL
928,goal_loc_x,0.815229,NULL
928,goal_loc_y,0.879531,NULL
928,def_scheme,NULL,man
928,is_transition,0,NULL
928,is_off_dodge,0,NULL
928,is_right_handed,1,NULL
928,shot_quality,2,NULL
929,field_loc_x,0.523335,NULL
929,field_loc_y,0.394531,NULL
929,goal_loc_x,0.570829,NULL
929,goal_loc_y,0.604531,NULL
929,def_scheme,NULL,man
929,is_transition,0,NULL
929,is_off_dodge,1,NULL
929,is_right_handed,0,NULL
929,shot_quality,3,NULL
929,clean_save,1,NULL
930,field_loc_x,0.40794,NULL
930,field_loc_y,0.274531,NULL
930,goal_loc_x,0.741909,NULL
930,goal_loc_y,0.199531,NULL
930,def_scheme,NULL,man
930,is_transition,1,NULL
930,is_off_dodge,1,NULL
930,is_right_handed,1,NULL
930,shot_quality,3,NULL
930,clean_save,1,NULL
931,field_loc_x,0.593179,NULL
931,field_loc_y,0.624531,NULL
931,def_scheme,NULL,man
931,is_transition,0,NULL
931,is_off_dodge,1,NULL
931,is_right_handed,0,NULL
931,shot_quality,2,NULL
931,goal_loc_x,0.233555,NULL
931,goal_loc_y,0.469531,NULL
932,field_loc_x,0.40794,NULL
932,field_loc_y,0.614531,NULL
932,def_scheme,NULL,man
932,is_transition,1,NULL
932,is_off_dodge,0,NULL
932,is_right_handed,1,NULL
932,shot_quality,2,NULL
932,goal_loc_x,0.756573,NULL
932,goal_loc_y,0.159531,NULL
933,field_loc_x,0.556739,NULL
933,field_loc_y,0.669531,NULL
933,def_scheme,NULL,man
933,is_transition,0,NULL
933,is_off_dodge,1,NULL
933,is_right_handed,0,NULL
933,shot_quality,1,NULL
933,goal_loc_x,0.438852,NULL
933,goal_loc_y,0.694531,NULL
934,field_loc_x,0.587106,NULL
934,field_loc_y,0.344531,NULL
934,def_scheme,NULL,man
934,goal_loc_x,0.214003,NULL
934,goal_loc_y,0.439531,NULL
934,is_transition,0,NULL
934,is_off_dodge,1,NULL
934,is_right_handed,1,NULL
934,shot_quality,3,NULL
935,field_loc_x,0.593179,NULL
935,field_loc_y,0.439531,NULL
935,def_scheme,NULL,man
935,is_transition,1,NULL
935,is_off_dodge,0,NULL
935,is_right_handed,1,NULL
935,shot_quality,3,NULL
935,goal_loc_x,0.360644,NULL
935,goal_loc_y,0.694531,NULL
936,field_loc_x,0.544592,NULL
936,field_loc_y,0.599531,NULL
936,def_scheme,NULL,man
936,is_transition,1,NULL
936,is_off_dodge,1,NULL
936,is_right_handed,1,NULL
936,shot_quality,2,NULL
936,goal_loc_x,0.908102,NULL
936,goal_loc_y,0.219531,NULL
937,field_loc_x,0.356316,NULL
937,field_loc_y,0.594531,NULL
937,def_scheme,NULL,man
937,is_transition,0,NULL
937,is_off_dodge,0,NULL
937,is_right_handed,1,NULL
937,shot_quality,2,NULL
937,goal_loc_x,0.116243,NULL
937,goal_loc_y,0.694531,NULL
938,field_loc_x,0.562812,NULL
938,field_loc_y,0.654531,NULL
938,def_scheme,NULL,man
938,is_transition,0,NULL
938,is_off_dodge,1,NULL
938,is_right_handed,0,NULL
938,shot_quality,1,NULL
938,goal_loc_x,0.267772,NULL
938,goal_loc_y,0.684531,NULL
939,field_loc_x,0.489931,NULL
939,field_loc_y,0.669531,NULL
939,def_scheme,NULL,man
939,is_transition,0,NULL
939,is_off_dodge,0,NULL
939,is_right_handed,0,NULL
939,shot_quality,1,NULL
939,goal_loc_x,0.433964,NULL
939,goal_loc_y,0.634531,NULL
940,field_loc_x,0.362389,NULL
940,field_loc_y,0.584531,NULL
940,def_scheme,NULL,man
940,is_transition,1,NULL
940,is_off_dodge,0,NULL
940,is_right_handed,1,NULL
940,shot_quality,2,NULL
940,goal_loc_x,0.116243,NULL
940,goal_loc_y,0.214531,NULL
941,field_loc_x,0.474748,NULL
941,field_loc_y,0.389531,NULL
941,goal_loc_x,0.267772,NULL
941,goal_loc_y,0.589531,NULL
941,def_scheme,NULL,man
941,is_transition,0,NULL
941,is_off_dodge,1,NULL
941,is_right_handed,1,NULL
941,shot_quality,3,NULL
941,clean_save,1,NULL
942,field_loc_x,0.496005,NULL
942,field_loc_y,0.654531,NULL
942,def_scheme,NULL,man
942,is_transition,1,NULL
942,is_off_dodge,0,NULL
942,is_right_handed,1,NULL
942,shot_quality,1,NULL
942,clean_save,1,NULL
942,goal_loc_x,0.49262,NULL
942,goal_loc_y,0.644531,NULL
943,field_loc_x,0.492968,NULL
943,field_loc_y,0.284531,NULL
943,def_scheme,NULL,zone
943,is_transition,1,NULL
943,is_off_dodge,0,NULL
943,is_right_handed,1,NULL
943,shot_quality,3,NULL
943,goal_loc_x,0.106467,NULL
943,goal_loc_y,0.154531,NULL
944,field_loc_x,0.581033,NULL
944,field_loc_y,0.619531,NULL
944,def_scheme,NULL,zone
944,is_transition,0,NULL
944,is_off_dodge,0,NULL
944,is_right_handed,0,NULL
944,shot_quality,2,NULL
944,goal_loc_x,0.741909,NULL
944,goal_loc_y,0.664531,NULL
945,field_loc_x,0.547629,NULL
945,field_loc_y,0.714531,NULL
945,def_scheme,NULL,zone
945,is_transition,0,NULL
945,is_off_dodge,0,NULL
945,is_right_handed,0,NULL
945,shot_quality,1,NULL
945,goal_loc_x,0.624597,NULL
945,goal_loc_y,0.709531,NULL
946,field_loc_x,0.496005,NULL
946,field_loc_y,0.539531,NULL
946,def_scheme,NULL,zone
946,is_transition,0,NULL
946,is_off_dodge,0,NULL
946,is_right_handed,1,NULL
946,shot_quality,3,NULL
946,goal_loc_x,0.883662,NULL
946,goal_loc_y,0.529531,NULL
947,field_loc_x,0.496005,NULL
947,field_loc_y,0.449531,NULL
947,goal_loc_x,0.238444,NULL
947,goal_loc_y,0.554531,NULL
947,def_scheme,NULL,zone
947,is_transition,1,NULL
947,is_off_dodge,1,NULL
947,is_right_handed,1,NULL
947,shot_quality,2,NULL
947,clean_save,0,NULL
948,field_loc_x,0.587106,NULL
948,field_loc_y,0.539531,NULL
948,def_scheme,NULL,zone
948,is_transition,0,NULL
948,is_off_dodge,0,NULL
948,is_right_handed,0,NULL
948,shot_quality,2,NULL
948,goal_loc_x,0.44374,NULL
948,goal_loc_y,0.879531,NULL
949,field_loc_x,0.465637,NULL
949,field_loc_y,0.669531,NULL
949,def_scheme,NULL,zone
949,is_transition,1,NULL
949,is_off_dodge,0,NULL
949,is_right_handed,1,NULL
949,shot_quality,1,NULL
949,goal_loc_x,0.727245,NULL
949,goal_loc_y,0.174531,NULL
950,field_loc_x,0.489931,NULL
950,field_loc_y,0.654531,NULL
950,def_scheme,NULL,zone
950,is_transition,1,NULL
950,is_off_dodge,0,NULL
950,is_right_handed,1,NULL
950,shot_quality,1,NULL
950,goal_loc_x,0.331316,NULL
950,goal_loc_y,0.569531,NULL
951,field_loc_x,0.456527,NULL
951,field_loc_y,0.699531,NULL
951,def_scheme,NULL,zone
951,is_transition,1,NULL
951,is_off_dodge,0,NULL
951,is_right_handed,1,NULL
951,shot_quality,1,NULL
951,goal_loc_x,0.46818,NULL
951,goal_loc_y,0.149531,NULL
952,field_loc_x,0.556739,NULL
952,field_loc_y,0.759531,NULL
952,goal_loc_x,0.341092,NULL
952,goal_loc_y,0.469531,NULL
952,def_scheme,NULL,zone
952,is_transition,0,NULL
952,is_off_dodge,0,NULL
952,is_right_handed,0,NULL
952,shot_quality,1,NULL
953,field_loc_x,0.571922,NULL
953,field_loc_y,0.549531,NULL
953,def_scheme,NULL,zone
953,is_transition,0,NULL
953,is_off_dodge,0,NULL
953,is_right_handed,0,NULL
953,shot_quality,2,NULL
953,clean_save,0,NULL
953,goal_loc_x,0.502396,NULL
953,goal_loc_y,0.179531,NULL
954,field_loc_x,0.471711,NULL
954,field_loc_y,0.297031,NULL
954,goal_loc_x,0.756573,NULL
954,goal_loc_y,0.152031,NULL
954,def_scheme,NULL,zone
954,is_transition,0,NULL
954,is_off_dodge,0,NULL
954,is_right_handed,1,NULL
954,shot_quality,3,NULL
955,field_loc_x,0.553702,NULL
955,field_loc_y,0.622031,NULL
955,def_scheme,NULL,zone
955,goal_loc_x,0.477956,NULL
955,goal_loc_y,0.152031,NULL
955,is_transition,0,NULL
955,is_off_dodge,0,NULL
955,is_right_handed,1,NULL
955,shot_quality,1,NULL
956,field_loc_x,0.341132,NULL
956,field_loc_y,0.522031,NULL
956,goal_loc_x,0.502396,NULL
956,goal_loc_y,0.657031,NULL
956,def_scheme,NULL,zone
956,is_transition,0,NULL
956,is_off_dodge,0,NULL
956,is_right_handed,1,NULL
956,shot_quality,2,NULL
956,clean_save,0,NULL
957,field_loc_x,0.43527,NULL
957,field_loc_y,0.742031,NULL
957,def_scheme,NULL,zone
957,is_transition,0,NULL
957,is_off_dodge,0,NULL
957,is_right_handed,1,NULL
957,shot_quality,1,NULL
957,goal_loc_x,0.32154,NULL
957,goal_loc_y,0.157031,NULL
958,field_loc_x,0.496005,NULL
958,field_loc_y,0.347031,NULL
958,def_scheme,NULL,zone
958,is_transition,0,NULL
958,is_off_dodge,0,NULL
958,is_right_handed,1,NULL
958,shot_quality,3,NULL
958,goal_loc_x,0.238444,NULL
958,goal_loc_y,0.492031,NULL
959,field_loc_x,0.559775,NULL
959,field_loc_y,0.567031,NULL
959,goal_loc_x,0.893438,NULL
959,goal_loc_y,0.212031,NULL
959,def_scheme,NULL,zone
959,is_transition,0,NULL
959,is_off_dodge,0,NULL
959,is_right_handed,0,NULL
959,shot_quality,2,NULL
960,field_loc_x,0.593179,NULL
960,field_loc_y,0.587031,NULL
960,goal_loc_x,0.150459,NULL
960,goal_loc_y,0.827031,NULL
960,def_scheme,NULL,zone
960,is_transition,0,NULL
960,is_off_dodge,0,NULL
960,is_right_handed,0,NULL
960,shot_quality,2,NULL
961,field_loc_x,0.492968,NULL
961,field_loc_y,0.292031,NULL
961,goal_loc_x,0.551277,NULL
961,goal_loc_y,0.157031,NULL
961,def_scheme,NULL,zone
961,is_transition,0,NULL
961,is_off_dodge,0,NULL
961,is_right_handed,1,NULL
961,shot_quality,3,NULL
962,field_loc_x,0.477784,NULL
962,field_loc_y,0.672031,NULL
962,def_scheme,NULL,man
962,is_transition,0,NULL
962,is_off_dodge,0,NULL
962,is_right_handed,1,NULL
962,shot_quality,1,NULL
962,goal_loc_x,0.282436,NULL
962,goal_loc_y,0.592031,NULL
963,field_loc_x,0.441344,NULL
963,field_loc_y,0.337031,NULL
963,def_scheme,NULL,man
963,is_transition,0,NULL
963,is_off_dodge,0,NULL
963,is_right_handed,1,NULL
963,shot_quality,3,NULL
963,goal_loc_x,0.292212,NULL
963,goal_loc_y,0.562031,NULL
964,field_loc_x,0.556739,NULL
964,field_loc_y,0.677031,NULL
964,def_scheme,NULL,zone
964,is_transition,1,NULL
964,is_off_dodge,1,NULL
964,is_right_handed,0,NULL
964,shot_quality,1,NULL
964,goal_loc_x,0.24822,NULL
964,goal_loc_y,0.182031,NULL
965,field_loc_x,0.404903,NULL
965,field_loc_y,0.607031,NULL
965,def_scheme,NULL,zone
965,is_transition,1,NULL
965,is_off_dodge,0,NULL
965,is_right_handed,1,NULL
965,shot_quality,2,NULL
965,clean_save,1,NULL
965,goal_loc_x,0.44374,NULL
965,goal_loc_y,0.657031,NULL
966,field_loc_x,0.590143,NULL
966,field_loc_y,0.612031,NULL
966,def_scheme,NULL,man
966,is_transition,0,NULL
966,is_right_handed,0,NULL
966,is_off_dodge,1,NULL
966,shot_quality,2,NULL
967,field_loc_x,0.553702,NULL
967,field_loc_y,0.722031,NULL
967,goal_loc_x,0.51706,NULL
967,goal_loc_y,0.147031,NULL
967,def_scheme,NULL,zone
967,is_transition,0,NULL
967,is_off_dodge,1,NULL
967,is_right_handed,0,NULL
967,shot_quality,1,NULL
968,field_loc_x,0.40794,NULL
968,field_loc_y,0.657031,NULL
968,goal_loc_x,0.800565,NULL
968,goal_loc_y,0.437031,NULL
968,def_scheme,NULL,man
968,is_transition,0,NULL
968,is_off_dodge,1,NULL
968,is_right_handed,0,NULL
968,shot_quality,3,NULL
969,field_loc_x,0.538518,NULL
969,field_loc_y,0.562031,NULL
969,goal_loc_x,0.072251,NULL
969,goal_loc_y,0.562031,NULL
969,def_scheme,NULL,man
969,is_transition,0,NULL
969,is_off_dodge,0,NULL
969,is_right_handed,0,NULL
969,shot_quality,3,NULL
970,field_loc_x,0.590143,NULL
970,field_loc_y,0.387031,NULL
970,def_scheme,NULL,zone
970,is_transition,1,NULL
970,is_off_dodge,0,NULL
970,is_right_handed,0,NULL
970,shot_quality,2,NULL
971,field_loc_x,0.550665,NULL
971,field_loc_y,0.552031,NULL
971,def_scheme,NULL,man
971,is_transition,0,NULL
971,is_off_dodge,1,NULL
971,is_right_handed,1,NULL
971,shot_quality,2,NULL
971,clean_save,0,NULL
971,goal_loc_x,0.458404,NULL
971,goal_loc_y,0.162031,NULL
972,field_loc_x,0.632657,NULL
972,field_loc_y,0.382031,NULL
972,goal_loc_x,0.551277,NULL
972,goal_loc_y,0.137031,NULL
972,def_scheme,NULL,man
972,is_transition,0,NULL
972,is_off_dodge,0,NULL
972,is_right_handed,1,NULL
972,shot_quality,3,NULL
973,field_loc_x,0.590143,NULL
973,field_loc_y,0.357031,NULL
973,goal_loc_x,0.683253,NULL
973,goal_loc_y,0.642031,NULL
973,is_transition,1,NULL
973,def_scheme,NULL,man
973,is_off_dodge,1,NULL
973,is_right_handed,1,NULL
973,shot_quality,3,NULL
973,clean_save,1,NULL
974,field_loc_x,0.295581,NULL
974,field_loc_y,0.714531,NULL
974,def_scheme,NULL,man
974,is_transition,0,NULL
974,is_off_dodge,0,NULL
974,is_right_handed,1,NULL
974,shot_quality,3,NULL
974,clean_save,0,NULL
974,goal_loc_x,0.257996,NULL
974,goal_loc_y,0.179531,NULL
975,field_loc_x,0.462601,NULL
975,field_loc_y,0.289531,NULL
975,goal_loc_x,0.282436,NULL
975,goal_loc_y,0.169531,NULL
975,def_scheme,NULL,man
975,is_transition,0,NULL
975,is_off_dodge,1,NULL
975,is_right_handed,1,NULL
975,shot_quality,3,NULL
976,field_loc_x,0.459564,NULL
976,field_loc_y,0.694531,NULL
976,goal_loc_x,0.257996,NULL
976,goal_loc_y,0.349531,NULL
976,def_scheme,NULL,man
976,is_transition,0,NULL
976,is_off_dodge,0,NULL
976,is_right_handed,0,NULL
976,shot_quality,1,NULL
977,field_loc_x,0.42616,NULL
977,field_loc_y,0.699531,NULL
977,goal_loc_x,0.86411,NULL
977,goal_loc_y,0.144531,NULL
977,def_scheme,NULL,man
977,is_transition,0,NULL
977,is_off_dodge,1,NULL
977,is_right_handed,1,NULL
977,shot_quality,1,NULL
978,field_loc_x,0.414013,NULL
978,field_loc_y,0.434531,NULL
978,goal_loc_x,0.800565,NULL
978,goal_loc_y,0.814531,NULL
978,def_scheme,NULL,man
978,is_transition,0,NULL
978,is_off_dodge,1,NULL
978,is_right_handed,0,NULL
978,shot_quality,2,NULL
979,field_loc_x,0.371499,NULL
979,field_loc_y,0.334531,NULL
979,goal_loc_x,0.277548,NULL
979,goal_loc_y,0.809531,NULL
979,def_scheme,NULL,zone
979,is_transition,1,NULL
979,is_off_dodge,0,NULL
979,is_right_handed,1,NULL
979,shot_quality,3,NULL
980,field_loc_x,0.447417,NULL
980,field_loc_y,0.374531,NULL
980,goal_loc_x,0.135795,NULL
980,goal_loc_y,0.179531,NULL
980,def_scheme,NULL,man
980,is_transition,1,NULL
980,is_off_dodge,1,NULL
980,is_right_handed,1,NULL
980,shot_quality,2,NULL
981,field_loc_x,0.420087,NULL
981,field_loc_y,0.369531,NULL
981,goal_loc_x,0.756573,NULL
981,goal_loc_y,0.404531,NULL
981,def_scheme,NULL,man
981,is_transition,1,NULL
981,is_off_dodge,1,NULL
981,is_right_handed,0,NULL
981,shot_quality,3,NULL
981,clean_save,1,NULL
982,field_loc_x,0.64784,NULL
982,field_loc_y,0.519531,NULL
982,goal_loc_x,0.849445,NULL
982,goal_loc_y,0.229531,NULL
982,def_scheme,NULL,man
982,is_transition,0,NULL
982,is_off_dodge,0,NULL
982,is_right_handed,0,NULL
982,shot_quality,2,NULL
983,field_loc_x,0.40794,NULL
983,field_loc_y,0.714531,NULL
983,goal_loc_x,0.184675,NULL
983,goal_loc_y,0.744531,NULL
983,def_scheme,NULL,man
983,is_transition,0,NULL
983,is_off_dodge,1,NULL
983,is_right_handed,1,NULL
983,shot_quality,2,NULL
984,field_loc_x,0.556739,NULL
984,field_loc_y,0.759531,NULL
984,goal_loc_x,0.556165,NULL
984,goal_loc_y,0.639531,NULL
984,def_scheme,NULL,man
984,is_transition,0,NULL
984,is_off_dodge,1,NULL
984,is_right_handed,0,NULL
984,shot_quality,1,NULL
985,field_loc_x,0.420087,NULL
985,field_loc_y,0.459531,NULL
985,goal_loc_x,0.91299,NULL
985,goal_loc_y,0.149531,NULL
985,def_scheme,NULL,man
985,is_transition,0,NULL
985,is_off_dodge,0,NULL
985,is_right_handed,0,NULL
985,shot_quality,2,NULL
986,field_loc_x,0.374536,NULL
986,field_loc_y,0.604531,NULL
986,goal_loc_x,0.883662,NULL
986,goal_loc_y,0.819531,NULL
986,def_scheme,NULL,man
986,is_transition,0,NULL
986,is_off_dodge,0,NULL
986,is_right_handed,1,NULL
986,shot_quality,2,NULL
987,field_loc_x,0.496005,NULL
987,field_loc_y,0.559531,NULL
987,goal_loc_x,0.482844,NULL
987,goal_loc_y,0.164531,NULL
987,def_scheme,NULL,man
987,is_transition,0,NULL
987,is_off_dodge,1,NULL
987,is_right_handed,0,NULL
987,shot_quality,2,NULL
987,clean_save,0,NULL
988,field_loc_x,0.508151,NULL
988,field_loc_y,0.669531,NULL
988,def_scheme,NULL,man
988,is_transition,1,NULL
988,is_off_dodge,0,NULL
988,is_right_handed,0,NULL
988,shot_quality,1,NULL
988,clean_save,0,NULL
988,goal_loc_x,0.487732,NULL
988,goal_loc_y,0.159531,NULL
989,field_loc_x,0.608363,NULL
989,field_loc_y,0.409531,NULL
989,def_scheme,NULL,man
989,is_transition,0,NULL
989,is_off_dodge,1,NULL
989,is_right_handed,1,NULL
989,shot_quality,3,NULL
989,goal_loc_x,0.204227,NULL
989,goal_loc_y,0.644531,NULL
990,field_loc_x,0.556739,NULL
990,field_loc_y,0.684531,NULL
990,goal_loc_x,0.326428,NULL
990,goal_loc_y,0.164531,NULL
990,def_scheme,NULL,man
990,is_transition,0,NULL
990,is_off_dodge,0,NULL
990,is_right_handed,0,NULL
990,shot_quality,1,NULL
991,field_loc_x,0.590143,NULL
991,field_loc_y,0.324531,NULL
991,def_scheme,NULL,man
991,is_transition,0,NULL
991,is_off_dodge,0,NULL
991,is_right_handed,0,NULL
991,shot_quality,3,NULL
992,field_loc_x,0.617473,NULL
992,field_loc_y,0.669531,NULL
992,goal_loc_x,0.101579,NULL
992,goal_loc_y,0.784531,NULL
992,def_scheme,NULL,man
992,is_transition,1,NULL
992,is_off_dodge,0,NULL
992,is_right_handed,0,NULL
992,shot_quality,2,NULL
993,field_loc_x,0.483858,NULL
993,field_loc_y,0.294531,NULL
993,def_scheme,NULL,man
993,is_transition,0,NULL
993,is_off_dodge,1,NULL
993,is_right_handed,0,NULL
993,shot_quality,3,NULL
993,clean_save,1,NULL
993,goal_loc_x,0.756573,NULL
993,goal_loc_y,0.169531,NULL
994,field_loc_x,0.492968,NULL
994,field_loc_y,0.454531,NULL
994,goal_loc_x,0.624597,NULL
994,goal_loc_y,0.439531,NULL
994,def_scheme,NULL,man
994,is_transition,0,NULL
994,is_off_dodge,0,NULL
994,is_right_handed,1,NULL
994,shot_quality,3,NULL
994,clean_save,0,NULL
995,field_loc_x,0.40794,NULL
995,field_loc_y,0.604531,NULL
995,goal_loc_x,0.849445,NULL
995,goal_loc_y,0.744531,NULL
995,def_scheme,NULL,man
995,is_transition,0,NULL
995,is_off_dodge,1,NULL
995,is_right_handed,1,NULL
995,shot_quality,3,NULL
996,field_loc_x,0.574959,NULL
996,field_loc_y,0.574531,NULL
996,goal_loc_x,0.27266,NULL
996,goal_loc_y,0.444531,NULL
996,def_scheme,NULL,man
996,is_transition,0,NULL
996,is_off_dodge,0,NULL
996,is_right_handed,1,NULL
996,shot_quality,2,NULL
996,clean_save,1,NULL
997,field_loc_x,0.44438,NULL
997,field_loc_y,0.314531,NULL
997,def_scheme,NULL,man
997,is_transition,0,NULL
997,is_off_dodge,0,NULL
997,is_right_handed,1,NULL
997,shot_quality,3,NULL
998,field_loc_x,0.410977,NULL
998,field_loc_y,0.604531,NULL
998,def_scheme,NULL,man
998,is_transition,0,NULL
998,is_off_dodge,1,NULL
998,is_right_handed,1,NULL
998,shot_quality,2,NULL
998,clean_save,0,NULL
998,goal_loc_x,0.556165,NULL
998,goal_loc_y,0.134531,NULL
999,field_loc_x,0.40794,NULL
999,field_loc_y,0.624531,NULL
999,def_scheme,NULL,man
999,is_transition,0,NULL
999,is_off_dodge,1,NULL
999,is_right_handed,1,NULL
999,shot_quality,2,NULL
999,goal_loc_x,0.927654,NULL
999,goal_loc_y,0.154531,NULL
1000,field_loc_x,0.590143,NULL
1000,field_loc_y,0.439531,NULL
1000,goal_loc_x,0.844557,NULL
1000,goal_loc_y,0.719531,NULL
1000,def_scheme,NULL,man
1000,is_transition,0,NULL
1000,is_off_dodge,0,NULL
1000,is_right_handed,1,NULL
1000,shot_quality,3,NULL
1001,field_loc_x,0.535482,NULL
1001,field_loc_y,0.384531,NULL
1001,goal_loc_x,0.854333,NULL
1001,goal_loc_y,0.659531,NULL
1001,def_scheme,NULL,man
1001,is_transition,0,NULL
1001,is_off_dodge,1,NULL
1001,is_right_handed,1,NULL
1001,shot_quality,3,NULL
1002,field_loc_x,0.520298,NULL
1002,field_loc_y,0.294531,NULL
1002,goal_loc_x,0.477956,NULL
1002,goal_loc_y,0.874531,NULL
1002,def_scheme,NULL,man
1002,is_transition,0,NULL
1002,is_off_dodge,0,NULL
1002,is_right_handed,0,NULL
1002,shot_quality,3,NULL
1003,field_loc_x,0.456527,NULL
1003,field_loc_y,0.679531,NULL
1003,goal_loc_x,0.448628,NULL
1003,goal_loc_y,0.149531,NULL
1003,def_scheme,NULL,man
1003,is_transition,0,NULL
1003,is_off_dodge,1,NULL
1003,is_right_handed,1,NULL
1003,shot_quality,2,NULL
1003,clean_save,0,NULL
1004,field_loc_x,0.608363,NULL
1004,field_loc_y,0.434531,NULL
1004,goal_loc_x,0.570829,NULL
1004,goal_loc_y,0.864531,NULL
1004,def_scheme,NULL,man
1004,is_transition,0,NULL
1004,is_off_dodge,0,NULL
1004,is_right_handed,1,NULL
1004,shot_quality,3,NULL
1201,field_loc_x,0.590143,NULL
1201,field_loc_y,0.604531,NULL
1201,def_scheme,NULL,man
1201,is_transition,0,NULL
1201,is_off_dodge,1,NULL
1201,is_right_handed,0,NULL
1201,shot_quality,2,NULL
1201,clean_save,0,NULL
1201,goal_loc_x,0.741909,NULL
1201,goal_loc_y,0.449531,NULL
1202,field_loc_x,0.541555,NULL
1202,field_loc_y,0.679531,NULL
1202,def_scheme,NULL,man
1202,is_transition,0,NULL
1202,is_right_handed,0,NULL
1202,shot_quality,1,NULL
1202,clean_save,0,NULL
1202,goal_loc_x,0.365532,NULL
1202,goal_loc_y,0.174531,NULL
1203,field_loc_x,0.41705,NULL
1203,field_loc_y,0.299531,NULL
1203,def_scheme,NULL,man
1203,is_transition,1,NULL
1203,is_off_dodge,0,NULL
1203,is_right_handed,1,NULL
1203,shot_quality,3,NULL
1203,clean_save,1,NULL
1203,goal_loc_x,0.741909,NULL
1203,goal_loc_y,0.674531,NULL
1204,field_loc_x,0.499041,NULL
1204,field_loc_y,0.664531,NULL
1204,def_scheme,NULL,man
1204,is_transition,1,NULL
1204,is_off_dodge,0,NULL
1204,is_right_handed,1,NULL
1204,shot_quality,1,NULL
1204,goal_loc_x,0.707693,NULL
1204,goal_loc_y,0.174531,NULL
1205,field_loc_x,0.420087,NULL
1205,field_loc_y,0.699531,NULL
1205,def_scheme,NULL,man
1205,is_transition,0,NULL
1205,is_off_dodge,0,NULL
1205,is_right_handed,1,NULL
1205,shot_quality,1,NULL
1205,goal_loc_x,0.565941,NULL
1205,goal_loc_y,0.704531,NULL
1206,field_loc_x,0.590143,NULL
1206,field_loc_y,0.669531,NULL
1206,def_scheme,NULL,man
1206,is_transition,0,NULL
1206,is_off_dodge,0,NULL
1206,is_right_handed,0,NULL
1206,shot_quality,2,NULL
1206,clean_save,0,NULL
1206,goal_loc_x,0.507284,NULL
1206,goal_loc_y,0.154531,NULL
1207,field_loc_x,0.581033,NULL
1207,field_loc_y,0.319531,NULL
1207,def_scheme,NULL,man
1207,is_transition,0,NULL
1207,is_off_dodge,1,NULL
1207,is_right_handed,1,NULL
1207,shot_quality,3,NULL
1207,goal_loc_x,0.51706,NULL
1207,goal_loc_y,0.824531,NULL
1208,field_loc_x,0.496005,NULL
1208,field_loc_y,0.314531,NULL
1208,def_scheme,NULL,man
1208,is_transition,1,NULL
1208,is_off_dodge,0,NULL
1208,is_right_handed,1,NULL
1208,shot_quality,3,NULL
1208,clean_save,0,NULL
1208,goal_loc_x,0.292212,NULL
1208,goal_loc_y,0.169531,NULL
1209,field_loc_x,0.541555,NULL
1209,field_loc_y,0.674531,NULL
1209,def_scheme,NULL,man
1209,is_off_dodge,0,NULL
1209,is_transition,0,NULL
1209,is_right_handed,1,NULL
1209,shot_quality,1,NULL
1209,goal_loc_x,0.262884,NULL
1209,goal_loc_y,0.619531,NULL
1210,field_loc_x,0.414013,NULL
1210,field_loc_y,0.324531,NULL
1210,def_scheme,NULL,man
1210,is_transition,0,NULL
1210,is_off_dodge,0,NULL
1210,is_right_handed,1,NULL
1210,shot_quality,3,NULL
1210,goal_loc_x,0.32154,NULL
1210,goal_loc_y,0.819531,NULL
1211,field_loc_x,0.438307,NULL
1211,field_loc_y,0.729531,NULL
1211,def_scheme,NULL,man
1211,is_transition,0,NULL
1211,is_off_dodge,1,NULL
1211,is_right_handed,1,NULL
1211,shot_quality,1,NULL
1211,goal_loc_x,0.438852,NULL
1211,goal_loc_y,0.699531,NULL
1212,field_loc_x,0.43527,NULL
1212,field_loc_y,0.719531,NULL
1212,def_scheme,NULL,man
1212,is_transition,0,NULL
1212,is_off_dodge,1,NULL
1212,is_right_handed,1,NULL
1212,shot_quality,2,NULL
1212,clean_save,0,NULL
1212,goal_loc_x,0.463292,NULL
1212,goal_loc_y,0.159531,NULL
1213,field_loc_x,0.535482,NULL
1213,field_loc_y,0.669531,NULL
1213,def_scheme,NULL,man
1213,is_transition,0,NULL
1213,is_off_dodge,1,NULL
1213,is_right_handed,0,NULL
1213,shot_quality,1,NULL
1213,goal_loc_x,0.316652,NULL
1213,goal_loc_y,0.144531,NULL
1214,field_loc_x,0.420087,NULL
1214,field_loc_y,0.524531,NULL
1214,def_scheme,NULL,man
1214,is_transition,0,NULL
1214,is_off_dodge,1,NULL
1214,is_right_handed,0,NULL
1214,shot_quality,3,NULL
1214,goal_loc_x,0.839669,NULL
1214,goal_loc_y,0.159531,NULL
1215,field_loc_x,0.332022,NULL
1215,field_loc_y,0.589531,NULL
1215,def_scheme,NULL,man
1215,is_transition,0,NULL
1215,is_off_dodge,0,NULL
1215,is_right_handed,1,NULL
1215,shot_quality,2,NULL
1215,goal_loc_x,0.140683,NULL
1215,goal_loc_y,0.584531,NULL
1216,field_loc_x,0.562812,NULL
1216,field_loc_y,0.744531,NULL
1216,def_scheme,NULL,man
1216,is_transition,0,NULL
1216,is_off_dodge,1,NULL
1216,is_right_handed,0,NULL
1216,shot_quality,2,NULL
1216,clean_save,0,NULL
1216,goal_loc_x,0.546389,NULL
1216,goal_loc_y,0.159531,NULL
1217,field_loc_x,0.590143,NULL
1217,field_loc_y,0.599531,NULL
1217,def_scheme,NULL,zone
1217,is_transition,0,NULL
1217,is_off_dodge,0,NULL
1217,is_right_handed,0,NULL
1217,shot_quality,2,NULL
1217,goal_loc_x,0.24822,NULL
1217,goal_loc_y,0.149531,NULL
1218,field_loc_x,0.486894,NULL
1218,field_loc_y,0.659531,NULL
1218,def_scheme,NULL,man
1218,is_transition,1,NULL
1218,is_off_dodge,1,NULL
1218,is_right_handed,0,NULL
1218,shot_quality,1,NULL
1218,clean_save,0,NULL
1218,goal_loc_x,0.24822,NULL
1218,goal_loc_y,0.554531,NULL
1219,field_loc_x,0.462601,NULL
1219,field_loc_y,0.689531,NULL
1219,def_scheme,NULL,man
1219,is_transition,0,NULL
1219,is_off_dodge,0,NULL
1219,is_right_handed,0,NULL
1219,shot_quality,1,NULL
1219,goal_loc_x,0.292212,NULL
1219,goal_loc_y,0.664531,NULL
1220,field_loc_x,0.574959,NULL
1220,field_loc_y,0.599531,NULL
1220,def_scheme,NULL,man
1220,is_transition,0,NULL
1220,is_off_dodge,1,NULL
1220,is_right_handed,1,NULL
1220,shot_quality,2,NULL
1220,clean_save,0,NULL
1220,goal_loc_x,0.49262,NULL
1220,goal_loc_y,0.154531,NULL
1221,field_loc_x,0.480821,NULL
1221,field_loc_y,0.444531,NULL
1221,def_scheme,NULL,man
1221,is_transition,1,NULL
1221,is_off_dodge,1,NULL
1221,is_right_handed,0,NULL
1221,shot_quality,3,NULL
1221,clean_save,1,NULL
1221,goal_loc_x,0.693029,NULL
1221,goal_loc_y,0.424531,NULL
1222,field_loc_x,0.535482,NULL
1222,field_loc_y,0.594531,NULL
1222,def_scheme,NULL,man
1222,is_transition,0,NULL
1222,is_off_dodge,1,NULL
1222,is_right_handed,1,NULL
1222,shot_quality,2,NULL
1222,goal_loc_x,0.697917,NULL
1222,goal_loc_y,0.659531,NULL
1223,field_loc_x,0.42616,NULL
1223,field_loc_y,0.569531,NULL
1223,def_scheme,NULL,man
1223,is_transition,1,NULL
1223,is_off_dodge,0,NULL
1223,is_right_handed,1,NULL
1223,shot_quality,2,NULL
1223,goal_loc_x,0.575717,NULL
1223,goal_loc_y,0.754531,NULL
1224,field_loc_x,0.559775,NULL
1224,field_loc_y,0.744531,NULL
1224,def_scheme,NULL,man
1224,is_transition,0,NULL
1224,is_off_dodge,1,NULL
1224,is_right_handed,0,NULL
1224,shot_quality,2,NULL
1224,goal_loc_x,0.854333,NULL
1224,goal_loc_y,0.264531,NULL
1853,field_loc_x,0.480821,NULL
1853,field_loc_y,0.614531,NULL
1853,def_scheme,NULL,man
1853,is_transition,0,NULL
1853,is_off_dodge,0,NULL
1853,is_right_handed,1,NULL
1853,shot_quality,1,NULL
1853,goal_loc_x,0.238444,NULL
1853,goal_loc_y,0.584531,NULL
1854,field_loc_x,0.581033,NULL
1854,field_loc_y,0.409531,NULL
1854,def_scheme,NULL,man
1854,is_transition,1,NULL
1854,is_off_dodge,0,NULL
1854,is_right_handed,1,NULL
1854,shot_quality,2,NULL
1854,goal_loc_x,0.233555,NULL
1854,goal_loc_y,0.364531,NULL
1855,field_loc_x,0.380609,NULL
1855,field_loc_y,0.509531,NULL
1855,def_scheme,NULL,man
1855,is_transition,0,NULL
1855,is_off_dodge,0,NULL
1855,is_right_handed,1,NULL
1855,shot_quality,2,NULL
1855,goal_loc_x,0.849445,NULL
1855,goal_loc_y,0.879531,NULL
1856,field_loc_x,0.423123,NULL
1856,field_loc_y,0.719531,NULL
1856,def_scheme,NULL,man
1856,is_transition,0,NULL
1856,is_off_dodge,1,NULL
1856,is_right_handed,1,NULL
1856,shot_quality,1,NULL
1856,clean_save,0,NULL
1856,goal_loc_x,0.277548,NULL
1856,goal_loc_y,0.164531,NULL
1857,field_loc_x,0.365426,NULL
1857,field_loc_y,0.439531,NULL
1857,def_scheme,NULL,man
1857,is_transition,0,NULL
1857,is_off_dodge,1,NULL
1857,is_right_handed,0,NULL
1857,shot_quality,3,NULL
1857,clean_save,1,NULL
1857,goal_loc_x,0.301988,NULL
1857,goal_loc_y,0.404531,NULL
1858,field_loc_x,0.42616,NULL
1858,field_loc_y,0.624531,NULL
1858,def_scheme,NULL,man
1858,is_transition,0,NULL
1858,is_off_dodge,0,NULL
1858,is_right_handed,1,NULL
1858,shot_quality,1,NULL
1858,clean_save,1,NULL
1858,goal_loc_x,0.341092,NULL
1858,goal_loc_y,0.684531,NULL
1859,field_loc_x,0.568886,NULL
1859,field_loc_y,0.759531,NULL
1859,def_scheme,NULL,man
1859,is_transition,0,NULL
1859,is_off_dodge,1,NULL
1859,is_right_handed,0,NULL
1859,shot_quality,2,NULL
1859,goal_loc_x,0.805453,NULL
1859,goal_loc_y,0.719531,NULL
1860,field_loc_x,0.410977,NULL
1860,field_loc_y,0.784531,NULL
1860,def_scheme,NULL,man
1860,is_transition,0,NULL
1860,is_off_dodge,1,NULL
1860,is_right_handed,1,NULL
1860,shot_quality,3,NULL
1860,goal_loc_x,0.194451,NULL
1860,goal_loc_y,0.294531,NULL
1861,field_loc_x,0.502078,NULL
1861,field_loc_y,0.254531,NULL
1861,def_scheme,NULL,man
1861,is_transition,0,NULL
1861,is_off_dodge,1,NULL
1861,is_right_handed,1,NULL
1861,shot_quality,3,NULL
1861,goal_loc_x,0.150459,NULL
1861,goal_loc_y,0.154531,NULL
1862,field_loc_x,0.571922,NULL
1862,field_loc_y,0.739531,NULL
1862,def_scheme,NULL,man
1862,is_transition,0,NULL
1862,is_off_dodge,1,NULL
1862,is_right_handed,0,NULL
1862,shot_quality,2,NULL
1862,goal_loc_x,0.497508,NULL
1862,goal_loc_y,0.754531,NULL
1863,field_loc_x,0.42616,NULL
1863,field_loc_y,0.634531,NULL
1863,def_scheme,NULL,man
1863,is_transition,0,NULL
1863,is_off_dodge,1,NULL
1863,is_right_handed,1,NULL
1863,shot_quality,1,NULL
1863,goal_loc_x,0.761461,NULL
1863,goal_loc_y,0.159531,NULL
1864,field_loc_x,0.410977,NULL
1864,field_loc_y,0.344531,NULL
1864,def_scheme,NULL,man
1864,is_transition,1,NULL
1864,is_off_dodge,0,NULL
1864,is_right_handed,1,NULL
1864,shot_quality,3,NULL
1864,goal_loc_x,0.194451,NULL
1864,goal_loc_y,0.234531,NULL
1865,field_loc_x,0.568886,NULL
1865,field_loc_y,0.439531,NULL
1865,def_scheme,NULL,man
1865,is_transition,0,NULL
1865,is_off_dodge,1,NULL
1865,is_right_handed,1,NULL
1865,shot_quality,2,NULL
1865,goal_loc_x,0.253108,NULL
1865,goal_loc_y,0.164531,NULL
1866,field_loc_x,0.410977,NULL
1866,field_loc_y,0.419531,NULL
1866,def_scheme,NULL,man
1866,is_transition,1,NULL
1866,is_off_dodge,0,NULL
1866,is_right_handed,1,NULL
1866,shot_quality,2,NULL
1866,goal_loc_x,0.238444,NULL
1866,goal_loc_y,0.689531,NULL
1867,field_loc_x,0.559775,NULL
1867,field_loc_y,0.439531,NULL
1867,def_scheme,NULL,man
1867,is_transition,1,NULL
1867,is_off_dodge,1,NULL
1867,is_right_handed,1,NULL
1867,shot_quality,2,NULL
1867,goal_loc_x,0.116243,NULL
1867,goal_loc_y,0.169531,NULL
1868,field_loc_x,0.42616,NULL
1868,field_loc_y,0.719531,NULL
1868,def_scheme,NULL,man
1868,is_off_dodge,1,NULL
1868,is_transition,0,NULL
1868,is_right_handed,0,NULL
1868,shot_quality,3,NULL
1868,goal_loc_x,0.868998,NULL
1868,goal_loc_y,0.164531,NULL
1869,field_loc_x,0.438307,NULL
1869,field_loc_y,0.719531,NULL
1869,def_scheme,NULL,man
1869,is_transition,0,NULL
1869,is_off_dodge,1,NULL
1869,is_right_handed,1,NULL
1869,shot_quality,1,NULL
1869,goal_loc_x,0.473068,NULL
1869,goal_loc_y,0.159531,NULL
1870,field_loc_x,0.526372,NULL
1870,field_loc_y,0.669531,NULL
1870,def_scheme,NULL,man
1870,is_transition,1,NULL
1870,is_off_dodge,1,NULL
1870,is_right_handed,0,NULL
1870,shot_quality,1,NULL
1870,clean_save,0,NULL
1870,goal_loc_x,0.5415,NULL
1870,goal_loc_y,0.134531,NULL
1871,field_loc_x,0.617473,NULL
1871,field_loc_y,0.599531,NULL
1871,def_scheme,NULL,man
1871,is_transition,0,NULL
1871,is_off_dodge,0,NULL
1871,is_right_handed,0,NULL
1871,shot_quality,2,NULL
1871,goal_loc_x,0.135795,NULL
1871,goal_loc_y,0.604531,NULL
1872,field_loc_x,0.626583,NULL
1872,field_loc_y,0.564531,NULL
1872,def_scheme,NULL,man
1872,is_transition,0,NULL
1872,is_off_dodge,1,NULL
1872,is_right_handed,1,NULL
1872,shot_quality,3,NULL
1872,goal_loc_x,0.121131,NULL
1872,goal_loc_y,0.129531,NULL
1873,field_loc_x,0.401866,NULL
1873,field_loc_y,0.674531,NULL
1873,def_scheme,NULL,man
1873,is_transition,0,NULL
1873,is_off_dodge,1,NULL
1873,is_right_handed,1,NULL
1873,shot_quality,2,NULL
1873,goal_loc_x,0.438852,NULL
1873,goal_loc_y,0.149531,NULL
1874,field_loc_x,0.502078,NULL
1874,field_loc_y,0.414531,NULL
1874,def_scheme,NULL,man
1874,is_transition,0,NULL
1874,is_off_dodge,1,NULL
1874,is_right_handed,0,NULL
1874,shot_quality,2,NULL
1874,goal_loc_x,0.849445,NULL
1874,goal_loc_y,0.254531,NULL
1875,field_loc_x,0.584069,NULL
1875,field_loc_y,0.719531,NULL
1875,def_scheme,NULL,man
1875,is_transition,0,NULL
1875,is_off_dodge,1,NULL
1875,is_right_handed,0,NULL
1875,shot_quality,2,NULL
1875,goal_loc_x,0.160235,NULL
1875,goal_loc_y,0.829531,NULL
1876,field_loc_x,0.450454,NULL
1876,field_loc_y,0.274531,NULL
1876,def_scheme,NULL,man
1876,is_transition,0,NULL
1876,is_off_dodge,1,NULL
1876,is_right_handed,0,NULL
1876,shot_quality,3,NULL
1876,clean_save,0,NULL
1876,goal_loc_x,0.311764,NULL
1876,goal_loc_y,0.414531,NULL
1877,field_loc_x,0.42616,NULL
1877,field_loc_y,0.679531,NULL
1877,def_scheme,NULL,man
1877,is_transition,1,NULL
1877,is_off_dodge,0,NULL
1877,is_right_handed,1,NULL
1877,shot_quality,1,NULL
1877,goal_loc_x,0.243332,NULL
1877,goal_loc_y,0.424531,NULL
1878,field_loc_x,0.420087,NULL
1878,field_loc_y,0.709531,NULL
1878,def_scheme,NULL,man
1878,is_right_handed,1,NULL
1878,is_off_dodge,1,NULL
1878,is_transition,0,NULL
1878,shot_quality,3,NULL
1878,goal_loc_x,0.903214,NULL
1878,goal_loc_y,0.224531,NULL
1879,field_loc_x,0.38972,NULL
1879,field_loc_y,0.604531,NULL
1879,def_scheme,NULL,man
1879,is_transition,0,NULL
1879,is_off_dodge,1,NULL
1879,is_right_handed,1,NULL
1879,shot_quality,2,NULL
1879,goal_loc_x,0.766349,NULL
1879,goal_loc_y,0.814531,NULL
1880,field_loc_x,0.596216,NULL
1880,field_loc_y,0.644531,NULL
1880,def_scheme,NULL,man
1880,is_transition,0,NULL
1880,is_off_dodge,1,NULL
1880,is_right_handed,1,NULL
1880,shot_quality,2,NULL
1880,clean_save,0,NULL
1880,goal_loc_x,0.746797,NULL
1880,goal_loc_y,0.164531,NULL
1881,field_loc_x,0.565849,NULL
1881,field_loc_y,0.739531,NULL
1881,def_scheme,NULL,man
1881,is_transition,0,NULL
1881,is_off_dodge,1,NULL
1881,is_right_handed,1,NULL
1881,shot_quality,3,NULL
1881,clean_save,0,NULL
1881,goal_loc_x,0.722357,NULL
1881,goal_loc_y,0.439531,NULL
1882,field_loc_x,0.38972,NULL
1882,field_loc_y,0.344531,NULL
1882,def_scheme,NULL,man
1882,is_transition,1,NULL
1882,is_off_dodge,1,NULL
1882,is_right_handed,1,NULL
1882,shot_quality,3,NULL
1882,goal_loc_x,0.140683,NULL
1882,goal_loc_y,0.234531,NULL
1883,field_loc_x,0.574959,NULL
1883,field_loc_y,0.719531,NULL
1883,def_scheme,NULL,man
1883,is_transition,0,NULL
1883,is_off_dodge,1,NULL
1883,is_right_handed,0,NULL
1883,shot_quality,2,NULL
1883,goal_loc_x,0.712581,NULL
1883,goal_loc_y,0.709531,NULL
1884,field_loc_x,0.550665,NULL
1884,field_loc_y,0.619531,NULL
1884,def_scheme,NULL,man
1884,is_transition,1,NULL
1884,is_off_dodge,1,NULL
1884,is_right_handed,1,NULL
1884,shot_quality,1,NULL
1884,goal_loc_x,0.561053,NULL
1884,goal_loc_y,0.724531,NULL
1885,field_loc_x,0.593179,NULL
1885,field_loc_y,0.534531,NULL
1885,def_scheme,NULL,man
1885,is_transition,0,NULL
1885,is_off_dodge,0,NULL
1885,is_right_handed,0,NULL
1885,shot_quality,2,NULL
1885,goal_loc_x,0.27266,NULL
1885,goal_loc_y,0.709531,NULL
1886,field_loc_x,0.571922,NULL
1886,field_loc_y,0.694531,NULL
1886,def_scheme,NULL,man
1886,is_transition,0,NULL
1886,is_off_dodge,1,NULL
1886,is_right_handed,0,NULL
1886,clean_save,0,NULL
1886,shot_quality,2,NULL
1886,goal_loc_x,0.51706,NULL
1886,goal_loc_y,0.154531,NULL
1887,field_loc_x,0.496005,NULL
1887,field_loc_y,0.659531,NULL
1887,def_scheme,NULL,man
1887,is_transition,1,NULL
1887,is_off_dodge,0,NULL
1887,is_right_handed,0,NULL
1887,shot_quality,1,NULL
1887,goal_loc_x,0.429076,NULL
1887,goal_loc_y,0.669531,NULL
1888,field_loc_x,0.565849,NULL
1888,field_loc_y,0.709531,NULL
1888,def_scheme,NULL,man
1888,is_transition,0,NULL
1888,is_off_dodge,1,NULL
1888,is_right_handed,0,NULL
1888,shot_quality,1,NULL
1888,goal_loc_x,0.194451,NULL
1888,goal_loc_y,0.224531,NULL
1889,field_loc_x,0.43527,NULL
1889,field_loc_y,0.719531,NULL
1889,def_scheme,NULL,man
1889,is_transition,0,NULL
1889,is_off_dodge,0,NULL
1889,is_right_handed,1,NULL
1889,shot_quality,1,NULL
1889,goal_loc_x,0.170011,NULL
1889,goal_loc_y,0.529531,NULL
1890,field_loc_x,0.410977,NULL
1890,field_loc_y,0.644531,NULL
1890,def_scheme,NULL,zone
1890,is_transition,0,NULL
1890,is_off_dodge,0,NULL
1890,is_right_handed,1,NULL
1890,shot_quality,2,NULL
1891,field_loc_x,0.414013,NULL
1891,field_loc_y,0.659531,NULL
1891,def_scheme,NULL,zone
1891,is_transition,0,NULL
1891,is_off_dodge,0,NULL
1891,is_right_handed,1,NULL
1891,shot_quality,2,NULL
1891,goal_loc_x,0.815229,NULL
1891,goal_loc_y,0.849531,NULL
1892,field_loc_x,0.489931,NULL
1892,field_loc_y,0.309531,NULL
1892,def_scheme,NULL,man
1892,is_transition,0,NULL
1892,is_off_dodge,1,NULL
1892,is_right_handed,1,NULL
1892,shot_quality,3,NULL
1892,clean_save,1,NULL
1892,goal_loc_x,0.429076,NULL
1892,goal_loc_y,0.654531,NULL
1893,field_loc_x,0.44438,NULL
1893,field_loc_y,0.694531,NULL
1893,def_scheme,NULL,man
1893,is_transition,0,NULL
1893,is_off_dodge,1,NULL
1893,is_right_handed,1,NULL
1893,shot_quality,1,NULL
1893,goal_loc_x,0.86411,NULL
1893,goal_loc_y,0.514531,NULL
1894,field_loc_x,0.401866,NULL
1894,field_loc_y,0.599531,NULL
1894,def_scheme,NULL,man
1894,is_transition,0,NULL
1894,is_off_dodge,1,NULL
1894,is_right_handed,1,NULL
1894,shot_quality,2,NULL
1894,clean_save,0,NULL
1894,goal_loc_x,0.228667,NULL
1894,goal_loc_y,0.414531,NULL
1895,field_loc_x,0.410977,NULL
1895,field_loc_y,0.429531,NULL
1895,def_scheme,NULL,man
1895,is_transition,0,NULL
1895,is_off_dodge,1,NULL
1895,is_right_handed,1,NULL
1895,shot_quality,2,NULL
1895,clean_save,1,NULL
1895,goal_loc_x,0.453516,NULL
1895,goal_loc_y,0.604531,NULL
1896,field_loc_x,0.496005,NULL
1896,field_loc_y,0.654531,NULL
1896,def_scheme,NULL,man
1896,is_transition,1,NULL
1896,is_off_dodge,0,NULL
1896,is_right_handed,1,NULL
1896,shot_quality,1,NULL
1896,goal_loc_x,0.267772,NULL
1896,goal_loc_y,0.369531,NULL
1897,field_loc_x,0.62962,NULL
1897,field_loc_y,0.524531,NULL
1897,def_scheme,NULL,man
1897,is_transition,0,NULL
1897,is_off_dodge,0,NULL
1897,is_right_handed,0,NULL
1897,shot_quality,2,NULL
1897,clean_save,0,NULL
1897,goal_loc_x,0.732133,NULL
1897,goal_loc_y,0.439531,NULL
1898,field_loc_x,0.414013,NULL
1898,field_loc_y,0.659531,NULL
1898,def_scheme,NULL,man
1898,is_transition,0,NULL
1898,is_off_dodge,1,NULL
1898,is_right_handed,1,NULL
1898,shot_quality,2,NULL
1898,clean_save,0,NULL
1898,goal_loc_x,0.233555,NULL
1898,goal_loc_y,0.224531,NULL
1899,field_loc_x,0.42616,NULL
1899,field_loc_y,0.674531,NULL
1899,def_scheme,NULL,man
1899,is_transition,0,NULL
1899,is_off_dodge,0,NULL
1899,is_right_handed,0,NULL
1899,shot_quality,1,NULL
1899,goal_loc_x,0.24822,NULL
1899,goal_loc_y,0.379531,NULL
1326,field_loc_x,0.499041,NULL
1326,field_loc_y,0.664531,NULL
1326,def_scheme,NULL,man
1326,is_transition,0,NULL
1326,is_off_dodge,1,NULL
1326,is_right_handed,0,NULL
1326,shot_quality,1,NULL
1326,clean_save,0,NULL
1326,goal_loc_x,0.487732,NULL
1326,goal_loc_y,0.159531,NULL
1327,field_loc_x,0.6114,NULL
1327,field_loc_y,0.509531,NULL
1327,def_scheme,NULL,zone
1327,is_transition,0,NULL
1327,is_off_dodge,0,NULL
1327,is_right_handed,0,NULL
1327,shot_quality,2,NULL
1327,goal_loc_x,0.111355,NULL
1327,goal_loc_y,0.174531,NULL
1328,field_loc_x,0.386683,NULL
1328,field_loc_y,0.334531,NULL
1328,def_scheme,NULL,man
1328,is_transition,0,NULL
1328,is_off_dodge,0,NULL
1328,is_right_handed,1,NULL
1328,shot_quality,3,NULL
1328,clean_save,0,NULL
1328,goal_loc_x,0.243332,NULL
1328,goal_loc_y,0.424531,NULL
1329,field_loc_x,0.593179,NULL
1329,field_loc_y,0.409531,NULL
1329,def_scheme,NULL,man
1329,is_transition,0,NULL
1329,is_off_dodge,0,NULL
1329,is_right_handed,0,NULL
1329,shot_quality,2,NULL
1329,goal_loc_x,0.727245,NULL
1329,goal_loc_y,0.619531,NULL
1330,field_loc_x,0.590143,NULL
1330,field_loc_y,0.409531,NULL
1330,def_scheme,NULL,man
1330,is_transition,1,NULL
1330,is_off_dodge,1,NULL
1330,is_right_handed,1,NULL
1330,shot_quality,3,NULL
1330,goal_loc_x,0.126019,NULL
1330,goal_loc_y,0.739531,NULL
1331,field_loc_x,0.593179,NULL
1331,field_loc_y,0.689531,NULL
1331,def_scheme,NULL,man
1331,is_transition,0,NULL
1331,is_off_dodge,1,NULL
1331,is_right_handed,0,NULL
1331,shot_quality,2,NULL
1331,goal_loc_x,0.126019,NULL
1331,goal_loc_y,0.139531,NULL
1332,field_loc_x,0.593179,NULL
1332,field_loc_y,0.614531,NULL
1332,def_scheme,NULL,zone
1332,is_transition,0,NULL
1332,is_off_dodge,0,NULL
1332,is_right_handed,0,NULL
1332,shot_quality,2,NULL
1332,goal_loc_x,0.741909,NULL
1332,goal_loc_y,0.689531,NULL
1333,field_loc_x,0.395793,NULL
1333,field_loc_y,0.704531,NULL
1333,def_scheme,NULL,zone
1333,is_transition,0,NULL
1333,is_off_dodge,0,NULL
1333,is_right_handed,1,NULL
1333,shot_quality,2,NULL
1333,goal_loc_x,0.878774,NULL
1333,goal_loc_y,0.799531,NULL
1334,field_loc_x,0.590143,NULL
1334,field_loc_y,0.514531,NULL
1334,def_scheme,NULL,zone
1334,is_transition,0,NULL
1334,is_off_dodge,0,NULL
1334,is_right_handed,0,NULL
1334,shot_quality,2,NULL
1334,goal_loc_x,0.732133,NULL
1334,goal_loc_y,0.559531,NULL
1335,def_scheme,NULL,man
1335,is_transition,0,NULL
1335,is_off_dodge,1,NULL
1335,is_right_handed,0,NULL
1335,shot_quality,3,NULL
1335,field_loc_x,0.404903,NULL
1335,field_loc_y,0.509531,NULL
1335,goal_loc_x,0.86411,NULL
1335,goal_loc_y,0.124531,NULL
1336,field_loc_x,0.499041,NULL
1336,field_loc_y,0.289531,NULL
1336,def_scheme,NULL,zone
1336,is_transition,0,NULL
1336,is_off_dodge,0,NULL
1336,is_right_handed,1,NULL
1336,shot_quality,3,NULL
1336,goal_loc_x,0.649037,NULL
1336,goal_loc_y,0.754531,NULL
1337,field_loc_x,0.538518,NULL
1337,field_loc_y,0.464531,NULL
1337,def_scheme,NULL,man
1337,is_transition,0,NULL
1337,is_off_dodge,0,NULL
1337,is_right_handed,1,NULL
1337,shot_quality,3,NULL
1337,goal_loc_x,0.145571,NULL
1337,goal_loc_y,0.629531,NULL
1338,field_loc_x,0.471711,NULL
1338,field_loc_y,0.619531,NULL
1338,def_scheme,NULL,man
1338,is_transition,0,NULL
1338,is_off_dodge,0,NULL
1338,is_right_handed,1,NULL
1338,shot_quality,1,NULL
1338,clean_save,0,NULL
1338,goal_loc_x,0.243332,NULL
1338,goal_loc_y,0.154531,NULL
1339,field_loc_x,0.514225,NULL
1339,field_loc_y,0.299531,NULL
1339,def_scheme,NULL,zone
1339,is_transition,0,NULL
1339,is_off_dodge,0,NULL
1339,is_right_handed,1,NULL
1339,shot_quality,3,NULL
1339,goal_loc_x,0.145571,NULL
1339,goal_loc_y,0.689531,NULL
1340,field_loc_x,0.608363,NULL
1340,field_loc_y,0.439531,NULL
1340,def_scheme,NULL,zone
1340,is_transition,0,NULL
1340,is_off_dodge,0,NULL
1340,is_right_handed,0,NULL
1340,shot_quality,2,NULL
1340,clean_save,1,NULL
1340,goal_loc_x,0.766349,NULL
1340,goal_loc_y,0.649531,NULL
1341,field_loc_x,0.474748,NULL
1341,field_loc_y,0.289531,NULL
1341,def_scheme,NULL,zone
1341,is_transition,0,NULL
1341,is_off_dodge,0,NULL
1341,is_right_handed,1,NULL
1341,shot_quality,3,NULL
1341,clean_save,0,NULL
1341,goal_loc_x,0.678365,NULL
1341,goal_loc_y,0.159531,NULL
1342,field_loc_x,0.338095,NULL
1342,field_loc_y,0.604531,NULL
1342,def_scheme,NULL,zone
1342,is_transition,0,NULL
1342,is_off_dodge,0,NULL
1342,is_right_handed,1,NULL
1342,shot_quality,2,NULL
1343,def_scheme,NULL,zone
1343,is_transition,0,NULL
1343,is_off_dodge,0,NULL
1343,is_right_handed,1,NULL
1343,shot_quality,1,NULL
1343,clean_save,1,NULL
1343,field_loc_x,0.438307,NULL
1343,field_loc_y,0.694531,NULL
1343,goal_loc_x,0.292212,NULL
1343,goal_loc_y,0.644531,NULL
1344,field_loc_x,0.605326,NULL
1344,field_loc_y,0.684531,NULL
1344,def_scheme,NULL,zone
1344,is_transition,0,NULL
1344,is_off_dodge,0,NULL
1344,is_right_handed,0,NULL
1344,shot_quality,2,NULL
1344,goal_loc_x,0.854333,NULL
1344,goal_loc_y,0.754531,NULL
1345,field_loc_x,0.401866,NULL
1345,field_loc_y,0.659531,NULL
1345,def_scheme,NULL,zone
1345,is_transition,0,NULL
1345,is_off_dodge,0,NULL
1345,is_right_handed,1,NULL
1345,shot_quality,2,NULL
1345,goal_loc_x,0.135795,NULL
1345,goal_loc_y,0.509531,NULL
1346,field_loc_x,0.383646,NULL
1346,field_loc_y,0.559531,NULL
1346,def_scheme,NULL,zone
1346,is_transition,0,NULL
1346,is_off_dodge,0,NULL
1346,is_right_handed,1,NULL
1346,shot_quality,3,NULL
1346,goal_loc_x,0.908102,NULL
1346,goal_loc_y,0.639531,NULL
1347,field_loc_x,0.593179,NULL
1347,field_loc_y,0.654531,NULL
1347,def_scheme,NULL,zone
1347,is_transition,0,NULL
1347,is_off_dodge,0,NULL
1347,is_right_handed,0,NULL
1347,shot_quality,2,NULL
1347,clean_save,0,NULL
1347,goal_loc_x,0.34598,NULL
1347,goal_loc_y,0.684531,NULL
1348,field_loc_x,0.386683,NULL
1348,field_loc_y,0.519531,NULL
1348,def_scheme,NULL,zone
1348,is_transition,0,NULL
1348,is_off_dodge,0,NULL
1348,is_right_handed,1,NULL
1348,shot_quality,2,NULL
1348,clean_save,1,NULL
1348,goal_loc_x,0.253108,NULL
1348,goal_loc_y,0.679531,NULL
1349,field_loc_x,0.392756,NULL
1349,field_loc_y,0.434531,NULL
1349,def_scheme,NULL,zone
1349,is_transition,0,NULL
1349,is_off_dodge,0,NULL
1349,is_right_handed,0,NULL
1349,shot_quality,3,NULL
1349,goal_loc_x,0.878774,NULL
1349,goal_loc_y,0.189531,NULL
1350,field_loc_x,0.568886,NULL
1350,field_loc_y,0.719531,NULL
1350,def_scheme,NULL,zone
1350,is_transition,0,NULL
1350,is_off_dodge,0,NULL
1350,is_right_handed,0,NULL
1350,shot_quality,1,NULL
1350,goal_loc_x,0.287324,NULL
1350,goal_loc_y,0.699531,NULL
1351,def_scheme,NULL,man
1351,is_transition,0,NULL
1351,is_off_dodge,1,NULL
1351,is_right_handed,1,NULL
1351,clean_save,0,NULL
1351,shot_quality,2,NULL
1351,goal_loc_x,0.697917,NULL
1351,goal_loc_y,0.384531,NULL
1352,field_loc_x,0.544592,NULL
1352,field_loc_y,0.689531,NULL
1352,def_scheme,NULL,man
1352,is_transition,0,NULL
1352,is_off_dodge,1,NULL
1352,is_right_handed,0,NULL
1352,shot_quality,1,NULL
1352,goal_loc_x,0.839669,NULL
1352,goal_loc_y,0.169531,NULL
1353,field_loc_x,0.319875,NULL
1353,field_loc_y,0.654531,NULL
1353,def_scheme,NULL,man
1353,is_transition,0,NULL
1353,is_off_dodge,0,NULL
1353,is_right_handed,1,NULL
1353,shot_quality,3,NULL
1353,clean_save,0,NULL
1353,goal_loc_x,0.262884,NULL
1353,goal_loc_y,0.659531,NULL
1354,field_loc_x,0.42616,NULL
1354,field_loc_y,0.374531,NULL
1354,def_scheme,NULL,man
1354,is_transition,0,NULL
1354,is_off_dodge,1,NULL
1354,is_right_handed,0,NULL
1354,shot_quality,2,NULL
1354,clean_save,0,NULL
1354,goal_loc_x,0.561053,NULL
1354,goal_loc_y,0.169531,NULL
1355,field_loc_x,0.614436,NULL
1355,field_loc_y,0.379531,NULL
1355,def_scheme,NULL,man
1355,is_transition,0,NULL
1355,is_off_dodge,0,NULL
1355,is_right_handed,1,NULL
1355,shot_quality,3,NULL
1355,clean_save,0,NULL
1355,goal_loc_x,0.512172,NULL
1355,goal_loc_y,0.654531,NULL
1356,field_loc_x,0.590143,NULL
1356,field_loc_y,0.614531,NULL
1356,def_scheme,NULL,man
1356,is_transition,0,NULL
1356,is_off_dodge,1,NULL
1356,is_right_handed,0,NULL
1356,shot_quality,2,NULL
1356,goal_loc_x,0.189563,NULL
1356,goal_loc_y,0.829531,NULL
1357,field_loc_x,0.477784,NULL
1357,field_loc_y,0.659531,NULL
1357,def_scheme,NULL,man
1357,is_transition,0,NULL
1357,is_off_dodge,1,NULL
1357,is_right_handed,1,NULL
1357,shot_quality,1,NULL
1357,goal_loc_x,0.448628,NULL
1357,goal_loc_y,0.154531,NULL
1358,field_loc_x,0.423123,NULL
1358,field_loc_y,0.614531,NULL
1358,def_scheme,NULL,man
1358,is_transition,0,NULL
1358,is_off_dodge,1,NULL
1358,is_right_handed,1,NULL
1358,shot_quality,2,NULL
1358,goal_loc_x,0.795677,NULL
1358,goal_loc_y,0.614531,NULL
1359,field_loc_x,0.608363,NULL
1359,field_loc_y,0.454531,NULL
1359,def_scheme,NULL,man
1359,is_transition,0,NULL
1359,is_off_dodge,0,NULL
1359,is_right_handed,0,NULL
1359,shot_quality,2,NULL
1359,goal_loc_x,0.839669,NULL
1359,goal_loc_y,0.659531,NULL
1360,field_loc_x,0.365426,NULL
1360,field_loc_y,0.544531,NULL
1360,def_scheme,NULL,man
1360,is_transition,0,NULL
1360,is_off_dodge,1,NULL
1360,is_right_handed,1,NULL
1360,shot_quality,3,NULL
1360,goal_loc_x,0.766349,NULL
1360,goal_loc_y,0.374531,NULL
1361,field_loc_x,0.608363,NULL
1361,field_loc_y,0.519531,NULL
1361,def_scheme,NULL,man
1361,is_transition,0,NULL
1361,is_off_dodge,0,NULL
1361,is_right_handed,0,NULL
1361,shot_quality,2,NULL
1361,goal_loc_x,0.24822,NULL
1361,goal_loc_y,0.679531,NULL
1362,field_loc_x,0.538518,NULL
1362,field_loc_y,0.304531,NULL
1362,def_scheme,NULL,man
1362,is_transition,0,NULL
1362,is_off_dodge,0,NULL
1362,is_right_handed,1,NULL
1362,shot_quality,3,NULL
1362,clean_save,0,NULL
1362,goal_loc_x,0.531724,NULL
1362,goal_loc_y,0.164531,NULL
1363,field_loc_x,0.590143,NULL
1363,field_loc_y,0.384531,NULL
1363,def_scheme,NULL,man
1363,is_transition,0,NULL
1363,is_off_dodge,1,NULL
1363,is_right_handed,1,NULL
1363,shot_quality,3,NULL
1363,goal_loc_x,0.868998,NULL
1363,goal_loc_y,0.184531,NULL
1364,field_loc_x,0.274324,NULL
1364,field_loc_y,0.484531,NULL
1364,def_scheme,NULL,man
1364,is_transition,0,NULL
1364,is_off_dodge,0,NULL
1364,is_right_handed,1,NULL
1364,shot_quality,3,NULL
1364,goal_loc_x,0.155347,NULL
1364,goal_loc_y,0.169531,NULL
1365,field_loc_x,0.593179,NULL
1365,field_loc_y,0.654531,NULL
1365,def_scheme,NULL,man
1365,is_transition,0,NULL
1365,is_off_dodge,0,NULL
1365,is_right_handed,0,NULL
1365,shot_quality,2,NULL
1365,goal_loc_x,0.145571,NULL
1365,goal_loc_y,0.139531,NULL
1366,field_loc_x,0.42616,NULL
1366,field_loc_y,0.409531,NULL
1366,def_scheme,NULL,man
1366,is_transition,0,NULL
1366,is_off_dodge,0,NULL
1366,is_right_handed,1,NULL
1366,shot_quality,2,NULL
1366,goal_loc_x,0.908102,NULL
1366,goal_loc_y,0.689531,NULL
1367,field_loc_x,0.410977,NULL
1367,field_loc_y,0.529531,NULL
1367,goal_loc_x,0.145571,NULL
1367,goal_loc_y,0.259531,NULL
1367,def_scheme,NULL,man
1367,is_transition,0,NULL
1367,is_off_dodge,1,NULL
1367,is_right_handed,1,NULL
1367,shot_quality,2,NULL
1368,field_loc_x,0.41705,NULL
1368,field_loc_y,0.459531,NULL
1368,def_scheme,NULL,man
1368,is_transition,0,NULL
1368,is_off_dodge,0,NULL
1368,is_right_handed,1,NULL
1368,shot_quality,2,NULL
1368,goal_loc_x,0.130907,NULL
1368,goal_loc_y,0.379531,NULL
1369,field_loc_x,0.459564,NULL
1369,field_loc_y,0.684531,NULL
1369,def_scheme,NULL,man
1369,is_transition,0,NULL
1369,is_off_dodge,0,NULL
1369,is_right_handed,1,NULL
1369,shot_quality,1,NULL
1369,goal_loc_x,0.243332,NULL
1369,goal_loc_y,0.374531,NULL
1370,field_loc_x,0.371499,NULL
1370,field_loc_y,0.454531,NULL
1370,def_scheme,NULL,zone
1370,is_transition,0,NULL
1370,is_off_dodge,0,NULL
1370,is_right_handed,1,NULL
1370,shot_quality,2,NULL
1370,goal_loc_x,0.878774,NULL
1370,goal_loc_y,0.364531,NULL
1371,field_loc_x,0.559775,NULL
1371,field_loc_y,0.734531,NULL
1371,def_scheme,NULL,zone
1371,is_transition,0,NULL
1371,is_off_dodge,0,NULL
1371,is_right_handed,0,NULL
1371,shot_quality,1,NULL
1371,goal_loc_x,0.693029,NULL
1371,goal_loc_y,0.669531,NULL
1372,field_loc_x,0.496005,NULL
1372,field_loc_y,0.394531,NULL
1372,def_scheme,NULL,zone
1372,is_transition,0,NULL
1372,is_off_dodge,0,NULL
1372,is_right_handed,1,NULL
1372,shot_quality,2,NULL
1372,goal_loc_x,0.507284,NULL
1372,goal_loc_y,0.829531,NULL
1373,field_loc_x,0.395793,NULL
1373,field_loc_y,0.664531,NULL
1373,def_scheme,NULL,zone
1373,is_transition,0,NULL
1373,is_off_dodge,0,NULL
1373,is_right_handed,1,NULL
1373,shot_quality,2,NULL
1373,goal_loc_x,0.834781,NULL
1373,goal_loc_y,0.949531,NULL
1374,field_loc_x,0.386683,NULL
1374,field_loc_y,0.419531,NULL
1374,def_scheme,NULL,zone
1374,is_transition,1,NULL
1374,is_off_dodge,0,NULL
1374,is_right_handed,1,NULL
1374,shot_quality,2,NULL
1374,clean_save,0,NULL
1374,goal_loc_x,0.502396,NULL
1374,goal_loc_y,0.154531,NULL
1375,field_loc_x,0.44438,NULL
1375,field_loc_y,0.694531,NULL
1375,def_scheme,NULL,zone
1375,is_transition,0,NULL
1375,is_right_handed,0,NULL
1375,shot_quality,2,NULL
1376,field_loc_x,0.568886,NULL
1376,field_loc_y,0.704531,NULL
1376,def_scheme,NULL,zone
1376,is_transition,1,NULL
1376,is_off_dodge,0,NULL
1376,is_right_handed,0,NULL
1376,shot_quality,1,NULL
1376,goal_loc_x,0.238444,NULL
1376,goal_loc_y,0.509531,NULL
1377,field_loc_x,0.608363,NULL
1377,field_loc_y,0.389531,NULL
1377,def_scheme,NULL,zone
1377,is_transition,1,NULL
1377,is_off_dodge,0,NULL
1377,is_right_handed,1,NULL
1377,shot_quality,3,NULL
1377,clean_save,0,NULL
1377,goal_loc_x,0.49262,NULL
1377,goal_loc_y,0.164531,NULL
1378,field_loc_x,0.499041,NULL
1378,field_loc_y,0.364531,NULL
1378,def_scheme,NULL,zone
1378,is_transition,0,NULL
1378,is_off_dodge,0,NULL
1378,is_right_handed,1,NULL
1378,shot_quality,2,NULL
1378,goal_loc_x,0.326428,NULL
1378,goal_loc_y,0.619531,NULL
1379,field_loc_x,0.596216,NULL
1379,field_loc_y,0.609531,NULL
1379,def_scheme,NULL,zone
1379,is_transition,1,NULL
1379,is_off_dodge,0,NULL
1379,is_right_handed,0,NULL
1379,shot_quality,2,NULL
1380,field_loc_x,0.496005,NULL
1380,field_loc_y,0.654531,NULL
1380,goal_loc_x,0.595269,NULL
1380,goal_loc_y,0.754531,NULL
1380,def_scheme,NULL,zone
1380,is_transition,1,NULL
1380,is_off_dodge,0,NULL
1380,is_right_handed,1,NULL
1380,shot_quality,1,NULL
1381,field_loc_x,0.587106,NULL
1381,field_loc_y,0.589531,NULL
1381,def_scheme,NULL,man
1381,is_transition,1,NULL
1381,is_off_dodge,1,NULL
1381,is_right_handed,1,NULL
1381,shot_quality,2,NULL
1381,goal_loc_x,0.086915,NULL
1381,goal_loc_y,0.184531,NULL
1382,field_loc_x,0.496005,NULL
1382,field_loc_y,0.574531,NULL
1382,def_scheme,NULL,man
1382,is_transition,0,NULL
1382,is_off_dodge,1,NULL
1382,is_right_handed,1,NULL
1382,shot_quality,2,NULL
1382,clean_save,0,NULL
1382,goal_loc_x,0.761461,NULL
1382,goal_loc_y,0.609531,NULL
1383,field_loc_x,0.663024,NULL
1383,field_loc_y,0.449531,NULL
1383,def_scheme,NULL,man
1383,is_transition,0,NULL
1383,is_off_dodge,1,NULL
1383,is_right_handed,1,NULL
1383,shot_quality,3,NULL
1383,clean_save,1,NULL
1383,goal_loc_x,0.741909,NULL
1383,goal_loc_y,0.419531,NULL
1384,field_loc_x,0.38972,NULL
1384,field_loc_y,0.524531,NULL
1384,def_scheme,NULL,man
1384,is_transition,1,NULL
1384,is_off_dodge,0,NULL
1384,is_right_handed,1,NULL
1384,shot_quality,2,NULL
1384,goal_loc_x,0.88855,NULL
1384,goal_loc_y,0.144531,NULL
1385,field_loc_x,0.505115,NULL
1385,field_loc_y,0.554531,NULL
1385,def_scheme,NULL,man
1385,is_transition,1,NULL
1385,is_off_dodge,1,NULL
1385,is_right_handed,1,NULL
1385,shot_quality,2,NULL
1385,clean_save,0,NULL
1385,goal_loc_x,0.737021,NULL
1385,goal_loc_y,0.209531,NULL
1386,field_loc_x,0.483858,NULL
1386,field_loc_y,0.449531,NULL
1386,def_scheme,NULL,man
1386,is_transition,0,NULL
1386,is_off_dodge,1,NULL
1386,is_right_handed,0,NULL
1386,shot_quality,2,NULL
1386,clean_save,1,NULL
1386,goal_loc_x,0.238444,NULL
1386,goal_loc_y,0.704531,NULL
1387,field_loc_x,0.39883,NULL
1387,field_loc_y,0.609531,NULL
1387,goal_loc_x,0.34598,NULL
1387,goal_loc_y,0.699531,NULL
1387,def_scheme,NULL,zone
1387,is_transition,0,NULL
1387,is_off_dodge,0,NULL
1387,is_right_handed,1,NULL
1387,shot_quality,2,NULL
1387,clean_save,1,NULL
1388,field_loc_x,0.486894,NULL
1388,field_loc_y,0.659531,NULL
1388,def_scheme,NULL,zone
1388,is_transition,0,NULL
1388,is_off_dodge,1,NULL
1388,is_right_handed,1,NULL
1388,shot_quality,1,NULL
1388,goal_loc_x,0.751685,NULL
1388,goal_loc_y,0.179531,NULL
1389,field_loc_x,0.392756,NULL
1389,field_loc_y,0.544531,NULL
1389,def_scheme,NULL,zone
1389,is_transition,0,NULL
1389,is_off_dodge,0,NULL
1389,is_right_handed,1,NULL
1389,shot_quality,2,NULL
1389,goal_loc_x,0.257996,NULL
1389,goal_loc_y,0.694531,NULL
1390,field_loc_x,0.565849,NULL
1390,field_loc_y,0.704531,NULL
1390,def_scheme,NULL,zone
1390,is_transition,0,NULL
1390,is_off_dodge,0,NULL
1390,is_right_handed,0,NULL
1390,shot_quality,1,NULL
1390,goal_loc_x,0.253108,NULL
1390,goal_loc_y,0.154531,NULL
1391,field_loc_x,0.544592,NULL
1391,field_loc_y,0.614531,NULL
1391,def_scheme,NULL,zone
1391,is_transition,0,NULL
1391,is_off_dodge,0,NULL
1391,is_right_handed,1,NULL
1391,shot_quality,1,NULL
1392,field_loc_x,0.401866,NULL
1392,field_loc_y,0.574531,NULL
1392,def_scheme,NULL,man
1392,is_transition,0,NULL
1392,is_off_dodge,0,NULL
1392,is_right_handed,1,NULL
1392,shot_quality,2,NULL
1392,clean_save,1,NULL
1392,goal_loc_x,0.44374,NULL
1392,goal_loc_y,0.379531,NULL
1393,field_loc_x,0.596216,NULL
1393,field_loc_y,0.299531,NULL
1393,def_scheme,NULL,man
1393,is_transition,0,NULL
1393,is_off_dodge,0,NULL
1393,is_right_handed,1,NULL
1393,shot_quality,3,NULL
1393,clean_save,1,NULL
1393,goal_loc_x,0.253108,NULL
1393,goal_loc_y,0.664531,NULL
1394,field_loc_x,0.517262,NULL
1394,field_loc_y,0.304531,NULL
1394,def_scheme,NULL,zone
1394,is_transition,0,NULL
1394,is_off_dodge,1,NULL
1394,is_right_handed,0,NULL
1394,shot_quality,3,NULL
1394,goal_loc_x,0.2971,NULL
1394,goal_loc_y,0.654531,NULL
1395,field_loc_x,0.602289,NULL
1395,field_loc_y,0.414531,NULL
1395,goal_loc_x,0.106467,NULL
1395,goal_loc_y,0.789531,NULL
1395,def_scheme,NULL,zone
1395,is_transition,0,NULL
1395,is_off_dodge,0,NULL
1395,is_right_handed,0,NULL
1395,shot_quality,2,NULL
1396,field_loc_x,0.505115,NULL
1396,field_loc_y,0.304531,NULL
1396,def_scheme,NULL,zone
1396,is_transition,0,NULL
1396,is_off_dodge,0,NULL
1396,is_right_handed,1,NULL
1396,shot_quality,3,NULL
1396,clean_save,1,NULL
1396,goal_loc_x,0.350868,NULL
1396,goal_loc_y,0.679531,NULL
1397,field_loc_x,0.395793,NULL
1397,field_loc_y,0.439531,NULL
1397,def_scheme,NULL,zone
1397,is_transition,0,NULL
1397,is_off_dodge,0,NULL
1397,is_right_handed,1,NULL
1397,shot_quality,2,NULL
1397,goal_loc_x,0.746797,NULL
1397,goal_loc_y,0.144531,NULL
1398,field_loc_x,0.410977,NULL
1398,field_loc_y,0.444531,NULL
1398,goal_loc_x,0.477956,NULL
1398,goal_loc_y,0.159531,NULL
1398,def_scheme,NULL,zone
1398,is_transition,0,NULL
1398,is_off_dodge,0,NULL
1398,is_right_handed,1,NULL
1398,shot_quality,2,NULL
1398,clean_save,0,NULL
1399,field_loc_x,0.441344,NULL
1399,field_loc_y,0.614531,NULL
1399,def_scheme,NULL,man
1399,is_transition,0,NULL
1399,is_off_dodge,1,NULL
1399,is_right_handed,1,NULL
1399,shot_quality,3,NULL
1399,goal_loc_x,0.942318,NULL
1399,goal_loc_y,0.774531,NULL
1400,field_loc_x,0.492968,NULL
1400,field_loc_y,0.314531,NULL
1400,def_scheme,NULL,man
1400,is_transition,0,NULL
1400,is_off_dodge,1,NULL
1400,is_right_handed,0,NULL
1400,shot_quality,3,NULL
1400,goal_loc_x,0.473068,NULL
1400,goal_loc_y,0.814531,NULL
1401,field_loc_x,0.617473,NULL
1401,field_loc_y,0.439531,NULL
1401,def_scheme,NULL,man
1401,is_transition,0,NULL
1401,is_off_dodge,0,NULL
1401,is_right_handed,1,NULL
1401,shot_quality,3,NULL
1401,clean_save,0,NULL
1401,goal_loc_x,0.257996,NULL
1401,goal_loc_y,0.654531,NULL
1402,field_loc_x,0.550665,NULL
1402,field_loc_y,0.444531,NULL
1402,def_scheme,NULL,man
1402,is_transition,0,NULL
1402,is_off_dodge,1,NULL
1402,is_right_handed,0,NULL
1402,shot_quality,2,NULL
1402,goal_loc_x,0.688141,NULL
1402,goal_loc_y,0.659531,NULL
1403,field_loc_x,0.596216,NULL
1403,field_loc_y,0.349531,NULL
1403,def_scheme,NULL,man
1403,is_transition,0,NULL
1403,is_off_dodge,1,NULL
1403,is_right_handed,1,NULL
1403,clean_save,1,NULL
1403,goal_loc_x,0.580605,NULL
1403,goal_loc_y,0.574531,NULL
1405,field_loc_x,0.42616,NULL
1405,field_loc_y,0.699531,NULL
1405,goal_loc_x,0.761461,NULL
1405,goal_loc_y,0.739531,NULL
1405,def_scheme,NULL,man
1405,is_transition,0,NULL
1405,is_off_dodge,1,NULL
1405,is_right_handed,1,NULL
1405,shot_quality,3,NULL
1406,def_scheme,NULL,man
1406,is_transition,0,NULL
1406,is_off_dodge,1,NULL
1406,is_right_handed,1,NULL
1406,shot_quality,3,NULL
1406,field_loc_x,0.420087,NULL
1406,field_loc_y,0.239531,NULL
1406,goal_loc_x,0.106467,NULL
1406,goal_loc_y,0.149531,NULL
1407,field_loc_x,0.420087,NULL
1407,field_loc_y,0.754531,NULL
1407,def_scheme,NULL,man
1407,is_transition,0,NULL
1407,is_off_dodge,1,NULL
1407,is_right_handed,1,NULL
1407,shot_quality,3,NULL
1407,goal_loc_x,0.898326,NULL
1407,goal_loc_y,0.839531,NULL
1408,field_loc_x,0.477784,NULL
1408,field_loc_y,0.299531,NULL
1408,def_scheme,NULL,man
1408,is_transition,0,NULL
1408,is_off_dodge,1,NULL
1408,is_right_handed,1,NULL
1408,shot_quality,3,NULL
1408,clean_save,1,NULL
1408,goal_loc_x,0.257996,NULL
1408,goal_loc_y,0.559531,NULL
1409,field_loc_x,0.307728,NULL
1409,field_loc_y,0.554531,NULL
1409,def_scheme,NULL,man
1409,is_transition,0,NULL
1409,is_off_dodge,1,NULL
1409,is_right_handed,1,NULL
1409,shot_quality,3,NULL
1409,goal_loc_x,0.893438,NULL
1409,goal_loc_y,0.709531,NULL
1410,field_loc_x,0.414013,NULL
1410,field_loc_y,0.389531,NULL
1410,def_scheme,NULL,man
1410,is_transition,0,NULL
1410,is_off_dodge,0,NULL
1410,is_right_handed,1,NULL
1410,shot_quality,2,NULL
1410,clean_save,1,NULL
1410,goal_loc_x,0.233555,NULL
1410,goal_loc_y,0.434531,NULL
1411,field_loc_x,0.568886,NULL
1411,field_loc_y,0.334531,NULL
1411,def_scheme,NULL,man
1411,is_transition,0,NULL
1411,is_off_dodge,1,NULL
1411,is_right_handed,1,NULL
1411,shot_quality,3,NULL
1412,field_loc_x,0.641767,NULL
1412,field_loc_y,0.329531,NULL
1412,def_scheme,NULL,man
1412,is_transition,0,NULL
1412,is_off_dodge,0,NULL
1412,is_right_handed,0,NULL
1412,shot_quality,3,NULL
1412,clean_save,1,NULL
1412,goal_loc_x,0.521948,NULL
1412,goal_loc_y,0.469531,NULL
1413,field_loc_x,0.438307,NULL
1413,field_loc_y,0.324531,NULL
1413,goal_loc_x,0.306876,NULL
1413,goal_loc_y,0.659531,NULL
1413,def_scheme,NULL,man
1413,is_off_dodge,0,NULL
1413,is_transition,0,NULL
1413,is_right_handed,0,NULL
1413,shot_quality,3,NULL
1413,clean_save,1,NULL
1414,field_loc_x,0.43527,NULL
1414,field_loc_y,0.354531,NULL
1414,goal_loc_x,0.301988,NULL
1414,goal_loc_y,0.664531,NULL
1414,def_scheme,NULL,man
1414,is_transition,0,NULL
1414,is_off_dodge,0,NULL
1414,is_right_handed,0,NULL
1414,shot_quality,3,NULL
1414,clean_save,0,NULL
1415,field_loc_x,0.537,NULL
1415,field_loc_y,0.294531,NULL
1415,goal_loc_x,0.749241,NULL
1415,goal_loc_y,0.149531,NULL
1415,def_scheme,NULL,man
1415,is_transition,0,NULL
1415,is_off_dodge,1,NULL
1415,is_right_handed,0,NULL
1415,shot_quality,3,NULL
1415,clean_save,0,NULL
1416,field_loc_x,0.55522,NULL
1416,field_loc_y,0.209531,NULL
1416,def_scheme,NULL,man
1416,is_transition,0,NULL
1416,is_off_dodge,0,NULL
1416,is_right_handed,0,NULL
1416,shot_quality,3,NULL
1416,goal_loc_x,0.890994,NULL
1416,goal_loc_y,0.569531,NULL
1417,field_loc_x,0.318357,NULL
1417,field_loc_y,0.439531,NULL
1417,def_scheme,NULL,man
1417,is_transition,0,NULL
1417,is_off_dodge,0,NULL
1417,is_right_handed,1,NULL
1417,shot_quality,3,NULL
1417,goal_loc_x,0.890994,NULL
1417,goal_loc_y,0.219531,NULL
1418,field_loc_x,0.564331,NULL
1418,field_loc_y,0.664531,NULL
1418,def_scheme,NULL,man
1418,is_transition,0,NULL
1418,is_off_dodge,1,NULL
1418,is_right_handed,0,NULL
1418,shot_quality,2,NULL
1418,clean_save,0,NULL
1418,goal_loc_x,0.759017,NULL
1418,goal_loc_y,0.369531,NULL
1419,field_loc_x,0.430715,NULL
1419,field_loc_y,0.754531,NULL
1419,def_scheme,NULL,man
1419,is_transition,0,NULL
1419,is_off_dodge,0,NULL
1419,is_right_handed,1,NULL
1419,shot_quality,1,NULL
1419,clean_save,0,NULL
1419,goal_loc_x,0.250664,NULL
1419,goal_loc_y,0.204531,NULL
1420,field_loc_x,0.473229,NULL
1420,field_loc_y,0.679531,NULL
1420,def_scheme,NULL,man
1420,is_transition,0,NULL
1420,is_off_dodge,0,NULL
1420,is_right_handed,0,NULL
1420,shot_quality,1,NULL
1420,goal_loc_x,0.26044,NULL
1420,goal_loc_y,0.449531,NULL
1421,field_loc_x,0.430715,NULL
1421,field_loc_y,0.324531,NULL
1421,goal_loc_x,0.206671,NULL
1421,goal_loc_y,0.884531,NULL
1421,def_scheme,NULL,man
1421,is_transition,0,NULL
1421,is_off_dodge,0,NULL
1421,is_right_handed,1,NULL
1421,shot_quality,3,NULL
1422,field_loc_x,0.491449,NULL
1422,field_loc_y,0.654531,NULL
1422,def_scheme,NULL,man
1422,is_transition,0,NULL
1422,is_off_dodge,0,NULL
1422,is_right_handed,0,NULL
1422,shot_quality,1,NULL
1422,goal_loc_x,0.754129,NULL
1422,goal_loc_y,0.424531,NULL
1423,field_loc_x,0.458046,NULL
1423,field_loc_y,0.304531,NULL
1423,def_scheme,NULL,man
1423,is_transition,0,NULL
1423,is_off_dodge,1,NULL
1423,is_right_handed,1,NULL
1423,shot_quality,3,NULL
1423,goal_loc_x,0.152903,NULL
1423,goal_loc_y,0.159531,NULL
1424,field_loc_x,0.615955,NULL
1424,field_loc_y,0.299531,NULL
1424,goal_loc_x,0.451072,NULL
1424,goal_loc_y,0.419531,NULL
1424,def_scheme,NULL,man
1424,is_transition,0,NULL
1424,is_off_dodge,0,NULL
1424,is_right_handed,1,NULL
1424,shot_quality,3,NULL
1424,clean_save,0,NULL
1425,field_loc_x,0.576477,NULL
1425,field_loc_y,0.624531,NULL
1425,goal_loc_x,0.631929,NULL
1425,goal_loc_y,0.739531,NULL
1425,def_scheme,NULL,man
1425,is_transition,0,NULL
1425,is_off_dodge,1,NULL
1425,is_right_handed,0,NULL
1425,shot_quality,2,NULL
1426,field_loc_x,0.582551,NULL
1426,field_loc_y,0.459531,NULL
1426,def_scheme,NULL,man
1426,is_transition,1,NULL
1426,is_off_dodge,1,NULL
1426,is_right_handed,0,NULL
1426,shot_quality,2,NULL
1426,goal_loc_x,0.895882,NULL
1426,goal_loc_y,0.174531,NULL
1427,field_loc_x,0.543074,NULL
1427,field_loc_y,0.314531,NULL
1427,def_scheme,NULL,man
1427,is_transition,1,NULL
1427,is_off_dodge,1,NULL
1427,is_right_handed,1,NULL
1427,shot_quality,3,NULL
1427,clean_save,1,NULL
1427,goal_loc_x,0.26044,NULL
1427,goal_loc_y,0.644531,NULL
1428,field_loc_x,0.433752,NULL
1428,field_loc_y,0.699531,NULL
1428,def_scheme,NULL,man
1428,is_transition,0,NULL
1428,is_off_dodge,0,NULL
1428,is_right_handed,1,NULL
1428,shot_quality,1,NULL
1428,goal_loc_x,0.328872,NULL
1428,goal_loc_y,0.679531,NULL
1429,field_loc_x,0.558257,NULL
1429,field_loc_y,0.714531,NULL
1429,def_scheme,NULL,man
1429,is_transition,0,NULL
1429,is_off_dodge,1,NULL
1429,is_right_handed,0,NULL
1429,shot_quality,1,NULL
1429,goal_loc_x,0.695473,NULL
1429,goal_loc_y,0.664531,NULL
1430,field_loc_x,0.406421,NULL
1430,field_loc_y,0.674531,NULL
1430,def_scheme,NULL,man
1430,is_transition,0,NULL
1430,is_off_dodge,1,NULL
1430,is_right_handed,1,NULL
1430,shot_quality,2,NULL
1430,goal_loc_x,0.798121,NULL
1430,goal_loc_y,0.134531,NULL
1431,field_loc_x,0.50056,NULL
1431,field_loc_y,0.409531,NULL
1431,def_scheme,NULL,man
1431,is_transition,1,NULL
1431,is_off_dodge,1,NULL
1431,is_right_handed,1,NULL
1431,shot_quality,2,NULL
1431,goal_loc_x,0.680809,NULL
1431,goal_loc_y,0.764531,NULL
1432,field_loc_x,0.485376,NULL
1432,field_loc_y,0.119531,NULL
1432,def_scheme,NULL,man
1432,is_transition,0,NULL
1432,is_off_dodge,0,NULL
1432,is_right_handed,0,NULL
1432,shot_quality,3,NULL
1432,clean_save,1,NULL
1432,goal_loc_x,0.421744,NULL
1432,goal_loc_y,0.694531,NULL
1433,field_loc_x,0.540037,NULL
1433,field_loc_y,0.679531,NULL
1433,def_scheme,NULL,zone
1433,is_transition,0,NULL
1433,is_off_dodge,0,NULL
1433,is_right_handed,1,NULL
1433,shot_quality,1,NULL
1433,goal_loc_x,0.539056,NULL
1433,goal_loc_y,0.699531,NULL
1434,field_loc_x,0.403385,NULL
1434,field_loc_y,0.514531,NULL
1434,def_scheme,NULL,man
1434,is_transition,0,NULL
1434,is_off_dodge,0,NULL
1434,is_right_handed,1,NULL
1434,shot_quality,2,NULL
1434,goal_loc_x,0.148015,NULL
1434,goal_loc_y,0.289531,NULL
1435,field_loc_x,0.585588,NULL
1435,field_loc_y,0.624531,NULL
1435,def_scheme,NULL,man
1435,is_transition,0,NULL
1435,is_off_dodge,1,NULL
1435,is_right_handed,0,NULL
1435,shot_quality,2,NULL
1435,goal_loc_x,0.245776,NULL
1435,goal_loc_y,0.159531,NULL
1436,field_loc_x,0.50056,NULL
1436,field_loc_y,0.544531,NULL
1436,def_scheme,NULL,man
1436,is_transition,0,NULL
1436,is_off_dodge,1,NULL
1436,is_right_handed,1,NULL
1436,shot_quality,2,NULL
1436,goal_loc_x,0.763905,NULL
1436,goal_loc_y,0.369531,NULL
1437,field_loc_x,0.406421,NULL
1437,field_loc_y,0.544531,NULL
1437,goal_loc_x,0.837225,NULL
1437,goal_loc_y,0.819531,NULL
1437,def_scheme,NULL,man
1437,is_transition,0,NULL
1437,is_off_dodge,1,NULL
1437,is_right_handed,1,NULL
1437,shot_quality,2,NULL
1438,field_loc_x,0.394275,NULL
1438,field_loc_y,0.539531,NULL
1438,def_scheme,NULL,man
1438,is_transition,0,NULL
1438,is_off_dodge,1,NULL
1438,is_right_handed,0,NULL
1438,shot_quality,3,NULL
1438,goal_loc_x,0.871442,NULL
1438,goal_loc_y,0.154531,NULL
1439,field_loc_x,0.51878,NULL
1439,field_loc_y,0.289531,NULL
1439,goal_loc_x,0.754129,NULL
1439,goal_loc_y,0.164531,NULL
1439,def_scheme,NULL,man
1439,is_transition,1,NULL
1439,is_off_dodge,0,NULL
1439,is_right_handed,1,NULL
1439,shot_quality,3,NULL
1440,field_loc_x,0.373018,NULL
1440,field_loc_y,0.609531,NULL
1440,def_scheme,NULL,man
1440,is_transition,0,NULL
1440,is_off_dodge,1,NULL
1440,is_right_handed,1,NULL
1440,shot_quality,2,NULL
1440,goal_loc_x,0.886106,NULL
1440,goal_loc_y,0.724531,NULL
1441,field_loc_x,0.558257,NULL
1441,field_loc_y,0.689531,NULL
1441,def_scheme,NULL,man
1441,is_transition,0,NULL
1441,is_off_dodge,1,NULL
1441,is_right_handed,1,NULL
1441,shot_quality,1,NULL
1441,goal_loc_x,0.641705,NULL
1441,goal_loc_y,0.649531,NULL
1442,field_loc_x,0.558257,NULL
1442,field_loc_y,0.594531,NULL
1442,goal_loc_x,0.759017,NULL
1442,goal_loc_y,0.419531,NULL
1442,def_scheme,NULL,man
1442,is_transition,1,NULL
1442,is_off_dodge,1,NULL
1442,is_right_handed,1,NULL
1442,shot_quality,2,NULL
1443,field_loc_x,0.576477,NULL
1443,field_loc_y,0.604531,NULL
1443,def_scheme,NULL,man
1443,is_transition,0,NULL
1443,is_off_dodge,0,NULL
1443,is_right_handed,0,NULL
1443,shot_quality,2,NULL
1443,clean_save,0,NULL
1443,goal_loc_x,0.45596,NULL
1443,goal_loc_y,0.404531,NULL
1444,field_loc_x,0.515743,NULL
1444,field_loc_y,0.474531,NULL
1444,goal_loc_x,0.715025,NULL
1444,goal_loc_y,0.159531,NULL
1444,def_scheme,NULL,man
1444,is_transition,1,NULL
1444,is_off_dodge,1,NULL
1444,is_right_handed,1,NULL
1444,shot_quality,2,NULL
1444,clean_save,0,NULL
1445,def_scheme,NULL,zone
1445,field_loc_x,0.485376,NULL
1445,field_loc_y,0.474531,NULL
1445,goal_loc_x,0.768793,NULL
1445,goal_loc_y,0.874531,NULL
1445,is_transition,0,NULL
1445,is_off_dodge,0,NULL
1445,is_right_handed,1,NULL
1445,shot_quality,3,NULL
1446,field_loc_x,0.421605,NULL
1446,field_loc_y,0.459531,NULL
1446,def_scheme,NULL,man
1446,is_transition,1,NULL
1446,is_off_dodge,0,NULL
1446,is_right_handed,1,NULL
1446,shot_quality,2,NULL
1446,goal_loc_x,0.240888,NULL
1446,goal_loc_y,0.489531,NULL
1447,field_loc_x,0.409458,NULL
1447,field_loc_y,0.609531,NULL
1447,def_scheme,NULL,man
1447,is_transition,0,NULL
1447,is_off_dodge,1,NULL
1447,is_right_handed,1,NULL
1447,shot_quality,2,NULL
1447,clean_save,1,NULL
1447,goal_loc_x,0.279992,NULL
1447,goal_loc_y,0.694531,NULL
1448,field_loc_x,0.485376,NULL
1448,field_loc_y,0.509531,NULL
1448,def_scheme,NULL,zone
1448,is_transition,0,NULL
1448,is_off_dodge,1,NULL
1448,is_right_handed,0,NULL
1448,shot_quality,3,NULL
1448,goal_loc_x,0.133351,NULL
1448,goal_loc_y,0.169531,NULL
1449,def_scheme,NULL,zone
1449,is_transition,1,NULL
1449,is_off_dodge,0,NULL
1449,is_right_handed,1,NULL
1449,shot_quality,3,NULL
1449,field_loc_x,0.409458,NULL
1449,field_loc_y,0.309531,NULL
1449,goal_loc_x,0.148015,NULL
1449,goal_loc_y,0.194531,NULL
1450,field_loc_x,0.476266,NULL
1450,field_loc_y,0.429531,NULL
1450,def_scheme,NULL,man
1450,is_transition,1,NULL
1450,is_off_dodge,1,NULL
1450,is_right_handed,1,NULL
1450,shot_quality,2,NULL
1450,goal_loc_x,0.196895,NULL
1450,goal_loc_y,0.729531,NULL
1451,field_loc_x,0.567367,NULL
1451,field_loc_y,0.299531,NULL
1451,goal_loc_x,0.719913,NULL
1451,goal_loc_y,0.464531,NULL
1451,def_scheme,NULL,man
1451,is_transition,1,NULL
1451,is_off_dodge,0,NULL
1451,is_right_handed,1,NULL
1451,shot_quality,3,NULL
1451,clean_save,0,NULL
1452,field_loc_x,0.561294,NULL
1452,field_loc_y,0.689531,NULL
1452,def_scheme,NULL,man
1452,is_transition,1,NULL
1452,is_off_dodge,0,NULL
1452,is_right_handed,0,NULL
1452,shot_quality,1,NULL
1452,goal_loc_x,0.245776,NULL
1452,goal_loc_y,0.664531,NULL
1453,field_loc_x,0.612918,NULL
1453,field_loc_y,0.279531,NULL
1453,def_scheme,NULL,man
1453,is_transition,1,NULL
1453,is_off_dodge,1,NULL
1453,is_right_handed,1,NULL
1453,shot_quality,3,NULL
1453,goal_loc_x,0.475512,NULL
1453,goal_loc_y,0.804531,NULL
1487,field_loc_x,0.404903,NULL
1487,field_loc_y,0.449531,NULL
1487,def_scheme,NULL,man
1487,is_transition,0,NULL
1487,is_off_dodge,1,NULL
1487,is_right_handed,0,NULL
1487,shot_quality,3,NULL
1487,goal_loc_x,0.561053,NULL
1487,goal_loc_y,0.689531,NULL
1488,field_loc_x,0.420087,NULL
1488,field_loc_y,0.709531,NULL
1488,def_scheme,NULL,man
1488,is_transition,0,NULL
1488,is_off_dodge,1,NULL
1488,is_right_handed,1,NULL
1488,shot_quality,2,NULL
1488,goal_loc_x,0.849445,NULL
1488,goal_loc_y,0.814531,NULL
1489,field_loc_x,0.6114,NULL
1489,field_loc_y,0.389531,NULL
1489,def_scheme,NULL,man
1489,is_transition,0,NULL
1489,is_off_dodge,1,NULL
1489,is_right_handed,1,NULL
1489,shot_quality,3,NULL
1489,goal_loc_x,0.170011,NULL
1489,goal_loc_y,0.784531,NULL
1490,field_loc_x,0.550665,NULL
1490,field_loc_y,0.284531,NULL
1490,def_scheme,NULL,man
1490,is_transition,0,NULL
1490,is_off_dodge,1,NULL
1490,is_right_handed,0,NULL
1490,shot_quality,3,NULL
1490,goal_loc_x,0.878774,NULL
1490,goal_loc_y,0.144531,NULL
1491,field_loc_x,0.602289,NULL
1491,field_loc_y,0.434531,NULL
1491,def_scheme,NULL,man
1491,is_transition,0,NULL
1491,is_off_dodge,1,NULL
1491,is_right_handed,1,NULL
1491,shot_quality,3,NULL
1491,goal_loc_x,0.165123,NULL
1491,goal_loc_y,0.764531,NULL
1492,field_loc_x,0.499041,NULL
1492,field_loc_y,0.404531,NULL
1492,def_scheme,NULL,man
1492,is_transition,0,NULL
1492,is_off_dodge,1,NULL
1492,is_right_handed,0,NULL
1492,shot_quality,2,NULL
1492,goal_loc_x,0.766349,NULL
1492,goal_loc_y,0.169531,NULL
1493,field_loc_x,0.550665,NULL
1493,field_loc_y,0.624531,NULL
1493,def_scheme,NULL,man
1493,is_transition,0,NULL
1493,is_off_dodge,1,NULL
1493,is_right_handed,0,NULL
1493,shot_quality,1,NULL
1493,goal_loc_x,0.761461,NULL
1493,goal_loc_y,0.609531,NULL
1494,field_loc_x,0.614436,NULL
1494,field_loc_y,0.704531,NULL
1494,def_scheme,NULL,man
1494,is_transition,1,NULL
1494,is_off_dodge,0,NULL
1494,is_right_handed,0,NULL
1494,shot_quality,3,NULL
1494,goal_loc_x,0.849445,NULL
1494,goal_loc_y,0.589531,NULL
1495,field_loc_x,0.429197,NULL
1495,field_loc_y,0.719531,NULL
1495,def_scheme,NULL,man
1495,is_transition,0,NULL
1495,is_off_dodge,1,NULL
1495,is_right_handed,1,NULL
1495,shot_quality,2,NULL
1495,goal_loc_x,0.790789,NULL
1495,goal_loc_y,0.789531,NULL
1496,field_loc_x,0.450454,NULL
1496,field_loc_y,0.624531,NULL
1496,def_scheme,NULL,man
1496,is_transition,1,NULL
1496,is_off_dodge,0,NULL
1496,is_right_handed,1,NULL
1496,shot_quality,1,NULL
1496,goal_loc_x,0.482844,NULL
1496,goal_loc_y,0.754531,NULL
1497,field_loc_x,0.423123,NULL
1497,field_loc_y,0.699531,NULL
1497,def_scheme,NULL,man
1497,is_transition,1,NULL
1497,is_off_dodge,0,NULL
1497,is_right_handed,1,NULL
1497,shot_quality,1,NULL
1497,goal_loc_x,0.477956,NULL
1497,goal_loc_y,0.709531,NULL
1498,field_loc_x,0.565849,NULL
1498,field_loc_y,0.764531,NULL
1498,def_scheme,NULL,man
1498,is_transition,0,NULL
1498,is_off_dodge,1,NULL
1498,is_right_handed,0,NULL
1498,shot_quality,3,NULL
1498,clean_save,1,NULL
1498,goal_loc_x,0.536612,NULL
1498,goal_loc_y,0.709531,NULL
1499,field_loc_x,0.520298,NULL
1499,field_loc_y,0.664531,NULL
1499,def_scheme,NULL,man
1499,is_transition,1,NULL
1499,is_off_dodge,0,NULL
1499,is_right_handed,0,NULL
1499,shot_quality,1,NULL
1499,goal_loc_x,0.262884,NULL
1499,goal_loc_y,0.679531,NULL
1500,field_loc_x,0.42616,NULL
1500,field_loc_y,0.294531,NULL
1500,def_scheme,NULL,man
1500,is_transition,0,NULL
1500,is_off_dodge,0,NULL
1500,is_right_handed,1,NULL
1500,shot_quality,3,NULL
1500,goal_loc_x,0.854333,NULL
1500,goal_loc_y,0.154531,NULL
1501,field_loc_x,0.43527,NULL
1501,field_loc_y,0.724531,NULL
1501,def_scheme,NULL,man
1501,is_transition,0,NULL
1501,is_off_dodge,0,NULL
1501,is_right_handed,1,NULL
1501,shot_quality,1,NULL
1501,goal_loc_x,0.2971,NULL
1501,goal_loc_y,0.504531,NULL
1502,field_loc_x,0.499041,NULL
1502,field_loc_y,0.524531,NULL
1502,goal_loc_x,0.771237,NULL
1502,goal_loc_y,0.354531,NULL
1502,def_scheme,NULL,zone
1502,is_transition,0,NULL
1502,is_off_dodge,1,NULL
1502,is_right_handed,0,NULL
1502,shot_quality,2,NULL
1503,field_loc_x,0.529408,NULL
1503,field_loc_y,0.329531,NULL
1503,def_scheme,NULL,man
1503,is_transition,0,NULL
1503,is_off_dodge,1,NULL
1503,is_right_handed,0,NULL
1503,shot_quality,3,NULL
1503,goal_loc_x,0.101579,NULL
1503,goal_loc_y,0.139531,NULL
1504,field_loc_x,0.40794,NULL
1504,field_loc_y,0.359531,NULL
1504,goal_loc_x,0.766349,NULL
1504,goal_loc_y,0.154531,NULL
1504,def_scheme,NULL,man
1504,is_transition,0,NULL
1504,is_off_dodge,1,NULL
1504,is_right_handed,0,NULL
1504,shot_quality,3,NULL
1505,field_loc_x,0.489931,NULL
1505,field_loc_y,0.669531,NULL
1505,goal_loc_x,0.702805,NULL
1505,goal_loc_y,0.174531,NULL
1505,def_scheme,NULL,man
1505,is_transition,1,NULL
1505,is_off_dodge,0,NULL
1505,is_right_handed,1,NULL
1505,shot_quality,1,NULL
1506,field_loc_x,0.502078,NULL
1506,field_loc_y,0.454531,NULL
1506,def_scheme,NULL,man
1506,is_transition,0,NULL
1506,is_off_dodge,1,NULL
1506,is_right_handed,1,NULL
1506,shot_quality,2,NULL
1506,goal_loc_x,0.868998,NULL
1506,goal_loc_y,0.129531,NULL
1507,field_loc_x,0.584069,NULL
1507,field_loc_y,0.604531,NULL
1507,def_scheme,NULL,man
1507,is_transition,1,NULL
1507,is_off_dodge,0,NULL
1507,is_right_handed,0,NULL
1507,shot_quality,2,NULL
1507,goal_loc_x,0.204227,NULL
1507,goal_loc_y,0.179531,NULL
1508,field_loc_x,0.499041,NULL
1508,field_loc_y,0.609531,NULL
1508,def_scheme,NULL,man
1508,is_transition,1,NULL
1508,is_off_dodge,0,NULL
1508,is_right_handed,0,NULL
1508,shot_quality,1,NULL
1508,goal_loc_x,0.737021,NULL
1508,goal_loc_y,0.209531,NULL
1509,field_loc_x,0.593179,NULL
1509,field_loc_y,0.674531,NULL
1509,def_scheme,NULL,man
1509,is_transition,0,NULL
1509,is_off_dodge,1,NULL
1509,is_right_handed,0,NULL
1509,shot_quality,2,NULL
1509,goal_loc_x,0.121131,NULL
1509,goal_loc_y,0.774531,NULL
1510,field_loc_x,0.590143,NULL
1510,field_loc_y,0.539531,NULL
1510,is_transition,0,NULL
1510,def_scheme,NULL,man
1510,is_off_dodge,0,NULL
1510,is_right_handed,0,NULL
1510,shot_quality,2,NULL
1510,goal_loc_x,0.751685,NULL
1510,goal_loc_y,0.679531,NULL
1511,field_loc_x,0.492968,NULL
1511,field_loc_y,0.404531,NULL
1511,goal_loc_x,0.722357,NULL
1511,goal_loc_y,0.169531,NULL
1511,def_scheme,NULL,man
1511,is_transition,0,NULL
1511,is_off_dodge,0,NULL
1511,is_right_handed,0,NULL
1511,shot_quality,2,NULL
1512,field_loc_x,0.581033,NULL
1512,field_loc_y,0.739531,NULL
1512,def_scheme,NULL,man
1512,is_transition,0,NULL
1512,is_off_dodge,1,NULL
1512,is_right_handed,0,NULL
1512,shot_quality,3,NULL
1512,clean_save,1,NULL
1512,goal_loc_x,0.521948,NULL
1512,goal_loc_y,0.664531,NULL
1513,field_loc_x,0.492968,NULL
1513,field_loc_y,0.664531,NULL
1513,def_scheme,NULL,man
1513,is_transition,1,NULL
1513,is_off_dodge,0,NULL
1513,is_right_handed,1,NULL
1513,shot_quality,1,NULL
1513,goal_loc_x,0.639261,NULL
1513,goal_loc_y,0.159531,NULL
1514,field_loc_x,0.571922,NULL
1514,field_loc_y,0.544531,NULL
1514,goal_loc_x,0.502396,NULL
1514,goal_loc_y,0.644531,NULL
1514,def_scheme,NULL,man
1514,is_transition,1,NULL
1514,is_off_dodge,0,NULL
1514,is_right_handed,1,NULL
1514,shot_quality,2,NULL
1514,clean_save,1,NULL
1515,field_loc_x,0.410977,NULL
1515,field_loc_y,0.429531,NULL
1515,goal_loc_x,0.883662,NULL
1515,goal_loc_y,0.174531,NULL
1515,def_scheme,NULL,man
1515,is_transition,1,NULL
1515,is_off_dodge,0,NULL
1515,is_right_handed,1,NULL
1515,shot_quality,3,NULL
1516,field_loc_x,0.356316,NULL
1516,field_loc_y,0.454531,NULL
1516,goal_loc_x,0.473068,NULL
1516,goal_loc_y,0.169531,NULL
1516,def_scheme,NULL,man
1516,is_transition,0,NULL
1516,is_off_dodge,0,NULL
1516,is_right_handed,1,NULL
1516,shot_quality,2,NULL
1516,clean_save,0,NULL
1517,field_loc_x,0.499041,NULL
1517,field_loc_y,0.604531,NULL
1517,goal_loc_x,0.859221,NULL
1517,goal_loc_y,0.564531,NULL
1517,def_scheme,NULL,man
1517,is_transition,0,NULL
1517,is_off_dodge,0,NULL
1517,is_right_handed,1,NULL
1517,shot_quality,2,NULL
1518,field_loc_x,0.380609,NULL
1518,field_loc_y,0.384531,NULL
1518,goal_loc_x,0.810341,NULL
1518,goal_loc_y,0.844531,NULL
1518,def_scheme,NULL,man
1518,is_transition,0,NULL
1518,is_off_dodge,0,NULL
1518,is_right_handed,1,NULL
1518,shot_quality,2,NULL
1519,field_loc_x,0.338095,NULL
1519,field_loc_y,0.584531,NULL
1519,def_scheme,NULL,man
1519,is_transition,0,NULL
1519,is_off_dodge,0,NULL
1519,is_right_handed,1,NULL
1519,shot_quality,3,NULL
1519,goal_loc_x,0.438852,NULL
1519,goal_loc_y,0.809531,NULL
1520,field_loc_x,0.40794,NULL
1520,field_loc_y,0.609531,NULL
1520,goal_loc_x,0.727245,NULL
1520,goal_loc_y,0.139531,NULL
1520,def_scheme,NULL,zone
1520,is_transition,0,NULL
1520,is_off_dodge,0,NULL
1520,is_right_handed,1,NULL
1520,shot_quality,1,NULL
1522,field_loc_x,0.559775,NULL
1522,field_loc_y,0.349531,NULL
1522,def_scheme,NULL,man
1522,is_transition,0,NULL
1522,is_off_dodge,1,NULL
1522,is_right_handed,1,NULL
1522,shot_quality,3,NULL
1522,clean_save,0,NULL
1522,goal_loc_x,0.341092,NULL
1522,goal_loc_y,0.154531,NULL
1523,field_loc_x,0.41705,NULL
1523,field_loc_y,0.524531,NULL
1523,goal_loc_x,0.756573,NULL
1523,goal_loc_y,0.809531,NULL
1523,def_scheme,NULL,man
1523,is_transition,0,NULL
1523,is_off_dodge,0,NULL
1523,is_right_handed,1,NULL
1523,shot_quality,2,NULL
1524,def_scheme,NULL,man
1524,is_transition,0,NULL
1524,is_off_dodge,0,NULL
1524,is_right_handed,0,NULL
1524,shot_quality,2,NULL
1524,goal_loc_x,0.116243,NULL
1524,goal_loc_y,0.804531,NULL
1525,field_loc_x,0.590143,NULL
1525,field_loc_y,0.614531,NULL
1525,goal_loc_x,0.482844,NULL
1525,goal_loc_y,0.669531,NULL
1525,def_scheme,NULL,man
1525,is_transition,0,NULL
1525,is_off_dodge,1,NULL
1525,is_right_handed,0,NULL
1525,shot_quality,2,NULL
1525,clean_save,0,NULL
1526,field_loc_x,0.587106,NULL
1526,field_loc_y,0.409531,NULL
1526,def_scheme,NULL,man
1526,is_transition,0,NULL
1526,is_off_dodge,1,NULL
1526,is_right_handed,1,NULL
1526,shot_quality,3,NULL
1527,field_loc_x,0.587106,NULL
1527,field_loc_y,0.599531,NULL
1527,def_scheme,NULL,man
1527,is_transition,1,NULL
1527,is_off_dodge,1,NULL
1527,is_right_handed,1,NULL
1527,shot_quality,2,NULL
1527,goal_loc_x,0.155347,NULL
1527,goal_loc_y,0.134531,NULL
1528,field_loc_x,0.423123,NULL
1528,field_loc_y,0.229531,NULL
1528,def_scheme,NULL,zone
1528,is_transition,0,NULL
1528,is_off_dodge,0,NULL
1528,is_right_handed,1,NULL
1528,shot_quality,3,NULL
1528,clean_save,1,NULL
1528,goal_loc_x,0.556165,NULL
1528,goal_loc_y,0.429531,NULL
1529,field_loc_x,0.40794,NULL
1529,field_loc_y,0.539531,NULL
1529,goal_loc_x,0.336204,NULL
1529,goal_loc_y,0.754531,NULL
1529,def_scheme,NULL,man
1529,is_transition,0,NULL
1529,is_off_dodge,0,NULL
1529,is_right_handed,1,NULL
1529,shot_quality,2,NULL
1530,field_loc_x,0.459564,NULL
1530,field_loc_y,0.689531,NULL
1530,goal_loc_x,0.429076,NULL
1530,goal_loc_y,0.709531,NULL
1530,def_scheme,NULL,man
1530,is_transition,0,NULL
1530,is_off_dodge,0,NULL
1530,is_right_handed,1,NULL
1530,shot_quality,1,NULL
1531,field_loc_x,0.477784,NULL
1531,field_loc_y,0.609531,NULL
1531,goal_loc_x,0.629485,NULL
1531,goal_loc_y,0.824531,NULL
1531,def_scheme,NULL,man
1531,is_transition,0,NULL
1531,is_off_dodge,0,NULL
1531,is_right_handed,0,NULL
1531,shot_quality,1,NULL
1532,field_loc_x,0.410977,NULL
1532,field_loc_y,0.449531,NULL
1532,goal_loc_x,0.160235,NULL
1532,goal_loc_y,0.629531,NULL
1532,def_scheme,NULL,man
1532,is_transition,0,NULL
1532,is_off_dodge,0,NULL
1532,is_right_handed,1,NULL
1532,shot_quality,2,NULL
1533,field_loc_x,0.590143,NULL
1533,field_loc_y,0.604531,NULL
1533,goal_loc_x,0.194451,NULL
1533,goal_loc_y,0.229531,NULL
1533,def_scheme,NULL,man
1533,is_transition,0,NULL
1533,is_off_dodge,1,NULL
1533,is_right_handed,1,NULL
1533,shot_quality,3,NULL
1534,field_loc_x,0.462601,NULL
1534,field_loc_y,0.664531,NULL
1534,def_scheme,NULL,man
1534,is_right_handed,0,NULL
1534,shot_quality,1,NULL
1534,goal_loc_x,0.326428,NULL
1534,goal_loc_y,0.654531,NULL
1535,field_loc_x,0.410977,NULL
1535,field_loc_y,0.604531,NULL
1535,goal_loc_x,0.829893,NULL
1535,goal_loc_y,0.734531,NULL
1535,def_scheme,NULL,man
1535,is_transition,0,NULL
1535,is_off_dodge,1,NULL
1535,is_right_handed,1,NULL
1535,shot_quality,2,NULL
1536,field_loc_x,0.617473,NULL
1536,field_loc_y,0.664531,NULL
1536,def_scheme,NULL,man
1536,is_transition,0,NULL
1536,is_off_dodge,0,NULL
1536,is_right_handed,0,NULL
1536,shot_quality,2,NULL
1536,goal_loc_x,0.082027,NULL
1536,goal_loc_y,0.804531,NULL
1537,field_loc_x,0.577996,NULL
1537,field_loc_y,0.739531,NULL
1537,def_scheme,NULL,zone
1537,is_transition,0,NULL
1537,is_off_dodge,0,NULL
1537,is_right_handed,0,NULL
1537,shot_quality,2,NULL
1537,clean_save,0,NULL
1537,goal_loc_x,0.546389,NULL
1537,goal_loc_y,0.149531,NULL
1538,field_loc_x,0.587106,NULL
1538,field_loc_y,0.564531,NULL
1538,goal_loc_x,0.722357,NULL
1538,goal_loc_y,0.564531,NULL
1538,def_scheme,NULL,man
1538,is_transition,1,NULL
1538,is_off_dodge,0,NULL
1538,is_right_handed,0,NULL
1538,shot_quality,2,NULL
1538,clean_save,1,NULL
1539,field_loc_x,0.496005,NULL
1539,field_loc_y,0.624531,NULL
1539,goal_loc_x,0.502396,NULL
1539,goal_loc_y,0.154531,NULL
1539,def_scheme,NULL,man
1539,is_transition,1,NULL
1539,is_off_dodge,0,NULL
1539,is_right_handed,1,NULL
1539,shot_quality,2,NULL
1539,clean_save,0,NULL
1540,field_loc_x,0.605326,NULL
1540,field_loc_y,0.564531,NULL
1540,goal_loc_x,0.727245,NULL
1540,goal_loc_y,0.609531,NULL
1540,def_scheme,NULL,man
1540,is_transition,0,NULL
1540,is_off_dodge,1,NULL
1540,is_right_handed,0,NULL
1540,shot_quality,2,NULL
1540,clean_save,0,NULL
1541,field_loc_x,0.544592,NULL
1541,field_loc_y,0.549531,NULL
1541,goal_loc_x,0.238444,NULL
1541,goal_loc_y,0.154531,NULL
1541,def_scheme,NULL,man
1541,is_transition,1,NULL
1541,is_off_dodge,1,NULL
1541,is_right_handed,1,NULL
1541,shot_quality,2,NULL
1776,field_loc_x,0.410977,NULL
1776,field_loc_y,0.439531,NULL
1776,def_scheme,NULL,man
1776,is_transition,1,NULL
1776,is_off_dodge,0,NULL
1776,is_right_handed,1,NULL
1776,shot_quality,2,NULL
1776,goal_loc_x,0.732133,NULL
1776,goal_loc_y,0.159531,NULL
1777,field_loc_x,0.492968,NULL
1777,field_loc_y,0.249531,NULL
1777,def_scheme,NULL,man
1777,is_transition,1,NULL
1777,is_off_dodge,0,NULL
1777,is_right_handed,1,NULL
1777,shot_quality,3,NULL
1777,clean_save,0,NULL
1777,goal_loc_x,0.477956,NULL
1777,goal_loc_y,0.154531,NULL
1778,field_loc_x,0.523335,NULL
1778,field_loc_y,0.439531,NULL
1778,def_scheme,NULL,zone
1778,is_transition,1,NULL
1778,is_off_dodge,1,NULL
1778,is_right_handed,0,NULL
1778,shot_quality,2,NULL
1778,goal_loc_x,0.751685,NULL
1778,goal_loc_y,0.699531,NULL
1779,field_loc_x,0.462601,NULL
1779,field_loc_y,0.344531,NULL
1779,def_scheme,NULL,zone
1779,is_transition,0,NULL
1779,is_off_dodge,1,NULL
1779,is_right_handed,0,NULL
1779,shot_quality,3,NULL
1779,goal_loc_x,0.859221,NULL
1779,goal_loc_y,0.194531,NULL
1780,field_loc_x,0.477784,NULL
1780,field_loc_y,0.669531,NULL
1780,def_scheme,NULL,zone
1780,is_transition,1,NULL
1780,is_off_dodge,1,NULL
1780,is_right_handed,1,NULL
1780,shot_quality,1,NULL
1780,clean_save,0,NULL
1780,goal_loc_x,0.741909,NULL
1780,goal_loc_y,0.209531,NULL
1781,field_loc_x,0.420087,NULL
1781,field_loc_y,0.599531,NULL
1781,def_scheme,NULL,man
1781,is_transition,1,NULL
1781,is_off_dodge,0,NULL
1781,is_right_handed,1,NULL
1781,shot_quality,1,NULL
1781,goal_loc_x,0.204227,NULL
1781,goal_loc_y,0.594531,NULL
1782,field_loc_x,0.414013,NULL
1782,field_loc_y,0.459531,NULL
1782,def_scheme,NULL,zone
1782,is_transition,1,NULL
1782,is_off_dodge,0,NULL
1782,is_right_handed,1,NULL
1782,shot_quality,2,NULL
1782,goal_loc_x,0.868998,NULL
1782,goal_loc_y,0.824531,NULL
1783,field_loc_x,0.623546,NULL
1783,field_loc_y,0.544531,NULL
1783,def_scheme,NULL,man
1783,is_transition,1,NULL
1783,is_off_dodge,0,NULL
1783,is_right_handed,0,NULL
1783,shot_quality,2,NULL
1783,goal_loc_x,0.844557,NULL
1783,goal_loc_y,0.299531,NULL
1784,field_loc_x,0.577996,NULL
1784,field_loc_y,0.529531,NULL
1784,def_scheme,NULL,man
1784,is_transition,1,NULL
1784,is_off_dodge,1,NULL
1784,is_right_handed,1,NULL
1784,shot_quality,2,NULL
1784,clean_save,0,NULL
1784,goal_loc_x,0.551277,NULL
1784,goal_loc_y,0.209531,NULL
1785,field_loc_x,0.6114,NULL
1785,field_loc_y,0.449531,NULL
1785,def_scheme,NULL,man
1785,is_transition,1,NULL
1785,is_off_dodge,0,NULL
1785,is_right_handed,0,NULL
1785,shot_quality,2,NULL
1785,clean_save,0,NULL
1785,goal_loc_x,0.551277,NULL
1785,goal_loc_y,0.159531,NULL
1786,field_loc_x,0.599253,NULL
1786,field_loc_y,0.389531,NULL
1786,def_scheme,NULL,man
1786,is_transition,1,NULL
1786,is_off_dodge,0,NULL
1786,is_right_handed,1,NULL
1786,shot_quality,3,NULL
1786,clean_save,0,NULL
1786,goal_loc_x,0.257996,NULL
1786,goal_loc_y,0.279531,NULL
1787,field_loc_x,0.410977,NULL
1787,field_loc_y,0.684531,NULL
1787,def_scheme,NULL,man
1787,is_transition,0,NULL
1787,is_off_dodge,0,NULL
1787,is_right_handed,1,NULL
1787,shot_quality,2,NULL
1787,goal_loc_x,0.37042,NULL
1787,goal_loc_y,0.694531,NULL
1788,field_loc_x,0.410977,NULL
1788,field_loc_y,0.469531,NULL
1788,def_scheme,NULL,man
1788,is_transition,0,NULL
1788,is_off_dodge,1,NULL
1788,is_right_handed,0,NULL
1788,shot_quality,3,NULL
1788,goal_loc_x,0.702805,NULL
1788,goal_loc_y,0.174531,NULL
1789,field_loc_x,0.441344,NULL
1789,field_loc_y,0.379531,NULL
1789,def_scheme,NULL,man
1789,is_transition,0,NULL
1789,is_off_dodge,0,NULL
1789,is_right_handed,1,NULL
1789,shot_quality,2,NULL
1790,field_loc_x,0.672134,NULL
1790,field_loc_y,0.469531,NULL
1790,def_scheme,NULL,man
1790,is_transition,0,NULL
1790,is_off_dodge,0,NULL
1790,is_right_handed,0,NULL
1790,shot_quality,2,NULL
1790,goal_loc_x,0.86411,NULL
1790,goal_loc_y,0.144531,NULL
1791,field_loc_x,0.420087,NULL
1791,field_loc_y,0.684531,NULL
1791,def_scheme,NULL,man
1791,is_transition,0,NULL
1791,is_off_dodge,0,NULL
1791,is_right_handed,1,NULL
1791,shot_quality,1,NULL
1791,goal_loc_x,0.46818,NULL
1791,goal_loc_y,0.749531,NULL
1792,field_loc_x,0.544592,NULL
1792,field_loc_y,0.689531,NULL
1792,goal_loc_x,0.521948,NULL
1792,goal_loc_y,0.159531,NULL
1792,def_scheme,NULL,man
1792,is_transition,0,NULL
1792,is_off_dodge,1,NULL
1792,is_right_handed,0,NULL
1792,shot_quality,1,NULL
1792,clean_save,0,NULL
1793,field_loc_x,0.614436,NULL
1793,field_loc_y,0.494531,NULL
1793,def_scheme,NULL,man
1793,is_transition,0,NULL
1793,is_off_dodge,0,NULL
1793,is_right_handed,0,NULL
1793,shot_quality,2,NULL
1793,clean_save,0,NULL
1793,goal_loc_x,0.507284,NULL
1793,goal_loc_y,0.259531,NULL
1794,def_scheme,NULL,zone
1794,is_transition,0,NULL
1794,is_off_dodge,0,NULL
1794,is_right_handed,1,NULL
1794,shot_quality,2,NULL
1794,field_loc_x,0.404903,NULL
1794,field_loc_y,0.434531,NULL
1794,goal_loc_x,0.243332,NULL
1794,goal_loc_y,0.709531,NULL
1795,field_loc_x,0.502078,NULL
1795,field_loc_y,0.649531,NULL
1795,goal_loc_x,0.482844,NULL
1795,goal_loc_y,0.184531,NULL
1795,def_scheme,NULL,man
1795,is_transition,0,NULL
1795,is_off_dodge,1,NULL
1795,is_right_handed,0,NULL
1795,shot_quality,1,NULL
1795,clean_save,0,NULL
1796,field_loc_x,0.492968,NULL
1796,field_loc_y,0.379531,NULL
1796,def_scheme,NULL,man
1796,is_transition,0,NULL
1796,is_off_dodge,1,NULL
1796,is_right_handed,1,NULL
1796,shot_quality,3,NULL
1796,goal_loc_x,0.130907,NULL
1796,goal_loc_y,0.124531,NULL
1797,field_loc_x,0.587106,NULL
1797,field_loc_y,0.409531,NULL
1797,def_scheme,NULL,man
1797,is_transition,0,NULL
1797,is_off_dodge,0,NULL
1797,is_right_handed,0,NULL
1797,shot_quality,2,NULL
1797,goal_loc_x,0.878774,NULL
1797,goal_loc_y,0.174531,NULL
1798,field_loc_x,0.559775,NULL
1798,field_loc_y,0.704531,NULL
1798,def_scheme,NULL,man
1798,is_transition,0,NULL
1798,is_off_dodge,0,NULL
1798,is_right_handed,0,NULL
1798,shot_quality,1,NULL
1798,clean_save,1,NULL
1798,goal_loc_x,0.663701,NULL
1798,goal_loc_y,0.689531,NULL
1799,field_loc_x,0.590143,NULL
1799,field_loc_y,0.684531,NULL
1799,def_scheme,NULL,man
1799,is_transition,0,NULL
1799,is_off_dodge,0,NULL
1799,is_right_handed,0,NULL
1799,shot_quality,2,NULL
1799,goal_loc_x,0.834781,NULL
1799,goal_loc_y,0.829531,NULL
1800,field_loc_x,0.420087,NULL
1800,field_loc_y,0.679531,NULL
1800,def_scheme,NULL,man
1800,is_transition,0,NULL
1800,is_off_dodge,0,NULL
1800,is_right_handed,1,NULL
1800,shot_quality,2,NULL
1800,goal_loc_x,0.526836,NULL
1800,goal_loc_y,0.749531,NULL
1801,field_loc_x,0.590143,NULL
1801,field_loc_y,0.409531,NULL
1801,def_scheme,NULL,man
1801,is_transition,0,NULL
1801,is_off_dodge,1,NULL
1801,is_right_handed,1,NULL
1801,shot_quality,3,NULL
1801,clean_save,0,NULL
1801,goal_loc_x,0.233555,NULL
1801,goal_loc_y,0.494531,NULL
1802,field_loc_x,0.502078,NULL
1802,field_loc_y,0.584531,NULL
1802,def_scheme,NULL,man
1802,is_transition,0,NULL
1802,is_off_dodge,1,NULL
1802,is_right_handed,1,NULL
1802,shot_quality,1,NULL
1802,goal_loc_x,0.4193,NULL
1802,goal_loc_y,0.794531,NULL
1803,field_loc_x,0.562812,NULL
1803,field_loc_y,0.699531,NULL
1803,def_scheme,NULL,man
1803,is_transition,0,NULL
1803,is_off_dodge,1,NULL
1803,is_right_handed,0,NULL
1803,shot_quality,1,NULL
1803,goal_loc_x,0.717469,NULL
1803,goal_loc_y,0.669531,NULL
1804,field_loc_x,0.450454,NULL
1804,field_loc_y,0.269531,NULL
1804,goal_loc_x,0.135795,NULL
1804,goal_loc_y,0.774531,NULL
1804,def_scheme,NULL,man
1804,is_transition,0,NULL
1804,is_off_dodge,0,NULL
1804,is_right_handed,1,NULL
1804,shot_quality,3,NULL
1805,field_loc_x,0.429197,NULL
1805,field_loc_y,0.709531,NULL
1805,def_scheme,NULL,man
1805,is_transition,0,NULL
1805,is_off_dodge,1,NULL
1805,is_right_handed,1,NULL
1805,shot_quality,2,NULL
1805,goal_loc_x,0.86411,NULL
1805,goal_loc_y,0.799531,NULL
1806,field_loc_x,0.432234,NULL
1806,field_loc_y,0.414531,NULL
1806,def_scheme,NULL,man
1806,is_transition,0,NULL
1806,is_off_dodge,0,NULL
1806,is_right_handed,0,NULL
1806,shot_quality,2,NULL
1806,goal_loc_x,0.873886,NULL
1806,goal_loc_y,0.734531,NULL
1807,field_loc_x,0.565849,NULL
1807,field_loc_y,0.654531,NULL
1807,def_scheme,NULL,man
1807,is_transition,0,NULL
1807,is_off_dodge,1,NULL
1807,is_right_handed,0,NULL
1807,shot_quality,1,NULL
1807,goal_loc_x,0.697917,NULL
1807,goal_loc_y,0.664531,NULL
1808,field_loc_x,0.438307,NULL
1808,field_loc_y,0.469531,NULL
1808,def_scheme,NULL,man
1808,is_transition,0,NULL
1808,is_off_dodge,0,NULL
1808,is_right_handed,0,NULL
1808,shot_quality,2,NULL
1808,goal_loc_x,0.878774,NULL
1808,goal_loc_y,0.794531,NULL
1809,field_loc_x,0.44438,NULL
1809,field_loc_y,0.694531,NULL
1809,def_scheme,NULL,man
1809,is_transition,0,NULL
1809,is_off_dodge,0,NULL
1809,is_right_handed,1,NULL
1809,shot_quality,1,NULL
1809,goal_loc_x,0.32154,NULL
1809,goal_loc_y,0.654531,NULL
1810,field_loc_x,0.608363,NULL
1810,field_loc_y,0.554531,NULL
1810,def_scheme,NULL,man
1810,is_transition,0,NULL
1810,is_transition,0,NULL
1810,is_off_dodge,1,NULL
1810,is_right_handed,0,NULL
1810,shot_quality,2,NULL
1810,goal_loc_x,0.238444,NULL
1810,goal_loc_y,0.429531,NULL
1811,field_loc_x,0.623546,NULL
1811,field_loc_y,0.464531,NULL
1811,def_scheme,NULL,man
1811,is_transition,0,NULL
1811,is_off_dodge,1,NULL
1811,is_right_handed,0,NULL
1811,shot_quality,2,NULL
1811,goal_loc_x,0.414412,NULL
1811,goal_loc_y,0.879531,NULL
1812,field_loc_x,0.587106,NULL
1812,field_loc_y,0.749531,NULL
1812,def_scheme,NULL,man
1812,is_transition,0,NULL
1812,is_off_dodge,1,NULL
1812,is_right_handed,0,NULL
1812,shot_quality,2,NULL
1812,goal_loc_x,0.0966911,NULL
1812,goal_loc_y,0.814531,NULL
1813,field_loc_x,0.420087,NULL
1813,field_loc_y,0.304531,NULL
1813,def_scheme,NULL,man
1813,is_transition,0,NULL
1813,is_off_dodge,0,NULL
1813,is_right_handed,0,NULL
1813,shot_quality,3,NULL
1813,clean_save,0,NULL
1813,goal_loc_x,0.277548,NULL
1813,goal_loc_y,0.389531,NULL
1815,field_loc_x,0.556739,NULL
1815,field_loc_y,0.619531,NULL
1815,def_scheme,NULL,man
1815,is_transition,0,NULL
1815,is_off_dodge,0,NULL
1815,is_right_handed,1,NULL
1815,shot_quality,1,NULL
1815,goal_loc_x,0.233555,NULL
1815,goal_loc_y,0.264531,NULL
1816,field_loc_x,0.608363,NULL
1816,field_loc_y,0.429531,NULL
1816,def_scheme,NULL,man
1816,is_transition,0,NULL
1816,is_off_dodge,0,NULL
1816,is_right_handed,1,NULL
1816,shot_quality,3,NULL
1816,goal_loc_x,0.179787,NULL
1816,goal_loc_y,0.799531,NULL
1817,field_loc_x,0.590143,NULL
1817,field_loc_y,0.619531,NULL
1817,def_scheme,NULL,man
1817,is_transition,0,NULL
1817,is_off_dodge,1,NULL
1817,is_right_handed,0,NULL
1817,shot_quality,2,NULL
1817,goal_loc_x,0.238444,NULL
1817,goal_loc_y,0.194531,NULL
1818,field_loc_x,0.480821,NULL
1818,field_loc_y,0.589531,NULL
1818,def_scheme,NULL,man
1818,is_transition,1,NULL
1818,is_off_dodge,0,NULL
1818,is_right_handed,1,NULL
1818,shot_quality,2,NULL
1818,goal_loc_x,0.145571,NULL
1818,goal_loc_y,0.539531,NULL
1819,field_loc_x,0.556739,NULL
1819,field_loc_y,0.739531,NULL
1819,def_scheme,NULL,man
1819,is_transition,0,NULL
1819,is_off_dodge,0,NULL
1819,is_right_handed,0,NULL
1819,shot_quality,1,NULL
1819,goal_loc_x,0.732133,NULL
1819,goal_loc_y,0.664531,NULL
1820,field_loc_x,0.547629,NULL
1820,field_loc_y,0.259531,NULL
1820,def_scheme,NULL,man
1820,is_transition,0,NULL
1820,is_off_dodge,1,NULL
1820,is_right_handed,1,NULL
1820,shot_quality,3,NULL
1820,goal_loc_x,0.585493,NULL
1820,goal_loc_y,0.744531,NULL
1821,field_loc_x,0.465637,NULL
1821,field_loc_y,0.674531,NULL
1821,def_scheme,NULL,man
1821,is_transition,0,NULL
1821,is_off_dodge,1,NULL
1821,is_right_handed,1,NULL
1821,shot_quality,2,NULL
1821,goal_loc_x,0.854333,NULL
1821,goal_loc_y,0.639531,NULL
1822,field_loc_x,0.404903,NULL
1822,field_loc_y,0.569531,NULL
1822,def_scheme,NULL,man
1822,is_transition,0,NULL
1822,is_off_dodge,0,NULL
1822,is_right_handed,0,NULL
1822,shot_quality,2,NULL
1822,goal_loc_x,0.805453,NULL
1822,goal_loc_y,0.679531,NULL
1823,field_loc_x,0.559775,NULL
1823,field_loc_y,0.269531,NULL
1823,def_scheme,NULL,zone
1823,is_transition,0,NULL
1823,is_off_dodge,0,NULL
1823,is_right_handed,1,NULL
1823,shot_quality,3,NULL
1823,goal_loc_x,0.634373,NULL
1823,goal_loc_y,0.744531,NULL
1824,field_loc_x,0.450454,NULL
1824,field_loc_y,0.719531,NULL
1824,def_scheme,NULL,zone
1824,is_transition,0,NULL
1824,is_off_dodge,0,NULL
1824,is_right_handed,0,NULL
1824,shot_quality,2,NULL
1824,goal_loc_x,0.834781,NULL
1824,goal_loc_y,0.464531,NULL
1825,field_loc_x,0.441344,NULL
1825,field_loc_y,0.729531,NULL
1825,def_scheme,NULL,zone
1825,is_transition,0,NULL
1825,is_off_dodge,0,NULL
1825,is_right_handed,0,NULL
1825,shot_quality,3,NULL
1825,goal_loc_x,0.873886,NULL
1825,goal_loc_y,0.549531,NULL
1826,field_loc_x,0.565849,NULL
1826,field_loc_y,0.704531,NULL
1826,def_scheme,NULL,zone
1826,is_transition,0,NULL
1826,is_off_dodge,1,NULL
1826,is_right_handed,0,NULL
1826,shot_quality,1,NULL
1826,clean_save,0,NULL
1826,goal_loc_x,0.653925,NULL
1826,goal_loc_y,0.159531,NULL
1827,field_loc_x,0.511188,NULL
1827,field_loc_y,0.284531,NULL
1827,def_scheme,NULL,man
1827,is_transition,1,NULL
1827,is_off_dodge,0,NULL
1827,is_right_handed,1,NULL
1827,shot_quality,3,NULL
1827,clean_save,1,NULL
1827,goal_loc_x,0.580605,NULL
1827,goal_loc_y,0.159531,NULL
1828,field_loc_x,0.410977,NULL
1828,field_loc_y,0.669531,NULL
1828,def_scheme,NULL,man
1828,is_transition,1,NULL
1828,is_off_dodge,0,NULL
1828,is_right_handed,1,NULL
1828,shot_quality,2,NULL
1828,clean_save,0,NULL
1828,goal_loc_x,0.46818,NULL
1828,goal_loc_y,0.614531,NULL
1829,field_loc_x,0.438307,NULL
1829,field_loc_y,0.704531,NULL
1829,def_scheme,NULL,man
1829,is_transition,1,NULL
1829,is_off_dodge,0,NULL
1829,is_right_handed,1,NULL
1829,shot_quality,1,NULL
1829,clean_save,1,NULL
1829,goal_loc_x,0.429076,NULL
1829,goal_loc_y,0.674531,NULL
1830,field_loc_x,0.581033,NULL
1830,field_loc_y,0.374531,NULL
1830,def_scheme,NULL,man
1830,is_transition,1,NULL
1830,is_off_dodge,1,NULL
1830,is_right_handed,1,NULL
1830,shot_quality,2,NULL
1830,goal_loc_x,0.243332,NULL
1830,goal_loc_y,0.164531,NULL
1831,field_loc_x,0.42616,NULL
1831,field_loc_y,0.709531,NULL
1831,def_scheme,NULL,man
1831,is_transition,0,NULL
1831,is_off_dodge,0,NULL
1831,is_right_handed,1,NULL
1831,shot_quality,1,NULL
1831,goal_loc_x,0.512172,NULL
1831,goal_loc_y,0.709531,NULL
1832,field_loc_x,0.635693,NULL
1832,field_loc_y,0.589531,NULL
1832,def_scheme,NULL,man
1832,is_transition,1,NULL
1832,is_off_dodge,0,NULL
1832,is_right_handed,0,NULL
1832,shot_quality,2,NULL
1832,goal_loc_x,0.0966911,NULL
1832,goal_loc_y,0.144531,NULL
1833,field_loc_x,0.63873,NULL
1833,field_loc_y,0.539531,NULL
1833,def_scheme,NULL,man
1833,is_transition,0,NULL
1833,is_off_dodge,1,NULL
1833,is_right_handed,1,NULL
1833,shot_quality,3,NULL
1833,goal_loc_x,0.116243,NULL
1833,goal_loc_y,0.489531,NULL
1834,field_loc_x,0.614436,NULL
1834,field_loc_y,0.384531,NULL
1834,def_scheme,NULL,man
1834,is_transition,0,NULL
1834,is_off_dodge,1,NULL
1834,is_right_handed,1,NULL
1834,shot_quality,3,NULL
1834,goal_loc_x,0.86411,NULL
1834,goal_loc_y,0.184531,NULL
1835,field_loc_x,0.480821,NULL
1835,field_loc_y,0.439531,NULL
1835,def_scheme,NULL,man
1835,is_transition,0,NULL
1835,is_off_dodge,1,NULL
1835,is_right_handed,0,NULL
1835,shot_quality,2,NULL
1835,clean_save,1,NULL
1835,goal_loc_x,0.722357,NULL
1835,goal_loc_y,0.699531,NULL
1836,field_loc_x,0.365426,NULL
1836,field_loc_y,0.544531,NULL
1836,def_scheme,NULL,man
1836,is_transition,0,NULL
1836,is_off_dodge,0,NULL
1836,is_right_handed,1,NULL
1836,shot_quality,2,NULL
1836,goal_loc_x,0.805453,NULL
1836,goal_loc_y,0.699531,NULL
1837,def_scheme,NULL,zone
1837,field_loc_x,0.377573,NULL
1837,field_loc_y,0.524531,NULL
1837,is_transition,0,NULL
1837,is_off_dodge,0,NULL
1837,is_right_handed,1,NULL
1837,shot_quality,2,NULL
1837,goal_loc_x,0.873886,NULL
1837,goal_loc_y,0.354531,NULL
1838,field_loc_x,0.462601,NULL
1838,field_loc_y,0.349531,NULL
1838,def_scheme,NULL,man
1838,is_transition,0,NULL
1838,is_off_dodge,1,NULL
1838,is_right_handed,0,NULL
1838,shot_quality,3,NULL
1838,clean_save,0,NULL
1838,goal_loc_x,0.44374,NULL
1838,goal_loc_y,0.159531,NULL
1839,field_loc_x,0.450454,NULL
1839,field_loc_y,0.684531,NULL
1839,def_scheme,NULL,man
1839,is_transition,0,NULL
1839,is_right_handed,1,NULL
1839,shot_quality,1,NULL
1839,goal_loc_x,0.448628,NULL
1839,goal_loc_y,0.694531,NULL
1840,field_loc_x,0.496005,NULL
1840,field_loc_y,0.369531,NULL
1840,def_scheme,NULL,man
1840,is_transition,0,NULL
1840,is_off_dodge,0,NULL
1840,is_right_handed,1,NULL
1840,shot_quality,2,NULL
1840,goal_loc_x,0.86411,NULL
1840,goal_loc_y,0.164531,NULL
1841,def_scheme,NULL,zone
1841,is_transition,0,NULL
1841,is_off_dodge,0,NULL
1841,is_right_handed,1,NULL
1841,shot_quality,2,NULL
1841,field_loc_x,0.362389,NULL
1841,field_loc_y,0.599531,NULL
1841,goal_loc_x,0.238444,NULL
1841,goal_loc_y,0.684531,NULL
1842,field_loc_x,0.432234,NULL
1842,field_loc_y,0.369531,NULL
1842,def_scheme,NULL,man
1842,is_transition,0,NULL
1842,is_off_dodge,1,NULL
1842,is_right_handed,0,NULL
1842,shot_quality,3,NULL
1842,clean_save,1,NULL
1842,goal_loc_x,0.51706,NULL
1842,goal_loc_y,0.599531,NULL
1843,field_loc_x,0.565849,NULL
1843,field_loc_y,0.729531,NULL
1843,def_scheme,NULL,man
1843,is_transition,0,NULL
1843,is_off_dodge,1,NULL
1843,is_right_handed,1,NULL
1843,shot_quality,3,NULL
1843,clean_save,0,NULL
1843,goal_loc_x,0.502396,NULL
1843,goal_loc_y,0.589531,NULL
1844,field_loc_x,0.617473,NULL
1844,field_loc_y,0.559531,NULL
1844,def_scheme,NULL,man
1844,is_transition,0,NULL
1844,is_off_dodge,0,NULL
1844,is_right_handed,0,NULL
1844,shot_quality,2,NULL
1844,goal_loc_x,0.482844,NULL
1844,goal_loc_y,0.169531,NULL
1845,field_loc_x,0.489931,NULL
1845,field_loc_y,0.649531,NULL
1845,def_scheme,NULL,man
1845,is_transition,0,NULL
1845,is_off_dodge,0,NULL
1845,is_right_handed,1,NULL
1845,shot_quality,1,NULL
1845,goal_loc_x,0.663701,NULL
1845,goal_loc_y,0.699531,NULL
1846,field_loc_x,0.38972,NULL
1846,field_loc_y,0.484531,NULL
1846,def_scheme,NULL,man
1846,is_transition,0,NULL
1846,is_off_dodge,0,NULL
1846,is_right_handed,1,NULL
1846,shot_quality,2,NULL
1846,goal_loc_x,0.570829,NULL
1846,goal_loc_y,0.749531,NULL
1847,field_loc_x,0.453491,NULL
1847,field_loc_y,0.434531,NULL
1847,def_scheme,NULL,man
1847,is_transition,0,NULL
1847,is_off_dodge,1,NULL
1847,is_right_handed,1,NULL
1847,shot_quality,2,NULL
1847,goal_loc_x,0.253108,NULL
1847,goal_loc_y,0.224531,NULL
1848,field_loc_x,0.39883,NULL
1848,field_loc_y,0.599531,NULL
1848,def_scheme,NULL,man
1848,is_transition,0,NULL
1848,is_off_dodge,1,NULL
1848,is_right_handed,0,NULL
1848,shot_quality,2,NULL
1848,goal_loc_x,0.189563,NULL
1848,goal_loc_y,0.184531,NULL
1849,field_loc_x,0.40794,NULL
1849,field_loc_y,0.614531,NULL
1849,def_scheme,NULL,man
1849,is_transition,0,NULL
1849,is_off_dodge,1,NULL
1849,is_right_handed,1,NULL
1849,shot_quality,2,NULL
1849,goal_loc_x,0.795677,NULL
1849,goal_loc_y,0.819531,NULL
1850,field_loc_x,0.499041,NULL
1850,field_loc_y,0.374531,NULL
1850,def_scheme,NULL,man
1850,is_transition,0,NULL
1850,is_off_dodge,1,NULL
1850,is_right_handed,0,NULL
1850,shot_quality,3,NULL
1850,clean_save,0,NULL
1850,goal_loc_x,0.27266,NULL
1850,goal_loc_y,0.339531,NULL
1851,field_loc_x,0.505115,NULL
1851,field_loc_y,0.284531,NULL
1851,def_scheme,NULL,man
1851,is_transition,0,NULL
1851,is_off_dodge,0,NULL
1851,is_right_handed,0,NULL
1851,shot_quality,3,NULL
1851,clean_save,1,NULL
1851,goal_loc_x,0.629485,NULL
1851,goal_loc_y,0.674531,NULL
1852,field_loc_x,0.523335,NULL
1852,field_loc_y,0.669531,NULL
1852,def_scheme,NULL,man
1852,is_transition,0,NULL
1852,is_off_dodge,0,NULL
1852,is_right_handed,0,NULL
1852,shot_quality,1,NULL
1852,goal_loc_x,0.385084,NULL
1852,goal_loc_y,0.174531,NULL
4303,field_loc_x,0.547629,NULL
4303,field_loc_y,0.439531,NULL
4303,def_scheme,NULL,man
4303,is_transition,0,NULL
4303,is_off_dodge,0,NULL
4303,is_right_handed,0,NULL
4303,shot_quality,2,NULL
4303,goal_loc_x,0.805453,NULL
4303,goal_loc_y,0.424531,NULL
4304,field_loc_x,0.577996,NULL
4304,field_loc_y,0.674531,NULL
4304,def_scheme,NULL,man
4304,is_transition,0,NULL
4304,is_off_dodge,0,NULL
4304,is_right_handed,1,NULL
4304,shot_quality,1,NULL
4304,clean_save,0,NULL
4304,goal_loc_x,0.326428,NULL
4304,goal_loc_y,0.664531,NULL
4305,field_loc_x,0.492968,NULL
4305,field_loc_y,0.639531,NULL
4305,def_scheme,NULL,man
4305,is_transition,0,NULL
4305,is_off_dodge,0,NULL
4305,is_right_handed,0,NULL
4305,shot_quality,2,NULL
4305,clean_save,0,NULL
4305,goal_loc_x,0.639261,NULL
4305,goal_loc_y,0.649531,NULL
4306,field_loc_x,0.374536,NULL
4306,field_loc_y,0.589531,NULL
4306,def_scheme,NULL,man
4306,is_transition,0,NULL
4306,is_off_dodge,1,NULL
4306,is_right_handed,1,NULL
4306,shot_quality,3,NULL
4306,clean_save,1,NULL
4306,goal_loc_x,0.727245,NULL
4306,goal_loc_y,0.699531,NULL
4307,field_loc_x,0.608363,NULL
4307,field_loc_y,0.549531,NULL
4307,def_scheme,NULL,man
4307,is_transition,0,NULL
4307,is_off_dodge,1,NULL
4307,is_right_handed,1,NULL
4307,shot_quality,3,NULL
4307,goal_loc_x,0.800565,NULL
4307,goal_loc_y,0.474531,NULL
4308,field_loc_x,0.535482,NULL
4308,field_loc_y,0.529531,NULL
4308,def_scheme,NULL,man
4308,is_transition,0,NULL
4308,is_off_dodge,0,NULL
4308,is_right_handed,1,NULL
4308,shot_quality,2,NULL
4308,goal_loc_x,0.805453,NULL
4308,goal_loc_y,0.529531,NULL
4309,field_loc_x,0.368463,NULL
4309,field_loc_y,0.639531,NULL
4309,def_scheme,NULL,man
4309,is_transition,1,NULL
4309,is_off_dodge,0,NULL
4309,is_right_handed,1,NULL
4309,shot_quality,2,NULL
4309,goal_loc_x,0.526836,NULL
4309,goal_loc_y,0.749531,NULL
4310,field_loc_x,0.489931,NULL
4310,field_loc_y,0.294531,NULL
4310,is_transition,1,NULL
4310,is_off_dodge,0,NULL
4310,is_right_handed,1,NULL
4310,shot_quality,3,NULL
4310,clean_save,0,NULL
4310,goal_loc_x,0.737021,NULL
4310,goal_loc_y,0.344531,NULL
4311,field_loc_x,0.371499,NULL
4311,field_loc_y,0.589531,NULL
4311,def_scheme,NULL,man
4311,is_transition,1,NULL
4311,is_off_dodge,0,NULL
4311,is_right_handed,1,NULL
4311,shot_quality,2,NULL
4311,clean_save,0,NULL
4311,goal_loc_x,0.512172,NULL
4311,goal_loc_y,0.379531,NULL
4312,field_loc_x,0.553702,NULL
4312,field_loc_y,0.659531,NULL
4312,is_transition,1,NULL
4312,is_off_dodge,0,NULL
4312,is_right_handed,1,NULL
4312,shot_quality,1,NULL
4312,clean_save,0,NULL
4312,goal_loc_x,0.350868,NULL
4312,goal_loc_y,0.604531,NULL
4313,field_loc_x,0.438307,NULL
4313,field_loc_y,0.684531,NULL
4313,def_scheme,NULL,man
4313,is_transition,1,NULL
4313,is_off_dodge,0,NULL
4313,is_right_handed,1,NULL
4313,shot_quality,2,NULL
4313,goal_loc_x,0.126019,NULL
4313,goal_loc_y,0.194531,NULL
4314,field_loc_x,0.574959,NULL
4314,field_loc_y,0.659531,NULL
4314,def_scheme,NULL,man
4314,is_transition,1,NULL
4314,is_off_dodge,0,NULL
4314,is_right_handed,0,NULL
4314,shot_quality,1,NULL
4314,clean_save,1,NULL
4314,goal_loc_x,0.306876,NULL
4314,goal_loc_y,0.389531,NULL
4315,field_loc_x,0.596216,NULL
4315,field_loc_y,0.599531,NULL
4315,def_scheme,NULL,man
4315,is_transition,0,NULL
4315,is_off_dodge,0,NULL
4315,is_right_handed,0,NULL
4315,shot_quality,2,NULL
4315,goal_loc_x,0.668589,NULL
4315,goal_loc_y,0.664531,NULL
4316,field_loc_x,0.593179,NULL
4316,field_loc_y,0.594531,NULL
4316,def_scheme,NULL,man
4316,is_transition,1,NULL
4316,is_off_dodge,0,NULL
4316,is_right_handed,0,NULL
4316,shot_quality,1,NULL
4316,goal_loc_x,0.88855,NULL
4316,goal_loc_y,0.564531,NULL
4317,field_loc_x,0.429197,NULL
4317,field_loc_y,0.674531,NULL
4317,def_scheme,NULL,man
4317,is_transition,0,NULL
4317,is_off_dodge,0,NULL
4317,is_right_handed,0,NULL
4317,shot_quality,2,NULL
4317,goal_loc_x,0.908102,NULL
4317,goal_loc_y,0.199531,NULL
4318,field_loc_x,0.395793,NULL
4318,field_loc_y,0.434531,NULL
4318,def_scheme,NULL,man
4318,is_transition,0,NULL
4318,is_off_dodge,0,NULL
4318,is_right_handed,1,NULL
4318,shot_quality,2,NULL
4318,goal_loc_x,0.46818,NULL
4318,goal_loc_y,0.679531,NULL
4319,field_loc_x,0.605326,NULL
4319,field_loc_y,0.579531,NULL
4319,def_scheme,NULL,man
4319,is_transition,0,NULL
4319,is_off_dodge,0,NULL
4319,is_right_handed,0,NULL
4319,shot_quality,2,NULL
4319,goal_loc_x,0.859221,NULL
4319,goal_loc_y,0.394531,NULL
4320,field_loc_x,0.359352,NULL
4320,field_loc_y,0.489531,NULL
4320,def_scheme,NULL,man
4320,is_transition,0,NULL
4320,is_off_dodge,0,NULL
4320,is_right_handed,1,NULL
4320,shot_quality,2,NULL
4320,goal_loc_x,0.262884,NULL
4320,goal_loc_y,0.649531,NULL
4266,field_loc_x,0.429197,NULL
4266,field_loc_y,0.709531,NULL
4266,def_scheme,NULL,man
4266,is_transition,0,NULL
4266,is_off_dodge,1,NULL
4266,is_right_handed,0,NULL
4266,shot_quality,1,NULL
4266,goal_loc_x,0.658813,NULL
4266,goal_loc_y,0.634531,NULL
4267,field_loc_x,0.380609,NULL
4267,field_loc_y,0.589531,NULL
4267,def_scheme,NULL,man
4267,is_transition,0,NULL
4267,is_off_dodge,0,NULL
4267,is_right_handed,1,NULL
4267,shot_quality,1,NULL
4267,goal_loc_x,0.693029,NULL
4267,goal_loc_y,0.664531,NULL
4268,field_loc_x,0.602289,NULL
4268,field_loc_y,0.534531,NULL
4268,def_scheme,NULL,man
4268,is_transition,0,NULL
4268,is_off_dodge,0,NULL
4268,is_right_handed,0,NULL
4268,shot_quality,2,NULL
4268,goal_loc_x,0.24822,NULL
4268,goal_loc_y,0.689531,NULL
4269,field_loc_x,0.596216,NULL
4269,field_loc_y,0.579531,NULL
4269,def_scheme,NULL,man
4269,is_transition,0,NULL
4269,is_off_dodge,0,NULL
4269,is_right_handed,0,NULL
4269,shot_quality,2,NULL
4269,goal_loc_x,0.771237,NULL
4269,goal_loc_y,0.464531,NULL
4270,field_loc_x,0.562812,NULL
4270,field_loc_y,0.709531,NULL
4270,def_scheme,NULL,man
4270,is_transition,0,NULL
4270,is_off_dodge,1,NULL
4270,is_right_handed,0,NULL
4270,shot_quality,1,NULL
4270,goal_loc_x,0.126019,NULL
4270,goal_loc_y,0.539531,NULL
4271,field_loc_x,0.41705,NULL
4271,field_loc_y,0.379531,NULL
4271,def_scheme,NULL,man
4271,is_off_dodge,0,NULL
4271,is_right_handed,1,NULL
4271,is_transition,0,NULL
4271,shot_quality,2,NULL
4271,goal_loc_x,0.844557,NULL
4271,goal_loc_y,0.174531,NULL
4272,field_loc_x,0.553702,NULL
4272,field_loc_y,0.679531,NULL
4272,def_scheme,NULL,man
4272,is_transition,0,NULL
4272,is_off_dodge,0,NULL
4272,is_right_handed,0,NULL
4272,shot_quality,1,NULL
4272,clean_save,1,NULL
4272,goal_loc_x,0.301988,NULL
4272,goal_loc_y,0.369531,NULL
4273,field_loc_x,0.486894,NULL
4273,field_loc_y,0.444531,NULL
4273,def_scheme,NULL,man
4273,is_transition,0,NULL
4273,is_off_dodge,1,NULL
4273,is_right_handed,0,NULL
4273,shot_quality,2,NULL
4273,goal_loc_x,0.580605,NULL
4273,goal_loc_y,0.809531,NULL
4274,field_loc_x,0.414013,NULL
4274,field_loc_y,0.594531,NULL
4274,def_scheme,NULL,man
4274,is_transition,0,NULL
4274,is_off_dodge,0,NULL
4274,is_right_handed,1,NULL
4274,shot_quality,1,NULL
4274,goal_loc_x,0.267772,NULL
4274,goal_loc_y,0.674531,NULL
4275,field_loc_x,0.581033,NULL
4275,field_loc_y,0.434531,NULL
4275,def_scheme,NULL,man
4275,is_transition,0,NULL
4275,is_off_dodge,0,NULL
4275,is_right_handed,0,NULL
4275,shot_quality,2,NULL
4276,field_loc_x,0.438307,NULL
4276,field_loc_y,0.699531,NULL
4276,def_scheme,NULL,man
4276,is_transition,0,NULL
4276,is_off_dodge,0,NULL
4276,is_right_handed,1,NULL
4276,shot_quality,1,NULL
4276,goal_loc_x,0.262884,NULL
4276,goal_loc_y,0.649531,NULL
4277,field_loc_x,0.429197,NULL
4277,field_loc_y,0.639531,NULL
4277,def_scheme,NULL,man
4277,is_transition,0,NULL
4277,is_off_dodge,1,NULL
4277,is_right_handed,1,NULL
4277,shot_quality,1,NULL
4277,goal_loc_x,0.34598,NULL
4277,goal_loc_y,0.684531,NULL
4278,field_loc_x,0.423123,NULL
4278,field_loc_y,0.659531,NULL
4278,def_scheme,NULL,man
4278,is_transition,0,NULL
4278,is_off_dodge,1,NULL
4278,is_right_handed,1,NULL
4278,shot_quality,1,NULL
4278,goal_loc_x,0.746797,NULL
4278,goal_loc_y,0.694531,NULL
4279,field_loc_x,0.547629,NULL
4279,field_loc_y,0.654531,NULL
4279,def_scheme,NULL,man
4279,is_transition,0,NULL
4279,is_off_dodge,0,NULL
4279,is_right_handed,1,NULL
4279,shot_quality,1,NULL
4279,goal_loc_x,0.24822,NULL
4279,goal_loc_y,0.664531,NULL
4280,field_loc_x,0.562812,NULL
4280,field_loc_y,0.679531,NULL
4280,def_scheme,NULL,man
4280,is_transition,0,NULL
4280,is_off_dodge,0,NULL
4280,is_right_handed,0,NULL
4280,shot_quality,1,NULL
4280,goal_loc_x,0.24822,NULL
4280,goal_loc_y,0.159531,NULL
4281,field_loc_x,0.492968,NULL
4281,field_loc_y,0.649531,NULL
4281,def_scheme,NULL,man
4281,is_transition,0,NULL
4281,is_off_dodge,0,NULL
4281,is_right_handed,1,NULL
4281,shot_quality,1,NULL
4281,goal_loc_x,0.741909,NULL
4281,goal_loc_y,0.649531,NULL
4282,field_loc_x,0.590143,NULL
4282,field_loc_y,0.374531,NULL
4282,def_scheme,NULL,man
4282,is_transition,0,NULL
4282,is_off_dodge,0,NULL
4282,is_right_handed,0,NULL
4282,shot_quality,2,NULL
4282,goal_loc_x,0.844557,NULL
4282,goal_loc_y,0.154531,NULL
4283,field_loc_x,0.602289,NULL
4283,field_loc_y,0.529531,NULL
4283,def_scheme,NULL,man
4283,is_transition,0,NULL
4283,is_off_dodge,0,NULL
4283,is_right_handed,0,NULL
4283,shot_quality,2,NULL
4283,goal_loc_x,0.243332,NULL
4283,goal_loc_y,0.704531,NULL
4284,field_loc_x,0.496005,NULL
4284,field_loc_y,0.564531,NULL
4284,def_scheme,NULL,man
4284,is_transition,0,NULL
4284,is_off_dodge,0,NULL
4284,is_right_handed,0,NULL
4284,shot_quality,1,NULL
4284,goal_loc_x,0.267772,NULL
4284,goal_loc_y,0.604531,NULL
4285,field_loc_x,0.577996,NULL
4285,field_loc_y,0.519531,NULL
4285,def_scheme,NULL,man
4285,is_transition,0,NULL
4285,is_off_dodge,1,NULL
4285,is_right_handed,0,NULL
4285,shot_quality,3,NULL
4285,goal_loc_x,0.130907,NULL
4285,goal_loc_y,0.839531,NULL
4286,field_loc_x,0.462601,NULL
4286,field_loc_y,0.654531,NULL
4286,def_scheme,NULL,man
4286,is_transition,0,NULL
4286,is_off_dodge,1,NULL
4286,is_right_handed,1,NULL
4286,shot_quality,1,NULL
4286,clean_save,0,NULL
4286,goal_loc_x,0.580605,NULL
4286,goal_loc_y,0.154531,NULL
4287,field_loc_x,0.480821,NULL
4287,field_loc_y,0.599531,NULL
4287,def_scheme,NULL,man
4287,is_transition,0,NULL
4287,is_off_dodge,1,NULL
4287,is_right_handed,1,NULL
4287,shot_quality,1,NULL
4287,goal_loc_x,0.751685,NULL
4287,goal_loc_y,0.604531,NULL
4288,field_loc_x,0.568886,NULL
4288,field_loc_y,0.659531,NULL
4288,def_scheme,NULL,man
4288,is_transition,0,NULL
4288,is_off_dodge,1,NULL
4288,is_right_handed,0,NULL
4288,shot_quality,1,NULL
4288,clean_save,1,NULL
4288,goal_loc_x,0.365532,NULL
4288,goal_loc_y,0.654531,NULL
4289,field_loc_x,0.42616,NULL
4289,field_loc_y,0.334531,NULL
4289,def_scheme,NULL,man
4289,is_transition,0,NULL
4289,is_off_dodge,0,NULL
4289,is_right_handed,1,NULL
4289,shot_quality,3,NULL
4289,clean_save,0,NULL
4289,goal_loc_x,0.761461,NULL
4289,goal_loc_y,0.699531,NULL
4290,field_loc_x,0.462601,NULL
4290,field_loc_y,0.654531,NULL
4290,def_scheme,NULL,man
4290,is_transition,0,NULL
4290,is_off_dodge,0,NULL
4290,is_right_handed,1,NULL
4290,shot_quality,1,NULL
4290,goal_loc_x,0.707693,NULL
4290,goal_loc_y,0.684531,NULL
4291,field_loc_x,0.571922,NULL
4291,field_loc_y,0.424531,NULL
4291,def_scheme,NULL,man
4291,is_transition,1,NULL
4291,is_off_dodge,1,NULL
4291,is_right_handed,0,NULL
4291,shot_quality,2,NULL
4291,goal_loc_x,0.761461,NULL
4291,goal_loc_y,0.149531,NULL
4292,field_loc_x,0.541555,NULL
4292,field_loc_y,0.459531,NULL
4292,def_scheme,NULL,man
4292,is_transition,1,NULL
4292,is_off_dodge,1,NULL
4292,is_right_handed,1,NULL
4292,shot_quality,2,NULL
4292,goal_loc_x,0.27266,NULL
4292,goal_loc_y,0.689531,NULL
4293,field_loc_x,0.550665,NULL
4293,field_loc_y,0.674531,NULL
4293,def_scheme,NULL,man
4293,is_transition,1,NULL
4293,is_off_dodge,0,NULL
4293,is_right_handed,1,NULL
4293,shot_quality,1,NULL
4293,goal_loc_x,0.717469,NULL
4293,goal_loc_y,0.674531,NULL
4294,field_loc_x,0.568886,NULL
4294,field_loc_y,0.474531,NULL
4294,def_scheme,NULL,man
4294,is_transition,1,NULL
4294,is_off_dodge,1,NULL
4294,is_right_handed,1,NULL
4294,shot_quality,2,NULL
4294,goal_loc_x,0.746797,NULL
4294,goal_loc_y,0.574531,NULL
4295,field_loc_x,0.465637,NULL
4295,field_loc_y,0.604531,NULL
4295,def_scheme,NULL,man
4295,is_transition,1,NULL
4295,is_off_dodge,0,NULL
4295,is_right_handed,0,NULL
4295,shot_quality,1,NULL
4295,clean_save,0,NULL
4295,goal_loc_x,0.497508,NULL
4295,goal_loc_y,0.144531,NULL
4296,field_loc_x,0.43527,NULL
4296,field_loc_y,0.284531,NULL
4296,is_transition,1,NULL
4296,is_off_dodge,0,NULL
4296,is_right_handed,0,NULL
4296,shot_quality,3,NULL
4296,goal_loc_x,0.707693,NULL
4296,goal_loc_y,0.799531,NULL
4297,is_transition,1,NULL
4297,def_scheme,NULL,man
4297,is_off_dodge,0,NULL
4297,is_right_handed,1,NULL
4297,shot_quality,2,NULL
4297,field_loc_x,0.410977,NULL
4297,field_loc_y,0.439531,NULL
4297,goal_loc_x,0.844557,NULL
4297,goal_loc_y,0.354531,NULL
4298,field_loc_x,0.568886,NULL
4298,field_loc_y,0.634531,NULL
4298,def_scheme,NULL,man
4298,is_transition,0,NULL
4298,is_off_dodge,1,NULL
4298,is_right_handed,1,NULL
4298,shot_quality,1,NULL
4298,clean_save,0,NULL
4298,goal_loc_x,0.707693,NULL
4298,goal_loc_y,0.589531,NULL
4299,field_loc_x,0.429197,NULL
4299,field_loc_y,0.609531,NULL
4299,is_transition,1,NULL
4299,is_off_dodge,0,NULL
4299,is_right_handed,1,NULL
4299,shot_quality,2,NULL
4299,clean_save,1,NULL
4299,goal_loc_x,0.316652,NULL
4299,goal_loc_y,0.649531,NULL
4300,field_loc_x,0.577996,NULL
4300,field_loc_y,0.434531,NULL
4300,def_scheme,NULL,man
4300,is_transition,1,NULL
4300,is_off_dodge,1,NULL
4300,is_right_handed,1,NULL
4300,shot_quality,3,NULL
4300,goal_loc_x,0.184675,NULL
4300,goal_loc_y,0.794531,NULL
4301,field_loc_x,0.556739,NULL
4301,field_loc_y,0.444531,NULL
4301,is_transition,1,NULL
4301,is_off_dodge,1,NULL
4301,is_right_handed,1,NULL
4301,shot_quality,2,NULL
4301,clean_save,0,NULL
4301,goal_loc_x,0.526836,NULL
4301,goal_loc_y,0.164531,NULL
4302,field_loc_x,0.62962,NULL
4302,field_loc_y,0.529531,NULL
4302,def_scheme,NULL,man
4302,is_transition,0,NULL
4302,is_off_dodge,1,NULL
4302,is_right_handed,1,NULL
4302,shot_quality,3,NULL
4302,goal_loc_x,0.849445,NULL
4302,goal_loc_y,0.229531,NULL
2354,field_loc_x,0.43527,NULL
2354,field_loc_y,0.749531,NULL
2354,def_scheme,NULL,man
2354,is_transition,0,NULL
2354,is_off_dodge,1,NULL
2354,is_right_handed,1,NULL
2354,shot_quality,1,NULL
2354,goal_loc_x,0.257996,NULL
2354,goal_loc_y,0.579531,NULL
2355,field_loc_x,0.550665,NULL
2355,field_loc_y,0.564531,NULL
2355,goal_loc_x,0.751685,NULL
2355,goal_loc_y,0.489531,NULL
2355,def_scheme,NULL,man
2355,is_transition,0,NULL
2355,is_off_dodge,1,NULL
2355,is_right_handed,1,NULL
2355,shot_quality,2,NULL
2356,field_loc_x,0.41705,NULL
2356,field_loc_y,0.729531,NULL
2356,def_scheme,NULL,man
2356,is_transition,0,NULL
2356,is_off_dodge,1,NULL
2356,is_right_handed,0,NULL
2356,shot_quality,3,NULL
2356,clean_save,0,NULL
2356,goal_loc_x,0.228667,NULL
2356,goal_loc_y,0.474531,NULL
2357,field_loc_x,0.547629,NULL
2357,field_loc_y,0.379531,NULL
2357,def_scheme,NULL,man
2357,is_transition,0,NULL
2357,is_off_dodge,1,NULL
2357,is_right_handed,0,NULL
2357,shot_quality,2,NULL
2357,goal_loc_x,0.86411,NULL
2357,goal_loc_y,0.539531,NULL
2358,field_loc_x,0.502078,NULL
2358,field_loc_y,0.679531,NULL
2358,def_scheme,NULL,man
2358,is_transition,0,NULL
2358,is_off_dodge,0,NULL
2358,is_right_handed,1,NULL
2358,shot_quality,1,NULL
2358,goal_loc_x,0.253108,NULL
2358,goal_loc_y,0.154531,NULL
2359,field_loc_x,0.587106,NULL
2359,field_loc_y,0.559531,NULL
2359,def_scheme,NULL,man
2359,is_transition,0,NULL
2359,is_off_dodge,0,NULL
2359,is_right_handed,1,NULL
2359,shot_quality,2,NULL
2359,clean_save,0,NULL
2359,goal_loc_x,0.482844,NULL
2359,goal_loc_y,0.159531,NULL
2360,field_loc_x,0.590143,NULL
2360,field_loc_y,0.549531,NULL
2360,def_scheme,NULL,man
2360,is_transition,0,NULL
2360,is_right_handed,1,NULL
2360,shot_quality,2,NULL
2360,goal_loc_x,0.233555,NULL
2360,goal_loc_y,0.699531,NULL
2361,field_loc_x,0.447417,NULL
2361,field_loc_y,0.584531,NULL
2361,def_scheme,NULL,man
2361,is_transition,0,NULL
2361,is_off_dodge,1,NULL
2361,is_right_handed,1,NULL
2361,shot_quality,2,NULL
2361,goal_loc_x,0.243332,NULL
2361,goal_loc_y,0.404531,NULL
2362,field_loc_x,0.562812,NULL
2362,field_loc_y,0.749531,NULL
2362,def_scheme,NULL,man
2362,is_transition,0,NULL
2362,is_off_dodge,0,NULL
2362,is_right_handed,0,NULL
2362,shot_quality,1,NULL
2362,clean_save,0,NULL
2362,goal_loc_x,0.702805,NULL
2362,goal_loc_y,0.659531,NULL
2363,field_loc_x,0.577996,NULL
2363,field_loc_y,0.309531,NULL
2363,def_scheme,NULL,man
2363,is_off_dodge,0,NULL
2363,is_right_handed,1,NULL
2363,shot_quality,3,NULL
2363,goal_loc_x,0.165123,NULL
2363,goal_loc_y,0.144531,NULL
2363,is_transition,0,NULL
2364,field_loc_x,0.590143,NULL
2364,field_loc_y,0.554531,NULL
2364,def_scheme,NULL,man
2364,is_transition,0,NULL
2364,is_off_dodge,0,NULL
2364,is_right_handed,1,NULL
2364,shot_quality,3,NULL
2364,goal_loc_x,0.512172,NULL
2364,goal_loc_y,0.149531,NULL
2365,field_loc_x,0.602289,NULL
2365,field_loc_y,0.594531,NULL
2365,def_scheme,NULL,man
2365,is_transition,0,NULL
2365,is_off_dodge,0,NULL
2365,is_right_handed,0,NULL
2365,shot_quality,2,NULL
2365,clean_save,0,NULL
2365,goal_loc_x,0.49262,NULL
2365,goal_loc_y,0.159531,NULL
2366,field_loc_x,0.486894,NULL
2366,field_loc_y,0.669531,NULL
2366,def_scheme,NULL,man
2366,is_transition,0,NULL
2366,is_off_dodge,0,NULL
2366,is_right_handed,1,NULL
2366,shot_quality,1,NULL
2366,clean_save,0,NULL
2366,goal_loc_x,0.507284,NULL
2366,goal_loc_y,0.629531,NULL
2367,field_loc_x,0.568886,NULL
2367,field_loc_y,0.689531,NULL
2367,def_scheme,NULL,man
2367,is_transition,0,NULL
2367,is_off_dodge,1,NULL
2367,is_right_handed,0,NULL
2367,shot_quality,2,NULL
2367,goal_loc_x,0.238444,NULL
2367,goal_loc_y,0.194531,NULL
2368,field_loc_x,0.325949,NULL
2368,field_loc_y,0.504531,NULL
2368,def_scheme,NULL,man
2368,is_transition,0,NULL
2368,is_off_dodge,0,NULL
2368,is_right_handed,1,NULL
2368,shot_quality,2,NULL
2368,goal_loc_x,0.243332,NULL
2368,goal_loc_y,0.474531,NULL
2369,field_loc_x,0.544592,NULL
2369,field_loc_y,0.439531,NULL
2369,def_scheme,NULL,man
2369,is_transition,0,NULL
2369,is_off_dodge,1,NULL
2369,is_right_handed,1,NULL
2369,shot_quality,2,NULL
2369,goal_loc_x,0.756573,NULL
2369,goal_loc_y,0.699531,NULL
2370,field_loc_x,0.538518,NULL
2370,field_loc_y,0.669531,NULL
2370,def_scheme,NULL,man
2370,is_transition,0,NULL
2370,is_off_dodge,0,NULL
2370,is_right_handed,0,NULL
2370,shot_quality,1,NULL
2370,clean_save,0,NULL
2370,goal_loc_x,0.580605,NULL
2370,goal_loc_y,0.159531,NULL
2371,field_loc_x,0.459564,NULL
2371,field_loc_y,0.689531,NULL
2371,def_scheme,NULL,man
2371,is_transition,0,NULL
2371,is_right_handed,0,NULL
2371,shot_quality,1,NULL
2371,goal_loc_x,0.761461,NULL
2371,goal_loc_y,0.174531,NULL
2372,field_loc_x,0.584069,NULL
2372,field_loc_y,0.749531,NULL
2372,def_scheme,NULL,man
2372,is_transition,0,NULL
2372,is_off_dodge,0,NULL
2372,is_right_handed,0,NULL
2372,shot_quality,2,NULL
2372,goal_loc_x,0.111355,NULL
2372,goal_loc_y,0.789531,NULL
2373,field_loc_x,0.511188,NULL
2373,field_loc_y,0.659531,NULL
2373,def_scheme,NULL,man
2373,is_transition,0,NULL
2373,is_off_dodge,0,NULL
2373,is_right_handed,1,NULL
2373,shot_quality,1,NULL
2373,goal_loc_x,0.756573,NULL
2373,goal_loc_y,0.464531,NULL
2374,field_loc_x,0.535482,NULL
2374,field_loc_y,0.439531,NULL
2374,def_scheme,NULL,man
2374,is_transition,0,NULL
2374,is_off_dodge,0,NULL
2374,is_right_handed,1,NULL
2374,shot_quality,2,NULL
2374,clean_save,0,NULL
2374,goal_loc_x,0.306876,NULL
2374,goal_loc_y,0.459531,NULL
2375,field_loc_x,0.62962,NULL
2375,field_loc_y,0.389531,NULL
2375,def_scheme,NULL,man
2375,is_transition,0,NULL
2375,is_off_dodge,0,NULL
2375,is_right_handed,0,NULL
2375,shot_quality,3,NULL
2375,clean_save,1,NULL
2375,goal_loc_x,0.253108,NULL
2375,goal_loc_y,0.424531,NULL
2376,field_loc_x,0.590143,NULL
2376,field_loc_y,0.559531,NULL
2376,def_scheme,NULL,man
2376,is_transition,0,NULL
2376,is_off_dodge,1,NULL
2376,is_right_handed,1,NULL
2376,shot_quality,3,NULL
2376,goal_loc_x,0.253108,NULL
2376,goal_loc_y,0.669531,NULL
2377,field_loc_x,0.571922,NULL
2377,field_loc_y,0.734531,NULL
2377,def_scheme,NULL,man
2377,is_transition,0,NULL
2377,is_off_dodge,0,NULL
2377,is_right_handed,1,NULL
2377,shot_quality,3,NULL
2377,goal_loc_x,0.116243,NULL
2377,goal_loc_y,0.254531,NULL
2378,field_loc_x,0.641767,NULL
2378,field_loc_y,0.544531,NULL
2378,def_scheme,NULL,man
2378,is_transition,0,NULL
2378,is_off_dodge,0,NULL
2378,is_right_handed,0,NULL
2378,shot_quality,2,NULL
2378,clean_save,0,NULL
2378,goal_loc_x,0.233555,NULL
2378,goal_loc_y,0.654531,NULL
2379,field_loc_x,0.40794,NULL
2379,field_loc_y,0.609531,NULL
2379,def_scheme,NULL,man
2379,is_transition,0,NULL
2379,is_off_dodge,1,NULL
2379,is_right_handed,0,NULL
2379,shot_quality,2,NULL
2379,goal_loc_x,0.741909,NULL
2379,goal_loc_y,0.154531,NULL
2380,field_loc_x,0.468674,NULL
2380,field_loc_y,0.389531,NULL
2380,def_scheme,NULL,man
2380,is_transition,0,NULL
2380,is_off_dodge,1,NULL
2380,is_right_handed,1,NULL
2380,shot_quality,3,NULL
2380,goal_loc_x,0.96187,NULL
2380,goal_loc_y,0.164531,NULL
2381,field_loc_x,0.614436,NULL
2381,field_loc_y,0.409531,NULL
2381,def_scheme,NULL,man
2381,is_transition,0,NULL
2381,is_off_dodge,1,NULL
2381,is_right_handed,1,NULL
2381,shot_quality,3,NULL
2381,clean_save,1,NULL
2381,goal_loc_x,0.766349,NULL
2381,goal_loc_y,0.679531,NULL
2382,field_loc_x,0.368463,NULL
2382,field_loc_y,0.574531,NULL
2382,def_scheme,NULL,man
2382,is_transition,0,NULL
2382,is_off_dodge,1,NULL
2382,is_right_handed,0,NULL
2382,shot_quality,3,NULL
2382,goal_loc_x,0.790789,NULL
2382,goal_loc_y,0.844531,NULL
2383,field_loc_x,0.377573,NULL
2383,field_loc_y,0.404531,NULL
2383,def_scheme,NULL,man
2383,is_transition,0,NULL
2383,is_off_dodge,0,NULL
2383,is_right_handed,0,NULL
2383,shot_quality,3,NULL
2383,goal_loc_x,0.88855,NULL
2383,goal_loc_y,0.159531,NULL
2384,field_loc_x,0.565849,NULL
2384,field_loc_y,0.374531,NULL
2384,def_scheme,NULL,man
2384,is_transition,0,NULL
2384,is_off_dodge,1,NULL
2384,is_right_handed,1,NULL
2384,shot_quality,2,NULL
2384,goal_loc_x,0.761461,NULL
2384,goal_loc_y,0.424531,NULL
2385,field_loc_x,0.559775,NULL
2385,field_loc_y,0.724531,NULL
2385,def_scheme,NULL,man
2385,is_transition,0,NULL
2385,is_off_dodge,1,NULL
2385,is_right_handed,0,NULL
2385,shot_quality,1,NULL
2385,goal_loc_x,0.145571,NULL
2385,goal_loc_y,0.159531,NULL
2686,field_loc_x,0.550665,NULL
2686,field_loc_y,0.299531,NULL
2686,def_scheme,NULL,man
2686,is_transition,0,NULL
2686,is_off_dodge,0,NULL
2686,is_right_handed,1,NULL
2686,shot_quality,3,NULL
2686,clean_save,1,NULL
2686,goal_loc_x,0.243332,NULL
2686,goal_loc_y,0.694531,NULL
2687,field_loc_x,0.514225,NULL
2687,field_loc_y,0.379531,NULL
2687,def_scheme,NULL,man
2687,is_transition,0,NULL
2687,is_off_dodge,1,NULL
2687,is_right_handed,0,NULL
2687,shot_quality,2,NULL
2687,clean_save,1,NULL
2687,goal_loc_x,0.707693,NULL
2687,goal_loc_y,0.154531,NULL
2688,field_loc_x,0.584069,NULL
2688,field_loc_y,0.439531,NULL
2688,def_scheme,NULL,man
2688,is_transition,0,NULL
2688,is_off_dodge,0,NULL
2688,is_right_handed,1,NULL
2688,shot_quality,2,NULL
2688,goal_loc_x,0.497508,NULL
2688,goal_loc_y,0.149531,NULL
2689,field_loc_x,0.6114,NULL
2689,field_loc_y,0.409531,NULL
2689,def_scheme,NULL,man
2689,is_transition,0,NULL
2689,is_off_dodge,0,NULL
2689,is_right_handed,0,NULL
2689,shot_quality,2,NULL
2689,goal_loc_x,0.145571,NULL
2689,goal_loc_y,0.824531,NULL
2690,field_loc_x,0.453491,NULL
2690,field_loc_y,0.314531,NULL
2690,goal_loc_x,0.238444,NULL
2690,goal_loc_y,0.619531,NULL
2690,def_scheme,NULL,man
2690,is_transition,0,NULL
2690,is_off_dodge,0,NULL
2690,is_right_handed,1,NULL
2690,shot_quality,3,NULL
2691,field_loc_x,0.347206,NULL
2691,field_loc_y,0.564531,NULL
2691,def_scheme,NULL,zone
2691,is_transition,0,NULL
2691,is_off_dodge,0,NULL
2691,is_right_handed,1,NULL
2691,shot_quality,2,NULL
2691,goal_loc_x,0.834781,NULL
2691,goal_loc_y,0.609531,NULL
2692,field_loc_x,0.556739,NULL
2692,field_loc_y,0.324531,NULL
2692,def_scheme,NULL,zone
2692,is_transition,0,NULL
2692,is_off_dodge,1,NULL
2692,is_right_handed,1,NULL
2692,shot_quality,3,NULL
2692,goal_loc_x,0.712581,NULL
2692,goal_loc_y,0.674531,NULL
2693,def_scheme,NULL,zone
2693,is_transition,0,NULL
2693,is_off_dodge,1,NULL
2693,is_right_handed,0,NULL
2693,shot_quality,2,NULL
2693,clean_save,0,NULL
2693,goal_loc_x,0.702805,NULL
2693,goal_loc_y,0.699531,NULL
2693,field_loc_x,0.596216,NULL
2693,field_loc_y,0.664531,NULL
2694,def_scheme,NULL,zone
2694,is_transition,0,NULL
2694,is_off_dodge,0,NULL
2694,is_right_handed,1,NULL
2694,shot_quality,1,NULL
2694,goal_loc_x,0.257996,NULL
2694,goal_loc_y,0.394531,NULL
2695,field_loc_x,0.492968,NULL
2695,field_loc_y,0.339531,NULL
2695,def_scheme,NULL,zone
2695,is_transition,0,NULL
2695,is_off_dodge,1,NULL
2695,is_right_handed,1,NULL
2695,shot_quality,3,NULL
2695,clean_save,1,NULL
2695,goal_loc_x,0.262884,NULL
2695,goal_loc_y,0.649531,NULL
2696,field_loc_x,0.353279,NULL
2696,field_loc_y,0.489531,NULL
2696,is_transition,1,NULL
2696,is_off_dodge,0,NULL
2696,is_right_handed,1,NULL
2696,shot_quality,3,NULL
2696,goal_loc_x,0.820117,NULL
2696,goal_loc_y,0.804531,NULL
2697,field_loc_x,0.605326,NULL
2697,field_loc_y,0.529531,NULL
2697,is_transition,1,NULL
2697,is_off_dodge,0,NULL
2697,is_right_handed,0,NULL
2697,shot_quality,2,NULL
2697,goal_loc_x,0.194451,NULL
2697,goal_loc_y,0.154531,NULL
2698,field_loc_x,0.520298,NULL
2698,field_loc_y,0.529531,NULL
2698,is_transition,1,NULL
2698,is_off_dodge,1,NULL
2698,is_right_handed,0,NULL
2698,shot_quality,3,NULL
2698,clean_save,0,NULL
2698,goal_loc_x,0.761461,NULL
2698,goal_loc_y,0.489531,NULL
2699,field_loc_x,0.432234,NULL
2699,field_loc_y,0.754531,NULL
2699,is_transition,1,NULL
2699,is_off_dodge,0,NULL
2699,is_right_handed,1,NULL
2699,shot_quality,1,NULL
2699,goal_loc_x,0.658813,NULL
2699,goal_loc_y,0.154531,NULL
2700,field_loc_x,0.486894,NULL
2700,field_loc_y,0.379531,NULL
2700,is_transition,0,NULL
2700,is_off_dodge,0,NULL
2700,is_right_handed,1,NULL
2700,shot_quality,2,NULL
2700,goal_loc_x,0.292212,NULL
2700,goal_loc_y,0.634531,NULL
2701,is_transition,0,NULL
2701,is_off_dodge,0,NULL
2701,is_right_handed,0,NULL
2701,shot_quality,2,NULL
2701,goal_loc_x,0.194451,NULL
2701,goal_loc_y,0.209531,NULL
2702,is_transition,0,NULL
2702,is_off_dodge,0,NULL
2702,is_right_handed,1,NULL
2702,shot_quality,2,NULL
2702,field_loc_x,0.401866,NULL
2702,field_loc_y,0.439531,NULL
2702,goal_loc_x,0.829893,NULL
2702,goal_loc_y,0.134531,NULL
2703,field_loc_x,0.553702,NULL
2703,field_loc_y,0.284531,NULL
2703,is_transition,0,NULL
2703,is_off_dodge,0,NULL
2703,is_right_handed,0,NULL
2703,shot_quality,3,NULL
2703,goal_loc_x,0.859221,NULL
2703,goal_loc_y,0.749531,NULL
2704,field_loc_x,0.447417,NULL
2704,field_loc_y,0.274531,NULL
2704,is_transition,0,NULL
2704,is_off_dodge,0,NULL
2704,is_right_handed,1,NULL
2704,shot_quality,3,NULL
2705,field_loc_x,0.608363,NULL
2705,field_loc_y,0.459531,NULL
2705,is_transition,0,NULL
2705,is_off_dodge,0,NULL
2705,is_right_handed,0,NULL
2705,shot_quality,2,NULL
2705,goal_loc_x,0.854333,NULL
2705,goal_loc_y,0.164531,NULL
2706,is_transition,0,NULL
2706,is_off_dodge,0,NULL
2706,is_right_handed,1,NULL
2706,shot_quality,3,NULL
2706,clean_save,0,NULL
2706,goal_loc_x,0.292212,NULL
2706,goal_loc_y,0.649531,NULL
2707,field_loc_x,0.410977,NULL
2707,field_loc_y,0.269531,NULL
2707,is_transition,0,NULL
2707,is_off_dodge,0,NULL
2707,is_right_handed,1,NULL
2707,shot_quality,3,NULL
2707,goal_loc_x,0.873886,NULL
2707,goal_loc_y,0.134531,NULL
2708,is_transition,1,NULL
2708,is_off_dodge,1,NULL
2708,is_right_handed,0,NULL
2708,shot_quality,1,NULL
2708,field_loc_x,0.574959,NULL
2708,field_loc_y,0.679531,NULL
2708,goal_loc_x,0.766349,NULL
2708,goal_loc_y,0.149531,NULL
2709,field_loc_x,0.593179,NULL
2709,field_loc_y,0.469531,NULL
2709,def_scheme,NULL,man
2709,is_transition,0,NULL
2709,is_off_dodge,0,NULL
2709,is_right_handed,0,NULL
2709,shot_quality,2,NULL
2709,goal_loc_x,0.238444,NULL
2709,goal_loc_y,0.154531,NULL
2710,is_transition,1,NULL
2710,is_off_dodge,1,NULL
2710,is_right_handed,1,NULL
2710,shot_quality,1,NULL
2710,goal_loc_x,0.580605,NULL
2710,goal_loc_y,0.144531,NULL
2711,def_scheme,NULL,man
2711,is_transition,0,NULL
2711,is_off_dodge,1,NULL
2711,is_right_handed,0,NULL
2711,shot_quality,3,NULL
2711,goal_loc_x,0.849445,NULL
2711,goal_loc_y,0.709531,NULL
2712,is_transition,1,NULL
2712,is_off_dodge,0,NULL
2712,is_right_handed,1,NULL
2712,shot_quality,2,NULL
2712,goal_loc_x,0.746797,NULL
2712,goal_loc_y,0.669531,NULL
2713,field_loc_x,0.6114,NULL
2713,field_loc_y,0.614531,NULL
2713,def_scheme,NULL,man
2713,is_transition,0,NULL
2713,is_off_dodge,0,NULL
2713,is_right_handed,0,NULL
2713,shot_quality,2,NULL
2713,clean_save,0,NULL
2713,goal_loc_x,0.771237,NULL
2713,goal_loc_y,0.409531,NULL
2714,field_loc_x,0.541555,NULL
2714,field_loc_y,0.699531,NULL
2714,is_transition,1,NULL
2714,is_off_dodge,0,NULL
2714,is_right_handed,0,NULL
2714,shot_quality,1,NULL
2714,goal_loc_x,0.262884,NULL
2714,goal_loc_y,0.169531,NULL
2715,field_loc_x,0.593179,NULL
2715,field_loc_y,0.669531,NULL
2715,def_scheme,NULL,man
2715,is_transition,0,NULL
2715,is_off_dodge,0,NULL
2715,is_right_handed,1,NULL
2715,shot_quality,2,NULL
2715,goal_loc_x,0.829893,NULL
2715,goal_loc_y,0.524531,NULL
2716,field_loc_x,0.38972,NULL
2716,field_loc_y,0.604531,NULL
2716,def_scheme,NULL,man
2716,is_transition,0,NULL
2716,is_off_dodge,0,NULL
2716,is_right_handed,1,NULL
2716,shot_quality,2,NULL
2716,goal_loc_x,0.839669,NULL
2716,goal_loc_y,0.144531,NULL
2589,field_loc_x,0.420087,NULL
2589,field_loc_y,0.624531,NULL
2589,def_scheme,NULL,man
2589,is_transition,0,NULL
2589,is_off_dodge,0,NULL
2589,is_right_handed,0,NULL
2589,shot_quality,1,NULL
2589,goal_loc_x,0.238444,NULL
2589,goal_loc_y,0.604531,NULL
2590,field_loc_x,0.420087,NULL
2590,field_loc_y,0.359531,NULL
2590,def_scheme,NULL,man
2590,is_transition,0,NULL
2590,is_off_dodge,1,NULL
2590,is_right_handed,0,NULL
2590,shot_quality,2,NULL
2590,goal_loc_x,0.771237,NULL
2590,goal_loc_y,0.619531,NULL
2591,field_loc_x,0.514225,NULL
2591,field_loc_y,0.424531,NULL
2591,def_scheme,NULL,man
2591,is_transition,1,NULL
2591,is_off_dodge,1,NULL
2591,is_right_handed,1,NULL
2591,shot_quality,2,NULL
2591,clean_save,1,NULL
2591,goal_loc_x,0.5415,NULL
2591,goal_loc_y,0.599531,NULL
2592,field_loc_x,0.429197,NULL
2592,field_loc_y,0.629531,NULL
2592,def_scheme,NULL,man
2592,is_transition,1,NULL
2592,is_off_dodge,0,NULL
2592,is_right_handed,1,NULL
2592,shot_quality,1,NULL
2592,clean_save,0,NULL
2592,goal_loc_x,0.355756,NULL
2592,goal_loc_y,0.144531,NULL
2593,field_loc_x,0.593179,NULL
2593,field_loc_y,0.439531,NULL
2593,def_scheme,NULL,man
2593,is_transition,0,NULL
2593,is_off_dodge,1,NULL
2593,is_right_handed,0,NULL
2593,shot_quality,2,NULL
2593,goal_loc_x,0.854333,NULL
2593,goal_loc_y,0.139531,NULL
2594,field_loc_x,0.577996,NULL
2594,field_loc_y,0.609531,NULL
2594,def_scheme,NULL,man
2594,is_transition,0,NULL
2594,is_off_dodge,1,NULL
2594,is_right_handed,0,NULL
2594,shot_quality,1,NULL
2594,clean_save,0,NULL
2594,goal_loc_x,0.556165,NULL
2594,goal_loc_y,0.159531,NULL
2595,field_loc_x,0.6114,NULL
2595,field_loc_y,0.579531,NULL
2595,def_scheme,NULL,man
2595,is_transition,0,NULL
2595,is_off_dodge,0,NULL
2595,is_right_handed,0,NULL
2595,shot_quality,2,NULL
2595,goal_loc_x,0.829893,NULL
2595,goal_loc_y,0.159531,NULL
2596,field_loc_x,0.477784,NULL
2596,field_loc_y,0.484531,NULL
2596,def_scheme,NULL,man
2596,is_transition,0,NULL
2596,is_off_dodge,1,NULL
2596,is_right_handed,1,NULL
2596,shot_quality,2,NULL
2596,clean_save,0,NULL
2596,goal_loc_x,0.463292,NULL
2596,goal_loc_y,0.144531,NULL
2597,field_loc_x,0.42616,NULL
2597,field_loc_y,0.639531,NULL
2597,def_scheme,NULL,man
2597,is_transition,0,NULL
2597,is_right_handed,1,NULL
2597,shot_quality,1,NULL
2597,goal_loc_x,0.771237,NULL
2597,goal_loc_y,0.509531,NULL
2598,field_loc_x,0.43527,NULL
2598,field_loc_y,0.744531,NULL
2598,def_scheme,NULL,man
2598,is_transition,1,NULL
2598,is_off_dodge,0,NULL
2598,is_right_handed,1,NULL
2598,shot_quality,1,NULL
2598,clean_save,0,NULL
2598,goal_loc_x,0.228667,NULL
2598,goal_loc_y,0.474531,NULL
2599,field_loc_x,0.574959,NULL
2599,field_loc_y,0.679531,NULL
2599,def_scheme,NULL,man
2599,is_transition,1,NULL
2599,is_off_dodge,0,NULL
2599,is_right_handed,0,NULL
2599,shot_quality,1,NULL
2599,goal_loc_x,0.497508,NULL
2599,goal_loc_y,0.149531,NULL
2600,field_loc_x,0.380609,NULL
2600,field_loc_y,0.534531,NULL
2600,def_scheme,NULL,man
2600,is_transition,0,NULL
2600,is_off_dodge,1,NULL
2600,is_right_handed,0,NULL
2600,shot_quality,3,NULL
2600,goal_loc_x,0.859221,NULL
2600,goal_loc_y,0.644531,NULL
2601,field_loc_x,0.42616,NULL
2601,field_loc_y,0.729531,NULL
2601,is_transition,0,NULL
2601,is_off_dodge,0,NULL
2601,is_right_handed,1,NULL
2601,shot_quality,1,NULL
2601,goal_loc_x,0.575717,NULL
2601,goal_loc_y,0.704531,NULL
2602,field_loc_x,0.581033,NULL
2602,field_loc_y,0.399531,NULL
2602,is_transition,1,NULL
2602,is_off_dodge,0,NULL
2602,is_right_handed,1,NULL
2602,shot_quality,2,NULL
2602,goal_loc_x,0.140683,NULL
2602,goal_loc_y,0.124531,NULL
2603,field_loc_x,0.526372,NULL
2603,field_loc_y,0.629531,NULL
2603,def_scheme,NULL,man
2603,is_transition,0,NULL
2603,is_off_dodge,0,NULL
2603,is_right_handed,1,NULL
2603,shot_quality,1,NULL
2603,goal_loc_x,0.653925,NULL
2603,goal_loc_y,0.704531,NULL
2604,field_loc_x,0.438307,NULL
2604,field_loc_y,0.709531,NULL
2604,is_transition,1,NULL
2604,is_off_dodge,0,NULL
2604,is_right_handed,1,NULL
2604,shot_quality,1,NULL
2604,clean_save,0,NULL
2604,goal_loc_x,0.448628,NULL
2604,goal_loc_y,0.709531,NULL
2605,field_loc_x,0.514225,NULL
2605,field_loc_y,0.369531,NULL
2605,def_scheme,NULL,man
2605,is_transition,0,NULL
2605,is_off_dodge,1,NULL
2605,is_right_handed,0,NULL
2605,shot_quality,2,NULL
2605,goal_loc_x,0.849445,NULL
2605,goal_loc_y,0.124531,NULL
2606,field_loc_x,0.432234,NULL
2606,field_loc_y,0.384531,NULL
2606,def_scheme,NULL,man
2606,is_transition,0,NULL
2606,is_off_dodge,1,NULL
2606,is_right_handed,1,NULL
2606,shot_quality,3,NULL
2606,goal_loc_x,0.859221,NULL
2606,goal_loc_y,0.119531,NULL
2607,is_transition,1,NULL
2607,is_off_dodge,1,NULL
2607,is_right_handed,1,NULL
2607,shot_quality,3,NULL
2607,goal_loc_x,0.155347,NULL
2607,goal_loc_y,0.139531,NULL
2608,field_loc_x,0.565849,NULL
2608,field_loc_y,0.724531,NULL
2608,def_scheme,NULL,man
2608,is_transition,0,NULL
2608,is_off_dodge,1,NULL
2608,is_right_handed,1,NULL
2608,shot_quality,1,NULL
2608,clean_save,0,NULL
2608,goal_loc_x,0.262884,NULL
2608,goal_loc_y,0.394531,NULL
2609,field_loc_x,0.380609,NULL
2609,field_loc_y,0.389531,NULL
2609,is_transition,0,NULL
2609,is_off_dodge,0,NULL
2609,is_right_handed,1,NULL
2609,shot_quality,2,NULL
2610,field_loc_x,0.599253,NULL
2610,field_loc_y,0.674531,NULL
2610,is_transition,0,NULL
2610,is_off_dodge,0,NULL
2610,is_right_handed,0,NULL
2610,shot_quality,2,NULL
2610,clean_save,0,NULL
2610,goal_loc_x,0.683253,NULL
2610,goal_loc_y,0.149531,NULL
2611,field_loc_x,0.596216,NULL
2611,field_loc_y,0.434531,NULL
2611,def_scheme,NULL,man
2611,is_transition,0,NULL
2611,is_off_dodge,0,NULL
2611,is_right_handed,1,NULL
2611,shot_quality,3,NULL
2611,goal_loc_x,0.155347,NULL
2611,goal_loc_y,0.374531,NULL
2612,field_loc_x,0.565849,NULL
2612,field_loc_y,0.664531,NULL
2612,def_scheme,NULL,man
2612,is_transition,0,NULL
2612,is_off_dodge,0,NULL
2612,is_right_handed,1,NULL
2612,shot_quality,1,NULL
2612,clean_save,0,NULL
2612,goal_loc_x,0.761461,NULL
2612,goal_loc_y,0.454531,NULL
2613,field_loc_x,0.496005,NULL
2613,field_loc_y,0.669531,NULL
2613,def_scheme,NULL,man
2613,is_transition,1,NULL
2613,is_off_dodge,0,NULL
2613,is_right_handed,1,NULL
2613,shot_quality,1,NULL
2613,clean_save,0,NULL
2613,goal_loc_x,0.732133,NULL
2613,goal_loc_y,0.349531,NULL
2614,field_loc_x,0.535482,NULL
2614,field_loc_y,0.404531,NULL
2614,is_transition,1,NULL
2614,is_off_dodge,1,NULL
2614,is_right_handed,1,NULL
2614,shot_quality,2,NULL
2614,clean_save,1,NULL
2614,goal_loc_x,0.722357,NULL
2614,goal_loc_y,0.694531,NULL
2615,field_loc_x,0.432234,NULL
2615,field_loc_y,0.634531,NULL
2615,def_scheme,NULL,man
2615,is_transition,0,NULL
2615,is_off_dodge,1,NULL
2615,is_right_handed,1,NULL
2615,shot_quality,2,NULL
2615,clean_save,0,NULL
2615,goal_loc_x,0.306876,NULL
2615,goal_loc_y,0.149531,NULL
2616,field_loc_x,0.568886,NULL
2616,field_loc_y,0.484531,NULL
2616,is_transition,1,NULL
2616,is_off_dodge,1,NULL
2616,is_right_handed,1,NULL
2616,shot_quality,2,NULL
2616,goal_loc_x,0.121131,NULL
2616,goal_loc_y,0.134531,NULL
2617,field_loc_x,0.514225,NULL
2617,field_loc_y,0.629531,NULL
2617,def_scheme,NULL,man
2617,is_transition,0,NULL
2617,is_off_dodge,1,NULL
2617,is_right_handed,0,NULL
2617,shot_quality,1,NULL
2617,goal_loc_x,0.658813,NULL
2617,goal_loc_y,0.784531,NULL
2618,field_loc_x,0.40794,NULL
2618,field_loc_y,0.414531,NULL
2618,def_scheme,NULL,man
2618,is_transition,0,NULL
2618,is_off_dodge,0,NULL
2618,is_right_handed,0,NULL
2618,shot_quality,3,NULL
2618,goal_loc_x,0.653925,NULL
2618,goal_loc_y,0.744531,NULL
2619,field_loc_x,0.392756,NULL
2619,field_loc_y,0.584531,NULL
2619,is_transition,0,NULL
2619,is_off_dodge,0,NULL
2619,is_right_handed,1,NULL
2619,shot_quality,2,NULL
2619,goal_loc_x,0.751685,NULL
2619,goal_loc_y,0.654531,NULL
2620,field_loc_x,0.480821,NULL
2620,field_loc_y,0.409531,NULL
2620,is_transition,1,NULL
2620,is_off_dodge,1,NULL
2620,is_right_handed,0,NULL
2620,shot_quality,2,NULL
2620,goal_loc_x,0.873886,NULL
2620,goal_loc_y,0.144531,NULL
2621,field_loc_x,0.429197,NULL
2621,field_loc_y,0.529531,NULL
2621,def_scheme,NULL,man
2621,is_transition,0,NULL
2621,is_off_dodge,1,NULL
2621,is_right_handed,1,NULL
2621,shot_quality,2,NULL
2621,goal_loc_x,0.502396,NULL
2621,goal_loc_y,0.699531,NULL
2622,field_loc_x,0.565849,NULL
2622,field_loc_y,0.314531,NULL
2622,def_scheme,NULL,man
2622,is_transition,0,NULL
2622,is_off_dodge,1,NULL
2622,is_right_handed,1,NULL
2622,shot_quality,3,NULL
2622,clean_save,1,NULL
2622,goal_loc_x,0.761461,NULL
2622,goal_loc_y,0.349531,NULL
2623,field_loc_x,0.432234,NULL
2623,field_loc_y,0.529531,NULL
2623,def_scheme,NULL,man
2623,is_transition,0,NULL
2623,is_off_dodge,1,NULL
2623,is_right_handed,1,NULL
2623,shot_quality,2,NULL
2623,goal_loc_x,0.761461,NULL
2623,goal_loc_y,0.799531,NULL
2624,field_loc_x,0.441344,NULL
2624,field_loc_y,0.684531,NULL
2624,def_scheme,NULL,man
2624,is_transition,0,NULL
2624,is_off_dodge,1,NULL
2624,is_right_handed,1,NULL
2624,shot_quality,1,NULL
2624,goal_loc_x,0.546389,NULL
2624,goal_loc_y,0.144531,NULL
2717,field_loc_x,0.438307,NULL
2717,field_loc_y,0.694531,NULL
2717,def_scheme,NULL,man
2717,is_transition,0,NULL
2717,is_off_dodge,0,NULL
2717,is_right_handed,1,NULL
2717,shot_quality,1,NULL
2717,clean_save,0,NULL
2717,goal_loc_x,0.424188,NULL
2717,goal_loc_y,0.689531,NULL
2718,field_loc_x,0.511188,NULL
2718,field_loc_y,0.424531,NULL
2718,is_transition,0,NULL
2718,is_off_dodge,0,NULL
2718,is_right_handed,0,NULL
2718,shot_quality,2,NULL
2718,goal_loc_x,0.761461,NULL
2718,goal_loc_y,0.714531,NULL
2719,goal_loc_x,0.194451,NULL
2719,goal_loc_y,0.704531,NULL
2719,def_scheme,NULL,zone
2719,is_transition,0,NULL
2719,is_off_dodge,1,NULL
2719,is_right_handed,0,NULL
2719,shot_quality,2,NULL
2719,field_loc_x,0.584069,NULL
2719,field_loc_y,0.639531,NULL
2720,field_loc_x,0.42616,NULL
2720,field_loc_y,0.599531,NULL
2720,is_transition,0,NULL
2720,is_off_dodge,0,NULL
2720,is_right_handed,1,NULL
2720,shot_quality,1,NULL
2720,clean_save,1,NULL
2720,goal_loc_x,0.448628,NULL
2720,goal_loc_y,0.664531,NULL
2721,field_loc_x,0.599253,NULL
2721,field_loc_y,0.429531,NULL
2721,def_scheme,NULL,man
2721,is_transition,0,NULL
2721,is_off_dodge,0,NULL
2721,is_right_handed,1,NULL
2721,shot_quality,3,NULL
2721,goal_loc_x,0.355756,NULL
2721,goal_loc_y,0.794531,NULL
2722,field_loc_x,0.511188,NULL
2722,field_loc_y,0.669531,NULL
2722,def_scheme,NULL,man
2722,is_transition,0,NULL
2722,is_off_dodge,0,NULL
2722,is_right_handed,1,NULL
2722,shot_quality,1,NULL
2722,goal_loc_x,0.776125,NULL
2722,goal_loc_y,0.484531,NULL
2723,field_loc_x,0.565849,NULL
2723,field_loc_y,0.719531,NULL
2723,def_scheme,NULL,man
2723,is_transition,0,NULL
2723,is_off_dodge,1,NULL
2723,is_right_handed,1,NULL
2723,shot_quality,1,NULL
2723,goal_loc_x,0.277548,NULL
2723,goal_loc_y,0.694531,NULL
2724,field_loc_x,0.404903,NULL
2724,field_loc_y,0.624531,NULL
2724,def_scheme,NULL,man
2724,is_transition,0,NULL
2724,is_off_dodge,0,NULL
2724,is_right_handed,1,NULL
2724,shot_quality,2,NULL
2724,goal_loc_x,0.839669,NULL
2724,goal_loc_y,0.429531,NULL
2725,field_loc_x,0.577996,NULL
2725,field_loc_y,0.389531,NULL
2725,def_scheme,NULL,man
2725,is_transition,0,NULL
2725,is_off_dodge,1,NULL
2725,is_right_handed,1,NULL
2725,shot_quality,2,NULL
2725,goal_loc_x,0.24822,NULL
2725,goal_loc_y,0.694531,NULL
2726,field_loc_x,0.605326,NULL
2726,field_loc_y,0.434531,NULL
2726,def_scheme,NULL,man
2726,is_transition,0,NULL
2726,is_off_dodge,1,NULL
2726,is_right_handed,1,NULL
2726,shot_quality,3,NULL
2726,goal_loc_x,0.150459,NULL
2726,goal_loc_y,0.674531,NULL
2727,field_loc_x,0.553702,NULL
2727,field_loc_y,0.694531,NULL
2727,def_scheme,NULL,man
2727,is_transition,0,NULL
2727,is_off_dodge,0,NULL
2727,is_right_handed,0,NULL
2727,shot_quality,1,NULL
2727,goal_loc_x,0.751685,NULL
2727,goal_loc_y,0.569531,NULL
2728,field_loc_x,0.574959,NULL
2728,field_loc_y,0.669531,NULL
2728,def_scheme,NULL,man
2728,is_transition,0,NULL
2728,is_off_dodge,0,NULL
2728,is_right_handed,0,NULL
2728,shot_quality,1,NULL
2728,goal_loc_x,0.482844,NULL
2728,goal_loc_y,0.749531,NULL
2729,field_loc_x,0.486894,NULL
2729,field_loc_y,0.344531,NULL
2729,def_scheme,NULL,man
2729,is_transition,0,NULL
2729,is_off_dodge,1,NULL
2729,is_right_handed,1,NULL
2729,shot_quality,3,NULL
2729,goal_loc_x,0.301988,NULL
2729,goal_loc_y,0.664531,NULL
2730,field_loc_x,0.584069,NULL
2730,field_loc_y,0.569531,NULL
2730,def_scheme,NULL,man
2730,is_transition,0,NULL
2730,is_off_dodge,0,NULL
2730,is_right_handed,1,NULL
2730,shot_quality,2,NULL
2730,clean_save,0,NULL
2730,goal_loc_x,0.253108,NULL
2730,goal_loc_y,0.149531,NULL
2731,field_loc_x,0.6114,NULL
2731,field_loc_y,0.544531,NULL
2731,def_scheme,NULL,man
2731,is_transition,0,NULL
2731,is_off_dodge,0,NULL
2731,is_right_handed,0,NULL
2731,shot_quality,2,NULL
2731,goal_loc_x,0.746797,NULL
2731,goal_loc_y,0.664531,NULL
2732,field_loc_x,0.617473,NULL
2732,field_loc_y,0.614531,NULL
2732,def_scheme,NULL,man
2732,is_transition,0,NULL
2732,is_off_dodge,1,NULL
2732,is_right_handed,0,NULL
2732,shot_quality,2,NULL
2732,goal_loc_x,0.165123,NULL
2732,goal_loc_y,0.619531,NULL
2733,field_loc_x,0.423123,NULL
2733,field_loc_y,0.734531,NULL
2733,def_scheme,NULL,man
2733,is_transition,0,NULL
2733,is_off_dodge,1,NULL
2733,is_right_handed,1,NULL
2733,shot_quality,1,NULL
2733,clean_save,0,NULL
2733,goal_loc_x,0.287324,NULL
2733,goal_loc_y,0.144531,NULL
2734,field_loc_x,0.371499,NULL
2734,field_loc_y,0.469531,NULL
2734,def_scheme,NULL,man
2734,is_transition,0,NULL
2734,is_off_dodge,1,NULL
2734,is_right_handed,0,NULL
2734,shot_quality,3,NULL
2734,goal_loc_x,0.781013,NULL
2734,goal_loc_y,0.854531,NULL
2735,field_loc_x,0.44438,NULL
2735,field_loc_y,0.464531,NULL
2735,def_scheme,NULL,man
2735,is_transition,0,NULL
2735,goal_loc_x,0.116243,NULL
2735,goal_loc_y,0.154531,NULL
2735,is_off_dodge,0,NULL
2735,is_right_handed,1,NULL
2735,shot_quality,2,NULL
2736,field_loc_x,0.423123,NULL
2736,field_loc_y,0.274531,NULL
2736,def_scheme,NULL,man
2736,is_transition,0,NULL
2736,is_off_dodge,0,NULL
2736,is_right_handed,1,NULL
2736,shot_quality,3,NULL
2736,clean_save,1,NULL
2736,goal_loc_x,0.223779,NULL
2736,goal_loc_y,0.529531,NULL
2737,field_loc_x,0.565849,NULL
2737,field_loc_y,0.719531,NULL
2737,def_scheme,NULL,man
2737,is_transition,0,NULL
2737,is_off_dodge,0,NULL
2737,is_right_handed,0,NULL
2737,shot_quality,1,NULL
2737,goal_loc_x,0.771237,NULL
2737,goal_loc_y,0.609531,NULL
2738,field_loc_x,0.404903,NULL
2738,field_loc_y,0.454531,NULL
2738,def_scheme,NULL,man
2738,is_transition,0,NULL
2738,is_off_dodge,0,NULL
2738,is_right_handed,1,NULL
2738,shot_quality,2,NULL
2738,goal_loc_x,0.189563,NULL
2738,goal_loc_y,0.294531,NULL
2739,field_loc_x,0.471711,NULL
2739,field_loc_y,0.439531,NULL
2739,def_scheme,NULL,man
2739,is_transition,0,NULL
2739,is_off_dodge,1,NULL
2739,is_right_handed,0,NULL
2739,shot_quality,2,NULL
2739,goal_loc_x,0.741909,NULL
2739,goal_loc_y,0.634531,NULL
2740,field_loc_x,0.532445,NULL
2740,field_loc_y,0.324531,NULL
2740,def_scheme,NULL,man
2740,is_transition,0,NULL
2740,is_off_dodge,1,NULL
2740,is_right_handed,1,NULL
2740,shot_quality,3,NULL
2740,goal_loc_x,0.126019,NULL
2740,goal_loc_y,0.154531,NULL
2741,field_loc_x,0.432234,NULL
2741,field_loc_y,0.689531,NULL
2741,def_scheme,NULL,man
2741,is_transition,0,NULL
2741,is_off_dodge,1,NULL
2741,is_right_handed,1,NULL
2741,shot_quality,2,NULL
2741,goal_loc_x,0.825005,NULL
2741,goal_loc_y,0.809531,NULL
2742,field_loc_x,0.581033,NULL
2742,field_loc_y,0.409531,NULL
2742,def_scheme,NULL,man
2742,is_transition,0,NULL
2742,is_off_dodge,0,NULL
2742,is_right_handed,0,NULL
2742,shot_quality,2,NULL
2742,goal_loc_x,0.761461,NULL
2742,goal_loc_y,0.684531,NULL
2743,field_loc_x,0.429197,NULL
2743,field_loc_y,0.669531,NULL
2743,def_scheme,NULL,man
2743,is_transition,0,NULL
2743,is_off_dodge,1,NULL
2743,is_right_handed,1,NULL
2743,shot_quality,1,NULL
2743,clean_save,0,NULL
2743,goal_loc_x,0.238444,NULL
2743,goal_loc_y,0.644531,NULL
2744,field_loc_x,0.596216,NULL
2744,field_loc_y,0.374531,NULL
2744,def_scheme,NULL,man
2744,is_transition,0,NULL
2744,is_off_dodge,0,NULL
2744,is_right_handed,1,NULL
2744,shot_quality,3,NULL
2744,goal_loc_x,0.165123,NULL
2744,goal_loc_y,0.559531,NULL
2745,field_loc_x,0.590143,NULL
2745,field_loc_y,0.474531,NULL
2745,def_scheme,NULL,man
2745,is_transition,0,NULL
2745,is_off_dodge,1,NULL
2745,is_right_handed,1,NULL
2745,shot_quality,3,NULL
2745,goal_loc_x,0.463292,NULL
2745,goal_loc_y,0.804531,NULL
2746,field_loc_x,0.577996,NULL
2746,field_loc_y,0.754531,NULL
2746,is_transition,0,NULL
2746,is_off_dodge,0,NULL
2746,is_right_handed,0,NULL
2746,shot_quality,3,NULL
2746,clean_save,1,NULL
2746,goal_loc_x,0.502396,NULL
2746,goal_loc_y,0.709531,NULL
2747,field_loc_x,0.565849,NULL
2747,field_loc_y,0.734531,NULL
2747,is_transition,1,NULL
2747,is_off_dodge,0,NULL
2747,is_right_handed,0,NULL
2747,shot_quality,1,NULL
2747,goal_loc_x,0.693029,NULL
2747,goal_loc_y,0.149531,NULL
2748,is_transition,1,NULL
2748,is_off_dodge,1,NULL
2748,is_right_handed,1,NULL
2748,shot_quality,2,NULL
2748,field_loc_x,0.410977,NULL
2748,field_loc_y,0.649531,NULL
2748,goal_loc_x,0.746797,NULL
2748,goal_loc_y,0.154531,NULL
2749,field_loc_x,0.41705,NULL
2749,field_loc_y,0.454531,NULL
2749,def_scheme,NULL,man
2749,is_off_dodge,0,NULL
2749,is_right_handed,1,NULL
2749,shot_quality,2,NULL
2750,field_loc_x,0.556739,NULL
2750,field_loc_y,0.429531,NULL
2750,is_transition,1,NULL
2750,is_off_dodge,1,NULL
2750,is_right_handed,1,NULL
2750,shot_quality,2,NULL
2750,goal_loc_x,0.24822,NULL
2750,goal_loc_y,0.664531,NULL
2751,field_loc_x,0.410977,NULL
2751,field_loc_y,0.714531,NULL
2751,def_scheme,NULL,man
2751,is_transition,0,NULL
2751,is_off_dodge,0,NULL
2751,is_right_handed,1,NULL
2751,shot_quality,3,NULL
2751,goal_loc_x,0.86411,NULL
2751,goal_loc_y,0.829531,NULL
2752,field_loc_x,0.42616,NULL
2752,field_loc_y,0.719531,NULL
2752,is_transition,1,NULL
2752,is_off_dodge,1,NULL
2752,is_right_handed,1,NULL
2752,shot_quality,1,NULL
2752,clean_save,0,NULL
2752,goal_loc_x,0.477956,NULL
2752,goal_loc_y,0.149531,NULL
2753,field_loc_x,0.574959,NULL
2753,field_loc_y,0.414531,NULL
2753,def_scheme,NULL,man
2753,is_transition,0,NULL
2753,is_off_dodge,0,NULL
2753,is_right_handed,1,NULL
2753,shot_quality,2,NULL
2753,goal_loc_x,0.800565,NULL
2753,goal_loc_y,0.584531,NULL
2754,field_loc_x,0.392756,NULL
2754,field_loc_y,0.619531,NULL
2754,def_scheme,NULL,man
2754,is_transition,0,NULL
2754,is_off_dodge,0,NULL
2754,is_right_handed,1,NULL
2754,shot_quality,2,NULL
2755,goal_loc_x,0.223779,NULL
2755,goal_loc_y,0.574531,NULL
2756,field_loc_x,0.499041,NULL
2756,field_loc_y,0.599531,NULL
2756,def_scheme,NULL,man
2756,is_transition,0,NULL
2756,is_off_dodge,0,NULL
2756,is_right_handed,0,NULL
2756,shot_quality,1,NULL
2756,clean_save,0,NULL
2756,goal_loc_x,0.5415,NULL
2756,goal_loc_y,0.149531,NULL
2757,field_loc_x,0.362389,NULL
2757,field_loc_y,0.489531,NULL
2757,def_scheme,NULL,man
2757,is_transition,0,NULL
2757,is_off_dodge,0,NULL
2757,is_right_handed,1,NULL
2757,shot_quality,2,NULL
2757,goal_loc_x,0.130907,NULL
2757,goal_loc_y,0.344531,NULL
2758,field_loc_x,0.40794,NULL
2758,field_loc_y,0.499531,NULL
2758,def_scheme,NULL,man
2758,is_transition,0,NULL
2758,is_off_dodge,1,NULL
2758,is_right_handed,0,NULL
2758,shot_quality,3,NULL
2758,clean_save,0,NULL
2758,goal_loc_x,0.751685,NULL
2758,goal_loc_y,0.144531,NULL
2759,field_loc_x,0.574959,NULL
2759,field_loc_y,0.629531,NULL
2759,def_scheme,NULL,man
2759,is_transition,0,NULL
2759,is_off_dodge,0,NULL
2759,is_right_handed,1,NULL
2759,shot_quality,2,NULL
2759,clean_save,1,NULL
2759,goal_loc_x,0.253108,NULL
2759,goal_loc_y,0.464531,NULL
2760,field_loc_x,0.571922,NULL
2760,field_loc_y,0.724531,NULL
2760,is_transition,1,NULL
2760,is_off_dodge,0,NULL
2760,is_right_handed,0,NULL
2760,shot_quality,1,NULL
2760,goal_loc_x,0.551277,NULL
2760,goal_loc_y,0.699531,NULL
2761,field_loc_x,0.666061,NULL
2761,field_loc_y,0.449531,NULL
2761,is_transition,1,NULL
2761,is_off_dodge,0,NULL
2761,is_right_handed,0,NULL
2761,shot_quality,3,NULL
2761,goal_loc_x,0.473068,NULL
2761,goal_loc_y,0.714531,NULL
3493,field_loc_x,0.395793,NULL
3493,field_loc_y,0.599531,NULL
3493,def_scheme,NULL,zone
3493,is_transition,0,NULL
3493,is_off_dodge,0,NULL
3493,is_right_handed,1,NULL
3493,shot_quality,1,NULL
3493,goal_loc_x,0.512172,NULL
3493,goal_loc_y,0.699531,NULL
3494,field_loc_x,0.410977,NULL
3494,field_loc_y,0.699531,NULL
3494,def_scheme,NULL,man
3494,is_transition,0,NULL
3494,is_off_dodge,1,NULL
3494,is_right_handed,1,NULL
3494,shot_quality,1,NULL
3494,goal_loc_x,0.561053,NULL
3494,goal_loc_y,0.699531,NULL
3495,field_loc_x,0.44438,NULL
3495,field_loc_y,0.599531,NULL
3495,def_scheme,NULL,zone
3495,is_transition,0,NULL
3495,is_off_dodge,0,NULL
3495,is_right_handed,0,NULL
3495,shot_quality,1,NULL
3495,clean_save,0,NULL
3495,goal_loc_x,0.741909,NULL
3495,goal_loc_y,0.594531,NULL
3496,field_loc_x,0.392756,NULL
3496,field_loc_y,0.599531,NULL
3496,def_scheme,NULL,zone
3496,is_transition,0,NULL
3496,is_off_dodge,0,NULL
3496,is_right_handed,1,NULL
3496,shot_quality,2,NULL
3496,goal_loc_x,0.859221,NULL
3496,goal_loc_y,0.814531,NULL
3497,field_loc_x,0.584069,NULL
3497,field_loc_y,0.374531,NULL
3497,def_scheme,NULL,zone
3497,is_transition,0,NULL
3497,is_off_dodge,0,NULL
3497,is_right_handed,0,NULL
3497,shot_quality,2,NULL
3497,goal_loc_x,0.908102,NULL
3497,goal_loc_y,0.489531,NULL
3498,field_loc_x,0.538518,NULL
3498,field_loc_y,0.604531,NULL
3498,def_scheme,NULL,zone
3498,is_transition,0,NULL
3498,is_off_dodge,0,NULL
3498,is_right_handed,0,NULL
3498,shot_quality,1,NULL
3498,clean_save,0,NULL
3498,goal_loc_x,0.737021,NULL
3498,goal_loc_y,0.664531,NULL
3499,field_loc_x,0.459564,NULL
3499,field_loc_y,0.579531,NULL
3499,def_scheme,NULL,man
3499,is_transition,0,NULL
3499,is_off_dodge,0,NULL
3499,is_right_handed,1,NULL
3499,shot_quality,2,NULL
3499,goal_loc_x,0.121131,NULL
3499,goal_loc_y,0.159531,NULL
3500,field_loc_x,0.450454,NULL
3500,field_loc_y,0.399531,NULL
3500,def_scheme,NULL,man
3500,is_transition,0,NULL
3500,is_off_dodge,1,NULL
3500,is_right_handed,0,NULL
3500,shot_quality,2,NULL
3500,clean_save,0,NULL
3500,goal_loc_x,0.741909,NULL
3500,goal_loc_y,0.374531,NULL
3501,field_loc_x,0.43527,NULL
3501,field_loc_y,0.554531,NULL
3501,def_scheme,NULL,zone
3501,is_transition,0,NULL
3501,is_off_dodge,1,NULL
3501,is_right_handed,0,NULL
3501,shot_quality,2,NULL
3501,clean_save,1,NULL
3501,goal_loc_x,0.32154,NULL
3501,goal_loc_y,0.604531,NULL
3502,field_loc_x,0.520298,NULL
3502,field_loc_y,0.339531,NULL
3502,def_scheme,NULL,zone
3502,is_transition,0,NULL
3502,is_off_dodge,0,NULL
3502,is_right_handed,0,NULL
3502,shot_quality,3,NULL
3502,goal_loc_x,0.859221,NULL
3502,goal_loc_y,0.594531,NULL
3508,field_loc_x,0.359352,NULL
3508,field_loc_y,0.519531,NULL
3508,def_scheme,NULL,zone
3508,is_transition,0,NULL
3508,is_off_dodge,0,NULL
3508,is_right_handed,1,NULL
3508,shot_quality,2,NULL
3508,goal_loc_x,0.551277,NULL
3508,goal_loc_y,0.824531,NULL
3509,field_loc_x,0.42616,NULL
3509,field_loc_y,0.419531,NULL
3509,def_scheme,NULL,zone
3509,is_transition,0,NULL
3509,is_off_dodge,0,NULL
3509,is_right_handed,0,NULL
3509,shot_quality,2,NULL
3509,goal_loc_x,0.805453,NULL
3509,goal_loc_y,0.839531,NULL
3510,field_loc_x,0.502078,NULL
3510,field_loc_y,0.654531,NULL
3510,def_scheme,NULL,man
3510,is_transition,0,NULL
3510,is_off_dodge,0,NULL
3510,is_right_handed,1,NULL
3510,shot_quality,1,NULL
3510,clean_save,0,NULL
3510,goal_loc_x,0.477956,NULL
3510,goal_loc_y,0.664531,NULL
3511,field_loc_x,0.514225,NULL
3511,field_loc_y,0.409531,NULL
3511,def_scheme,NULL,man
3511,is_transition,0,NULL
3511,is_off_dodge,1,NULL
3511,is_right_handed,0,NULL
3511,shot_quality,2,NULL
3511,goal_loc_x,0.766349,NULL
3511,goal_loc_y,0.144531,NULL
3512,field_loc_x,0.587106,NULL
3512,field_loc_y,0.679531,NULL
3512,def_scheme,NULL,man
3512,is_transition,0,NULL
3512,is_off_dodge,0,NULL
3512,is_right_handed,0,NULL
3512,shot_quality,2,NULL
3512,goal_loc_x,0.165123,NULL
3512,goal_loc_y,0.859531,NULL
3513,field_loc_x,0.40794,NULL
3513,field_loc_y,0.599531,NULL
3513,def_scheme,NULL,man
3513,is_transition,0,NULL
3513,is_off_dodge,0,NULL
3513,is_right_handed,1,NULL
3513,shot_quality,1,NULL
3513,clean_save,0,NULL
3513,goal_loc_x,0.336204,NULL
3513,goal_loc_y,0.379531,NULL
3514,field_loc_x,0.562812,NULL
3514,field_loc_y,0.424531,NULL
3514,def_scheme,NULL,man
3514,is_transition,0,NULL
3514,is_off_dodge,1,NULL
3514,is_right_handed,1,NULL
3514,shot_quality,2,NULL
3514,goal_loc_x,0.859221,NULL
3514,goal_loc_y,0.714531,NULL
3515,field_loc_x,0.641767,NULL
3515,field_loc_y,0.564531,NULL
3515,def_scheme,NULL,man
3515,is_transition,0,NULL
3515,is_off_dodge,0,NULL
3515,is_right_handed,0,NULL
3515,shot_quality,2,NULL
3515,goal_loc_x,0.106467,NULL
3515,goal_loc_y,0.539531,NULL
3516,field_loc_x,0.386683,NULL
3516,field_loc_y,0.554531,NULL
3516,def_scheme,NULL,man
3516,is_transition,0,NULL
3516,is_off_dodge,0,NULL
3516,is_right_handed,1,NULL
3516,shot_quality,2,NULL
3516,clean_save,0,NULL
3516,goal_loc_x,0.463292,NULL
3516,goal_loc_y,0.419531,NULL
3517,field_loc_x,0.574959,NULL
3517,field_loc_y,0.739531,NULL
3517,def_scheme,NULL,man
3517,is_transition,0,NULL
3517,is_off_dodge,1,NULL
3517,is_right_handed,0,NULL
3517,shot_quality,3,NULL
3517,goal_loc_x,0.917878,NULL
3517,goal_loc_y,0.324531,NULL
3518,field_loc_x,0.43527,NULL
3518,field_loc_y,0.699531,NULL
3518,def_scheme,NULL,zone
3518,is_transition,0,NULL
3518,is_off_dodge,0,NULL
3518,is_right_handed,0,NULL
3518,shot_quality,1,NULL
3518,clean_save,0,NULL
3518,goal_loc_x,0.673477,NULL
3518,goal_loc_y,0.689531,NULL
3519,field_loc_x,0.459564,NULL
3519,field_loc_y,0.294531,NULL
3519,def_scheme,NULL,zone
3519,is_transition,0,NULL
3519,is_off_dodge,1,NULL
3519,is_right_handed,1,NULL
3519,shot_quality,3,NULL
3519,clean_save,0,NULL
3519,goal_loc_x,0.766349,NULL
3519,goal_loc_y,0.424531,NULL
3520,field_loc_x,0.587106,NULL
3520,field_loc_y,0.379531,NULL
3520,def_scheme,NULL,man
3520,is_transition,0,NULL
3520,is_off_dodge,0,NULL
3520,is_right_handed,0,NULL
3520,shot_quality,2,NULL
3521,field_loc_x,0.511188,NULL
3521,field_loc_y,0.659531,NULL
3521,is_transition,1,NULL
3521,is_off_dodge,0,NULL
3521,is_right_handed,1,NULL
3521,shot_quality,1,NULL
3521,clean_save,0,NULL
3521,goal_loc_x,0.565941,NULL
3521,goal_loc_y,0.649531,NULL
3522,field_loc_x,0.344169,NULL
3522,field_loc_y,0.454531,NULL
3522,def_scheme,NULL,zone
3522,is_transition,0,NULL
3522,is_off_dodge,0,NULL
3522,is_right_handed,1,NULL
3522,shot_quality,2,NULL
3522,clean_save,0,NULL
3522,goal_loc_x,0.257996,NULL
3522,goal_loc_y,0.644531,NULL
3523,field_loc_x,0.508151,NULL
3523,field_loc_y,0.424531,NULL
3523,is_transition,1,NULL
3523,is_off_dodge,1,NULL
3523,is_right_handed,0,NULL
3523,shot_quality,2,NULL
3523,goal_loc_x,0.24822,NULL
3523,goal_loc_y,0.704531,NULL
3524,field_loc_x,0.571922,NULL
3524,field_loc_y,0.274531,NULL
3524,def_scheme,NULL,zone
3524,is_transition,0,NULL
3524,is_off_dodge,0,NULL
3524,is_right_handed,1,NULL
3524,shot_quality,3,NULL
3524,goal_loc_x,0.473068,NULL
3524,goal_loc_y,0.679531,NULL
3525,field_loc_x,0.374536,NULL
3525,field_loc_y,0.609531,NULL
3525,def_scheme,NULL,zone
3525,is_transition,0,NULL
3525,is_off_dodge,0,NULL
3525,is_right_handed,1,NULL
3525,shot_quality,2,NULL
3525,goal_loc_x,0.766349,NULL
3525,goal_loc_y,0.189531,NULL
3526,field_loc_x,0.41705,NULL
3526,field_loc_y,0.369531,NULL
3526,def_scheme,NULL,zone
3526,is_transition,0,NULL
3526,is_off_dodge,0,NULL
3526,is_right_handed,1,NULL
3526,shot_quality,3,NULL
3526,goal_loc_x,0.135795,NULL
3526,goal_loc_y,0.339531,NULL
3527,field_loc_x,0.574959,NULL
3527,field_loc_y,0.719531,NULL
3527,def_scheme,NULL,man
3527,is_transition,0,NULL
3527,is_off_dodge,1,NULL
3527,is_right_handed,0,NULL
3527,shot_quality,1,NULL
3527,clean_save,0,NULL
3527,goal_loc_x,0.477956,NULL
3527,goal_loc_y,0.149531,NULL
3528,field_loc_x,0.544592,NULL
3528,field_loc_y,0.569531,NULL
3528,def_scheme,NULL,man
3528,is_transition,0,NULL
3528,is_off_dodge,0,NULL
3528,is_right_handed,1,NULL
3528,shot_quality,2,NULL
3528,clean_save,0,NULL
3528,goal_loc_x,0.51706,NULL
3528,goal_loc_y,0.659531,NULL
3529,field_loc_x,0.653914,NULL
3529,field_loc_y,0.594531,NULL
3529,def_scheme,NULL,man
3529,is_transition,0,NULL
3529,is_off_dodge,1,NULL
3529,is_right_handed,0,NULL
3529,shot_quality,3,NULL
3529,goal_loc_x,0.849445,NULL
3529,goal_loc_y,0.174531,NULL
3530,field_loc_x,0.584069,NULL
3530,field_loc_y,0.624531,NULL
3530,def_scheme,NULL,man
3530,is_transition,0,NULL
3530,is_off_dodge,1,NULL
3530,is_right_handed,0,NULL
3530,shot_quality,1,NULL
3530,goal_loc_x,0.238444,NULL
3530,goal_loc_y,0.579531,NULL
3531,field_loc_x,0.544592,NULL
3531,field_loc_y,0.314531,NULL
3531,is_transition,1,NULL
3531,is_off_dodge,1,NULL
3531,is_right_handed,1,NULL
3531,shot_quality,3,NULL
3531,goal_loc_x,0.629485,NULL
3531,goal_loc_y,0.829531,NULL
3532,field_loc_x,0.562812,NULL
3532,field_loc_y,0.679531,NULL
3532,def_scheme,NULL,man
3532,is_transition,0,NULL
3532,is_off_dodge,1,NULL
3532,is_right_handed,0,NULL
3532,shot_quality,1,NULL
3532,goal_loc_x,0.693029,NULL
3532,goal_loc_y,0.619531,NULL
3533,field_loc_x,0.401866,NULL
3533,field_loc_y,0.389531,NULL
3533,def_scheme,NULL,man
3533,is_transition,0,NULL
3533,is_off_dodge,1,NULL
3533,is_right_handed,0,NULL
3533,shot_quality,3,NULL
3533,goal_loc_x,0.883662,NULL
3533,goal_loc_y,0.874531,NULL
3534,field_loc_x,0.441344,NULL
3534,field_loc_y,0.459531,NULL
3534,def_scheme,NULL,man
3534,is_transition,0,NULL
3534,is_off_dodge,1,NULL
3534,is_right_handed,1,NULL
3534,shot_quality,2,NULL
3534,goal_loc_x,0.238444,NULL
3534,goal_loc_y,0.459531,NULL
3535,field_loc_x,0.359352,NULL
3535,field_loc_y,0.579531,NULL
3535,def_scheme,NULL,man
3535,is_transition,0,NULL
3535,is_off_dodge,1,NULL
3535,is_right_handed,0,NULL
3535,shot_quality,2,NULL
3535,goal_loc_x,0.903214,NULL
3535,goal_loc_y,0.684531,NULL
3536,field_loc_x,0.562812,NULL
3536,field_loc_y,0.699531,NULL
3536,def_scheme,NULL,man
3536,is_transition,0,NULL
3536,is_off_dodge,1,NULL
3536,is_right_handed,0,NULL
3536,shot_quality,1,NULL
3536,goal_loc_x,0.228667,NULL
3536,goal_loc_y,0.714531,NULL
3537,field_loc_x,0.550665,NULL
3537,field_loc_y,0.299531,NULL
3537,def_scheme,NULL,man
3537,is_transition,0,NULL
3537,is_off_dodge,1,NULL
3537,is_right_handed,1,NULL
3537,shot_quality,3,NULL
3537,goal_loc_x,0.717469,NULL
3537,goal_loc_y,0.674531,NULL
3538,field_loc_x,0.465637,NULL
3538,field_loc_y,0.529531,NULL
3538,def_scheme,NULL,zone
3538,is_transition,0,NULL
3538,is_off_dodge,0,NULL
3538,is_right_handed,1,NULL
3538,shot_quality,2,NULL
3538,goal_loc_x,0.27266,NULL
3538,goal_loc_y,0.209531,NULL
5094,field_loc_x,0.456551,NULL
5094,field_loc_y,0.411563,NULL
5094,is_transition,1,NULL
5094,is_off_dodge,1,NULL
5094,is_right_handed,1,NULL
5094,def_scheme,NULL,man
5094,shot_quality,2,NULL
5094,goal_loc_x,0.199416,NULL
5094,goal_loc_y,0.181562,NULL
5095,field_loc_x,0.541579,NULL
5095,field_loc_y,0.636563,NULL
5095,def_scheme,NULL,man
5095,is_transition,1,NULL
5095,is_off_dodge,1,NULL
5095,is_right_handed,0,NULL
5095,shot_quality,1,NULL
5095,clean_save,1,NULL
5095,goal_loc_x,0.551353,NULL
5095,goal_loc_y,0.666562,NULL
5096,field_loc_x,0.559799,NULL
5096,field_loc_y,0.686562,NULL
5096,def_scheme,NULL,man
5096,is_transition,0,NULL
5096,is_off_dodge,1,NULL
5096,is_right_handed,0,NULL
5096,shot_quality,1,NULL
5096,goal_loc_x,0.737097,NULL
5096,goal_loc_y,0.661563,NULL
5097,field_loc_x,0.593203,NULL
5097,field_loc_y,0.296562,NULL
5097,def_scheme,NULL,man
5097,is_transition,1,NULL
5097,is_off_dodge,0,NULL
5097,is_right_handed,1,NULL
5097,shot_quality,3,NULL
5097,goal_loc_x,0.126096,NULL
5097,goal_loc_y,0.136562,NULL
5098,field_loc_x,0.58713,NULL
5098,field_loc_y,0.661563,NULL
5098,def_scheme,NULL,man
5098,is_transition,0,NULL
5098,is_off_dodge,0,NULL
5098,is_right_handed,0,NULL
5098,shot_quality,2,NULL
5098,goal_loc_x,0.272736,NULL
5098,goal_loc_y,0.151562,NULL
5099,field_loc_x,0.417074,NULL
5099,field_loc_y,0.691562,NULL
5099,def_scheme,NULL,man
5099,is_transition,1,NULL
5099,is_off_dodge,0,NULL
5099,is_right_handed,1,NULL
5099,shot_quality,2,NULL
5099,clean_save,0,NULL
5099,goal_loc_x,0.2874,NULL
5099,goal_loc_y,0.681562,NULL
5100,field_loc_x,0.39278,NULL
5100,field_loc_y,0.456562,NULL
5100,def_scheme,NULL,zone
5100,is_transition,0,NULL
5100,is_off_dodge,0,NULL
5100,is_right_handed,1,NULL
5100,shot_quality,2,NULL
5100,clean_save,0,NULL
5100,goal_loc_x,0.727321,NULL
5100,goal_loc_y,0.176563,NULL
5101,field_loc_x,0.568909,NULL
5101,field_loc_y,0.536563,NULL
5101,def_scheme,NULL,man
5101,is_transition,1,NULL
5101,is_off_dodge,1,NULL
5101,is_right_handed,1,NULL
5101,shot_quality,1,NULL
5101,clean_save,0,NULL
5101,goal_loc_x,0.551353,NULL
5101,goal_loc_y,0.151562,NULL
5102,field_loc_x,0.492991,NULL
5102,field_loc_y,0.591563,NULL
5102,def_scheme,NULL,man
5102,is_transition,1,NULL
5102,is_off_dodge,0,NULL
5102,is_right_handed,1,NULL
5102,shot_quality,1,NULL
5102,goal_loc_x,0.761537,NULL
5102,goal_loc_y,0.141563,NULL
5103,field_loc_x,0.389743,NULL
5103,field_loc_y,0.411563,NULL
5103,def_scheme,NULL,man
5103,is_transition,1,NULL
5103,is_off_dodge,0,NULL
5103,is_right_handed,1,NULL
5103,shot_quality,2,NULL
5103,goal_loc_x,0.859298,NULL
5103,goal_loc_y,0.816562,NULL
5104,field_loc_x,0.593203,NULL
5104,field_loc_y,0.656563,NULL
5104,def_scheme,NULL,man
5104,is_transition,0,NULL
5104,is_off_dodge,1,NULL
5104,is_right_handed,0,NULL
5104,shot_quality,2,NULL
5104,goal_loc_x,0.0918794,NULL
5104,goal_loc_y,0.761563,NULL
5105,field_loc_x,0.574983,NULL
5105,field_loc_y,0.556562,NULL
5105,def_scheme,NULL,man
5105,is_transition,0,NULL
5105,is_off_dodge,0,NULL
5105,is_right_handed,1,NULL
5105,shot_quality,2,NULL
5105,clean_save,0,NULL
5105,goal_loc_x,0.531801,NULL
5105,goal_loc_y,0.671562,NULL
5106,field_loc_x,0.571946,NULL
5106,field_loc_y,0.696563,NULL
5106,def_scheme,NULL,man
5106,is_transition,0,NULL
5106,is_off_dodge,0,NULL
5106,is_right_handed,0,NULL
5106,shot_quality,1,NULL
5106,goal_loc_x,0.26296,NULL
5106,goal_loc_y,0.696563,NULL
5107,field_loc_x,0.471734,NULL
5107,field_loc_y,0.631562,NULL
5107,def_scheme,NULL,man
5107,is_transition,1,NULL
5107,is_off_dodge,0,NULL
5107,is_right_handed,0,NULL
5107,shot_quality,1,NULL
5107,goal_loc_x,0.795754,NULL
5107,goal_loc_y,0.161563,NULL
5108,field_loc_x,0.450477,NULL
5108,field_loc_y,0.681562,NULL
5108,def_scheme,NULL,man
5108,is_transition,1,NULL
5108,is_off_dodge,1,NULL
5108,is_right_handed,1,NULL
5108,shot_quality,1,NULL
5108,goal_loc_x,0.727321,NULL
5108,goal_loc_y,0.176563,NULL
5109,field_loc_x,0.556762,NULL
5109,field_loc_y,0.646563,NULL
5109,def_scheme,NULL,man
5109,is_transition,0,NULL
5109,is_off_dodge,0,NULL
5109,is_right_handed,1,NULL
5109,shot_quality,1,NULL
5109,goal_loc_x,0.658889,NULL
5109,goal_loc_y,0.671562,NULL
5110,field_loc_x,0.58713,NULL
5110,field_loc_y,0.666562,NULL
5110,def_scheme,NULL,man
5110,is_transition,0,NULL
5110,is_off_dodge,0,NULL
5110,is_right_handed,0,NULL
5110,shot_quality,1,NULL
5110,goal_loc_x,0.800642,NULL
5110,goal_loc_y,0.321562,NULL
5111,field_loc_x,0.407963,NULL
5111,field_loc_y,0.611562,NULL
5111,def_scheme,NULL,man
5111,is_transition,1,NULL
5111,is_off_dodge,0,NULL
5111,is_right_handed,1,NULL
5111,shot_quality,2,NULL
5111,goal_loc_x,0.87885,NULL
5111,goal_loc_y,0.811562,NULL
5112,field_loc_x,0.526395,NULL
5112,field_loc_y,0.436563,NULL
5112,def_scheme,NULL,man
5112,is_transition,1,NULL
5112,is_off_dodge,0,NULL
5112,is_right_handed,1,NULL
5112,shot_quality,2,NULL
5112,goal_loc_x,0.80553,NULL
5112,goal_loc_y,0.166562,NULL
5113,field_loc_x,0.620533,NULL
5113,field_loc_y,0.541562,NULL
5113,def_scheme,NULL,man
5113,is_transition,1,NULL
5113,is_off_dodge,0,NULL
5113,is_right_handed,0,NULL
5113,shot_quality,2,NULL
5114,field_loc_x,0.432257,NULL
5114,field_loc_y,0.326562,NULL
5114,def_scheme,NULL,man
5114,is_transition,1,NULL
5114,is_off_dodge,1,NULL
5114,is_right_handed,1,NULL
5114,shot_quality,3,NULL
5114,clean_save,1,NULL
5114,goal_loc_x,0.233632,NULL
5114,goal_loc_y,0.671562,NULL
5115,field_loc_x,0.578019,NULL
5115,field_loc_y,0.606562,NULL
5115,def_scheme,NULL,man
5115,is_transition,1,NULL
5115,is_off_dodge,1,NULL
5115,is_right_handed,0,NULL
5115,shot_quality,2,NULL
5115,clean_save,0,NULL
5115,goal_loc_x,0.746873,NULL
5115,goal_loc_y,0.201562,NULL
5116,field_loc_x,0.511212,NULL
5116,field_loc_y,0.546562,NULL
5116,def_scheme,NULL,man
5116,is_transition,1,NULL
5116,is_off_dodge,0,NULL
5116,is_right_handed,1,NULL
5116,shot_quality,1,NULL
5116,goal_loc_x,0.722433,NULL
5116,goal_loc_y,0.636563,NULL
5117,field_loc_x,0.447441,NULL
5117,field_loc_y,0.441563,NULL
5117,def_scheme,NULL,man
5117,is_transition,0,NULL
5117,is_off_dodge,0,NULL
5117,is_right_handed,1,NULL
5117,shot_quality,2,NULL
5117,goal_loc_x,0.712657,NULL
5117,goal_loc_y,0.911563,NULL
5118,field_loc_x,0.411,NULL
5118,field_loc_y,0.446562,NULL
5118,def_scheme,NULL,man
5118,is_transition,0,NULL
5118,is_off_dodge,0,NULL
5118,is_right_handed,1,NULL
5118,shot_quality,2,NULL
5118,clean_save,1,NULL
5118,goal_loc_x,0.282512,NULL
5118,goal_loc_y,0.671562,NULL
5119,field_loc_x,0.556762,NULL
5119,field_loc_y,0.641563,NULL
5119,def_scheme,NULL,man
5119,is_transition,0,NULL
5119,is_off_dodge,1,NULL
5119,is_right_handed,0,NULL
5119,shot_quality,3,NULL
5119,goal_loc_x,0.722433,NULL
5119,goal_loc_y,0.141563,NULL
5120,field_loc_x,0.40189,NULL
5120,field_loc_y,0.576563,NULL
5120,def_scheme,NULL,man
5120,is_transition,0,NULL
5120,is_off_dodge,1,NULL
5120,is_right_handed,1,NULL
5120,shot_quality,2,NULL
5120,clean_save,0,NULL
5120,goal_loc_x,0.282512,NULL
5120,goal_loc_y,0.626562,NULL
5121,field_loc_x,0.532469,NULL
5121,field_loc_y,0.656563,NULL
5121,def_scheme,NULL,man
5121,is_transition,0,NULL
5121,is_off_dodge,0,NULL
5121,is_right_handed,1,NULL
5121,shot_quality,1,NULL
5121,goal_loc_x,0.727321,NULL
5121,goal_loc_y,0.691562,NULL
5122,field_loc_x,0.541579,NULL
5122,field_loc_y,0.446562,NULL
5122,def_scheme,NULL,man
5122,is_transition,1,NULL
5122,is_off_dodge,1,NULL
5122,is_right_handed,0,NULL
5122,shot_quality,2,NULL
5122,goal_loc_x,0.0821034,NULL
5122,goal_loc_y,0.146563,NULL
5123,field_loc_x,0.474771,NULL
5123,field_loc_y,0.596563,NULL
5123,def_scheme,NULL,man
5123,is_transition,0,NULL
5123,is_off_dodge,1,NULL
5123,is_right_handed,1,NULL
5123,shot_quality,2,NULL
5123,clean_save,0,NULL
5123,goal_loc_x,0.556241,NULL
5123,goal_loc_y,0.391562,NULL
5124,field_loc_x,0.538542,NULL
5124,field_loc_y,0.446562,NULL
5124,def_scheme,NULL,man
5124,is_transition,0,NULL
5124,is_off_dodge,1,NULL
5124,is_right_handed,0,NULL
5124,shot_quality,3,NULL
5124,goal_loc_x,0.883738,NULL
5124,goal_loc_y,0.131563,NULL
5125,field_loc_x,0.411,NULL
5125,field_loc_y,0.656563,NULL
5125,def_scheme,NULL,man
5125,is_transition,0,NULL
5125,is_off_dodge,1,NULL
5125,is_right_handed,1,NULL
5125,shot_quality,2,NULL
5125,clean_save,0,NULL
5125,goal_loc_x,0.497585,NULL
5125,goal_loc_y,0.151562,NULL
5126,field_loc_x,0.389743,NULL
5126,field_loc_y,0.471563,NULL
5126,def_scheme,NULL,man
5126,is_transition,0,NULL
5126,is_off_dodge,0,NULL
5126,is_right_handed,1,NULL
5126,shot_quality,2,NULL
5126,goal_loc_x,0.126096,NULL
5126,goal_loc_y,0.676562,NULL
5127,field_loc_x,0.432257,NULL
5127,field_loc_y,0.406563,NULL
5127,def_scheme,NULL,man
5127,is_transition,0,NULL
5127,is_off_dodge,1,NULL
5127,is_right_handed,0,NULL
5127,shot_quality,2,NULL
5127,goal_loc_x,0.302064,NULL
5127,goal_loc_y,0.411563,NULL
5128,field_loc_x,0.480845,NULL
5128,field_loc_y,0.566562,NULL
5128,def_scheme,NULL,man
5128,is_transition,0,NULL
5128,is_off_dodge,0,NULL
5128,is_right_handed,1,NULL
5128,shot_quality,3,NULL
5128,goal_loc_x,0.610009,NULL
5128,goal_loc_y,0.856562,NULL
5129,field_loc_x,0.58713,NULL
5129,field_loc_y,0.641563,NULL
5129,def_scheme,NULL,man
5129,is_transition,0,NULL
5129,is_off_dodge,1,NULL
5129,is_right_handed,0,NULL
5129,shot_quality,2,NULL
5129,goal_loc_x,0.233632,NULL
5129,goal_loc_y,0.701563,NULL
5130,field_loc_x,0.456551,NULL
5130,field_loc_y,0.386562,NULL
5130,def_scheme,NULL,man
5130,is_transition,0,NULL
5130,is_off_dodge,0,NULL
5130,is_right_handed,0,NULL
5130,shot_quality,2,NULL
5130,goal_loc_x,0.517137,NULL
5130,goal_loc_y,0.156563,NULL
5131,field_loc_x,0.395817,NULL
5131,field_loc_y,0.581563,NULL
5131,def_scheme,NULL,man
5131,is_transition,0,NULL
5131,is_off_dodge,0,NULL
5131,is_right_handed,1,NULL
5131,shot_quality,2,NULL
5131,goal_loc_x,0.26296,NULL
5131,goal_loc_y,0.611562,NULL
5132,field_loc_x,0.526395,NULL
5132,field_loc_y,0.466563,NULL
5132,def_scheme,NULL,man
5132,is_transition,0,NULL
5132,is_off_dodge,1,NULL
5132,is_right_handed,1,NULL
5132,shot_quality,2,NULL
5132,goal_loc_x,0.751761,NULL
5132,goal_loc_y,0.411563,NULL
5133,field_loc_x,0.532469,NULL
5133,field_loc_y,0.431563,NULL
5133,def_scheme,NULL,man
5133,is_transition,1,NULL
5133,is_off_dodge,0,NULL
5133,is_right_handed,1,NULL
5133,shot_quality,2,NULL
5133,clean_save,1,NULL
5133,goal_loc_x,0.448704,NULL
5133,goal_loc_y,0.196562,NULL
5134,field_loc_x,0.511212,NULL
5134,field_loc_y,0.431563,NULL
5134,def_scheme,NULL,man
5134,is_transition,0,NULL
5134,is_off_dodge,1,NULL
5134,is_right_handed,1,NULL
5134,shot_quality,2,NULL
5134,goal_loc_x,0.492697,NULL
5134,goal_loc_y,0.171562,NULL
5135,field_loc_x,0.414037,NULL
5135,field_loc_y,0.656563,NULL
5135,def_scheme,NULL,man
5135,is_transition,1,NULL
5135,is_off_dodge,0,NULL
5135,is_right_handed,1,NULL
5135,shot_quality,1,NULL
5135,goal_loc_x,0.644225,NULL
5135,goal_loc_y,0.666562,NULL
5136,field_loc_x,0.447441,NULL
5136,field_loc_y,0.391562,NULL
5136,def_scheme,NULL,man
5136,is_transition,1,NULL
5136,is_off_dodge,1,NULL
5136,is_right_handed,0,NULL
5136,shot_quality,2,NULL
5136,goal_loc_x,0.751761,NULL
5136,goal_loc_y,0.396562,NULL
5137,field_loc_x,0.574983,NULL
5137,field_loc_y,0.656563,NULL
5137,def_scheme,NULL,man
5137,is_transition,1,NULL
5137,is_off_dodge,0,NULL
5137,is_right_handed,0,NULL
5137,shot_quality,2,NULL
5137,goal_loc_x,0.80553,NULL
5137,goal_loc_y,0.461563,NULL
5138,field_loc_x,0.447441,NULL
5138,field_loc_y,0.371563,NULL
5138,def_scheme,NULL,man
5138,is_transition,0,NULL
5138,is_off_dodge,0,NULL
5138,is_right_handed,1,NULL
5138,shot_quality,2,NULL
5138,clean_save,0,NULL
5138,goal_loc_x,0.321616,NULL
5138,goal_loc_y,0.671562,NULL
5139,field_loc_x,0.407963,NULL
5139,field_loc_y,0.596563,NULL
5139,def_scheme,NULL,man
5139,is_transition,0,NULL
5139,is_off_dodge,1,NULL
5139,is_right_handed,1,NULL
5139,shot_quality,2,NULL
5139,goal_loc_x,0.795754,NULL
5139,goal_loc_y,0.621562,NULL
5140,field_loc_x,0.42011,NULL
5140,field_loc_y,0.476562,NULL
5140,def_scheme,NULL,man
5140,is_transition,0,NULL
5140,is_off_dodge,0,NULL
5140,is_right_handed,0,NULL
5140,shot_quality,2,NULL
5140,goal_loc_x,0.741985,NULL
5140,goal_loc_y,0.176563,NULL
5141,field_loc_x,0.432257,NULL
5141,field_loc_y,0.476562,NULL
5141,def_scheme,NULL,man
5141,is_transition,0,NULL
5141,is_off_dodge,1,NULL
5141,is_right_handed,0,NULL
5141,shot_quality,2,NULL
5141,goal_loc_x,0.795754,NULL
5141,goal_loc_y,0.201562,NULL
5142,field_loc_x,0.435294,NULL
5142,field_loc_y,0.516563,NULL
5142,def_scheme,NULL,man
5142,is_transition,1,NULL
5142,is_off_dodge,1,NULL
5142,is_right_handed,1,NULL
5142,shot_quality,2,NULL
5142,clean_save,0,NULL
5142,goal_loc_x,0.438928,NULL
5142,goal_loc_y,0.151562,NULL
5143,field_loc_x,0.492991,NULL
5143,field_loc_y,0.591563,NULL
5143,def_scheme,NULL,man
5143,is_transition,1,NULL
5143,is_off_dodge,0,NULL
5143,is_right_handed,1,NULL
5143,shot_quality,1,NULL
5143,clean_save,0,NULL
5143,goal_loc_x,0.478033,NULL
5143,goal_loc_y,0.391562,NULL
5144,field_loc_x,0.574983,NULL
5144,field_loc_y,0.566562,NULL
5144,def_scheme,NULL,man
5144,is_transition,0,NULL
5144,is_off_dodge,0,NULL
5144,is_right_handed,0,NULL
5144,shot_quality,2,NULL
5144,goal_loc_x,0.790866,NULL
5144,goal_loc_y,0.736562,NULL
5145,field_loc_x,0.356339,NULL
5145,field_loc_y,0.541562,NULL
5145,def_scheme,NULL,man
5145,is_transition,1,NULL
5145,is_off_dodge,0,NULL
5145,is_right_handed,1,NULL
5145,shot_quality,2,NULL
5145,goal_loc_x,0.741985,NULL
5145,goal_loc_y,0.686562,NULL
5146,field_loc_x,0.377596,NULL
5146,field_loc_y,0.576563,NULL
5146,def_scheme,NULL,man
5146,is_transition,0,NULL
5146,is_off_dodge,0,NULL
5146,is_right_handed,0,NULL
5146,shot_quality,3,NULL
5146,goal_loc_x,0.908178,NULL
5146,goal_loc_y,0.451562,NULL
5147,field_loc_x,0.58713,NULL
5147,field_loc_y,0.611562,NULL
5147,def_scheme,NULL,man
5147,is_transition,0,NULL
5147,is_off_dodge,1,NULL
5147,is_right_handed,0,NULL
5147,shot_quality,3,NULL
5147,clean_save,0,NULL
5147,goal_loc_x,0.756649,NULL
5147,goal_loc_y,0.591563,NULL
5148,field_loc_x,0.584093,NULL
5148,field_loc_y,0.621562,NULL
5148,def_scheme,NULL,man
5148,is_transition,0,NULL
5148,is_off_dodge,1,NULL
5148,is_right_handed,1,NULL
5148,shot_quality,2,NULL
5148,goal_loc_x,0.2874,NULL
5148,goal_loc_y,0.406563,NULL
2885,field_loc_x,0.432234,NULL
2885,field_loc_y,0.714531,NULL
2885,def_scheme,NULL,man
2885,is_transition,0,NULL
2885,is_off_dodge,1,NULL
2885,is_right_handed,1,NULL
2885,shot_quality,1,NULL
2885,goal_loc_x,0.267772,NULL
2885,goal_loc_y,0.689531,NULL
2886,field_loc_x,0.44438,NULL
2886,field_loc_y,0.679531,NULL
2886,def_scheme,NULL,man
2886,is_transition,0,NULL
2886,is_off_dodge,1,NULL
2886,is_right_handed,1,NULL
2886,shot_quality,1,NULL
2886,goal_loc_x,0.561053,NULL
2886,goal_loc_y,0.694531,NULL
2887,field_loc_x,0.641767,NULL
2887,field_loc_y,0.599531,NULL
2887,def_scheme,NULL,man
2887,is_transition,0,NULL
2887,is_off_dodge,1,NULL
2887,is_right_handed,1,NULL
2887,shot_quality,3,NULL
2887,clean_save,0,NULL
2887,goal_loc_x,0.507284,NULL
2887,goal_loc_y,0.684531,NULL
2888,field_loc_x,0.492968,NULL
2888,field_loc_y,0.664531,NULL
2888,is_transition,1,NULL
2888,is_off_dodge,0,NULL
2888,is_right_handed,1,NULL
2888,shot_quality,1,NULL
2888,goal_loc_x,0.751685,NULL
2888,goal_loc_y,0.434531,NULL
2890,field_loc_x,0.523335,NULL
2890,field_loc_y,0.444531,NULL
2890,def_scheme,NULL,man
2890,is_transition,0,NULL
2890,is_off_dodge,0,NULL
2890,is_right_handed,1,NULL
2890,shot_quality,2,NULL
2890,goal_loc_x,0.414412,NULL
2890,goal_loc_y,0.809531,NULL
2891,field_loc_x,0.568886,NULL
2891,field_loc_y,0.694531,NULL
2891,def_scheme,NULL,man
2891,is_transition,0,NULL
2891,is_off_dodge,1,NULL
2891,is_right_handed,1,NULL
2891,shot_quality,1,NULL
2891,goal_loc_x,0.311764,NULL
2891,goal_loc_y,0.694531,NULL
2893,field_loc_x,0.377573,NULL
2893,field_loc_y,0.459531,NULL
2893,is_transition,1,NULL
2893,is_off_dodge,1,NULL
2893,is_right_handed,1,NULL
2893,shot_quality,2,NULL
2893,goal_loc_x,0.448628,NULL
2893,goal_loc_y,0.714531,NULL
2896,field_loc_x,0.468674,NULL
2896,field_loc_y,0.544531,NULL
2896,def_scheme,NULL,zone
2896,is_transition,0,NULL
2896,is_off_dodge,0,NULL
2896,is_right_handed,1,NULL
2896,shot_quality,2,NULL
2896,goal_loc_x,0.507284,NULL
2896,goal_loc_y,0.154531,NULL
2898,field_loc_x,0.593179,NULL
2898,field_loc_y,0.439531,NULL
2898,def_scheme,NULL,zone
2898,is_transition,0,NULL
2898,is_off_dodge,0,NULL
2898,is_right_handed,0,NULL
2898,shot_quality,2,NULL
2898,goal_loc_x,0.502396,NULL
2898,goal_loc_y,0.704531,NULL
2899,field_loc_x,0.468674,NULL
2899,field_loc_y,0.449531,NULL
2899,def_scheme,NULL,man
2899,is_transition,0,NULL
2899,is_off_dodge,0,NULL
2899,is_right_handed,1,NULL
2899,shot_quality,2,NULL
2899,goal_loc_x,0.839669,NULL
2899,goal_loc_y,0.509531,NULL
2901,field_loc_x,0.362389,NULL
2901,field_loc_y,0.574531,NULL
2901,def_scheme,NULL,zone
2901,is_transition,0,NULL
2901,is_off_dodge,0,NULL
2901,is_right_handed,1,NULL
2901,shot_quality,2,NULL
2901,goal_loc_x,0.829893,NULL
2901,goal_loc_y,0.819531,NULL
2906,field_loc_x,0.429197,NULL
2906,field_loc_y,0.664531,NULL
2906,def_scheme,NULL,zone
2906,is_transition,0,NULL
2906,is_off_dodge,0,NULL
2906,is_right_handed,1,NULL
2906,shot_quality,1,NULL
2906,goal_loc_x,0.746797,NULL
2906,goal_loc_y,0.379531,NULL
2907,field_loc_x,0.562812,NULL
2907,field_loc_y,0.709531,NULL
2907,def_scheme,NULL,man
2907,is_transition,0,NULL
2907,is_off_dodge,1,NULL
2907,is_right_handed,0,NULL
2907,shot_quality,1,NULL
2907,clean_save,0,NULL
2907,goal_loc_x,0.531724,NULL
2907,goal_loc_y,0.674531,NULL
2912,field_loc_x,0.471711,NULL
2912,field_loc_y,0.639531,NULL
2912,def_scheme,NULL,man
2912,is_transition,0,NULL
2912,is_off_dodge,0,NULL
2912,is_right_handed,0,NULL
2912,shot_quality,1,NULL
2912,clean_save,0,NULL
2912,goal_loc_x,0.233555,NULL
2912,goal_loc_y,0.629531,NULL
2913,field_loc_x,0.42616,NULL
2913,field_loc_y,0.749531,NULL
2913,def_scheme,NULL,zone
2913,is_transition,0,NULL
2913,is_off_dodge,1,NULL
2913,is_right_handed,1,NULL
2913,shot_quality,2,NULL
2913,clean_save,1,NULL
2913,goal_loc_x,0.453516,NULL
2913,goal_loc_y,0.684531,NULL
2914,field_loc_x,0.574959,NULL
2914,field_loc_y,0.619531,NULL
2914,def_scheme,NULL,man
2914,is_transition,0,NULL
2914,is_off_dodge,0,NULL
2914,is_right_handed,1,NULL
2914,shot_quality,1,NULL
2914,clean_save,1,NULL
2914,goal_loc_x,0.722357,NULL
2914,goal_loc_y,0.619531,NULL
2915,is_transition,1,NULL
2915,is_off_dodge,0,NULL
2915,is_right_handed,0,NULL
2915,shot_quality,3,NULL
2915,goal_loc_x,0.766349,NULL
2915,goal_loc_y,0.144531,NULL
2915,field_loc_x,0.414013,NULL
2915,field_loc_y,0.274531,NULL
2916,field_loc_x,0.43527,NULL
2916,field_loc_y,0.369531,NULL
2916,def_scheme,NULL,man
2916,is_transition,0,NULL
2916,is_off_dodge,1,NULL
2916,is_right_handed,1,NULL
2916,shot_quality,3,NULL
2916,goal_loc_x,0.448628,NULL
2916,goal_loc_y,0.794531,NULL
2919,field_loc_x,0.571922,NULL
2919,field_loc_y,0.374531,NULL
2919,def_scheme,NULL,man
2919,is_transition,0,NULL
2919,is_off_dodge,1,NULL
2919,is_right_handed,1,NULL
2919,shot_quality,2,NULL
2919,goal_loc_x,0.140683,NULL
2919,goal_loc_y,0.504531,NULL
2920,field_loc_x,0.441344,NULL
2920,field_loc_y,0.699531,NULL
2920,def_scheme,NULL,zone
2920,is_transition,0,NULL
2920,is_off_dodge,0,NULL
2920,is_right_handed,1,NULL
2920,shot_quality,1,NULL
2920,goal_loc_x,0.238444,NULL
2920,goal_loc_y,0.659531,NULL
2921,field_loc_x,0.574959,NULL
2921,field_loc_y,0.614531,NULL
2921,def_scheme,NULL,man
2921,is_transition,0,NULL
2921,is_off_dodge,0,NULL
2921,is_right_handed,1,NULL
2921,shot_quality,2,NULL
2921,goal_loc_x,0.512172,NULL
2921,goal_loc_y,0.739531,NULL
2922,field_loc_x,0.368463,NULL
2922,field_loc_y,0.539531,NULL
2922,def_scheme,NULL,man
2922,is_transition,0,NULL
2922,is_off_dodge,1,NULL
2922,is_right_handed,0,NULL
2922,shot_quality,3,NULL
2922,clean_save,0,NULL
2922,goal_loc_x,0.453516,NULL
2922,goal_loc_y,0.144531,NULL
2924,field_loc_x,0.496005,NULL
2924,field_loc_y,0.524531,NULL
2924,is_transition,1,NULL
2924,is_off_dodge,1,NULL
2924,is_right_handed,1,NULL
2924,shot_quality,2,NULL
2924,goal_loc_x,0.580605,NULL
2924,goal_loc_y,0.824531,NULL
2926,field_loc_x,0.365426,NULL
2926,field_loc_y,0.599531,NULL
2926,def_scheme,NULL,zone
2926,is_transition,0,NULL
2926,is_off_dodge,0,NULL
2926,is_right_handed,1,NULL
2926,shot_quality,2,NULL
2926,goal_loc_x,0.4193,NULL
2926,goal_loc_y,0.694531,NULL
2929,field_loc_x,0.441344,NULL
2929,field_loc_y,0.739531,NULL
2929,is_transition,1,NULL
2929,is_off_dodge,0,NULL
2929,is_right_handed,1,NULL
2929,shot_quality,1,NULL
2929,clean_save,0,NULL
2929,goal_loc_x,0.424188,NULL
2929,goal_loc_y,0.149531,NULL
2930,field_loc_x,0.365426,NULL
2930,field_loc_y,0.554531,NULL
2930,is_transition,1,NULL
2930,is_off_dodge,0,NULL
2930,is_right_handed,1,NULL
2930,shot_quality,2,NULL
2930,clean_save,1,NULL
2930,goal_loc_x,0.737021,NULL
2930,goal_loc_y,0.674531,NULL
2931,field_loc_x,0.40794,NULL
2931,field_loc_y,0.679531,NULL
2931,def_scheme,NULL,man
2931,is_transition,0,NULL
2931,is_off_dodge,1,NULL
2931,is_right_handed,1,NULL
2931,shot_quality,2,NULL
2931,clean_save,0,NULL
2931,goal_loc_x,0.46818,NULL
2931,goal_loc_y,0.694531,NULL
2932,field_loc_x,0.565849,NULL
2932,field_loc_y,0.739531,NULL
2932,def_scheme,NULL,zone
2932,is_transition,0,NULL
2932,is_off_dodge,1,NULL
2932,is_right_handed,0,NULL
2932,shot_quality,1,NULL
2932,goal_loc_x,0.697917,NULL
2932,goal_loc_y,0.699531,NULL
2934,field_loc_x,0.468674,NULL
2934,field_loc_y,0.324531,NULL
2934,def_scheme,NULL,man
2934,is_transition,0,NULL
2934,is_off_dodge,1,NULL
2934,is_right_handed,0,NULL
2934,shot_quality,2,NULL
2934,goal_loc_x,0.477956,NULL
2934,goal_loc_y,0.149531,NULL
2942,field_loc_x,0.568886,NULL
2942,field_loc_y,0.684531,NULL
2942,is_transition,1,NULL
2942,is_off_dodge,0,NULL
2942,is_right_handed,0,NULL
2942,shot_quality,1,NULL
2942,clean_save,0,NULL
2942,goal_loc_x,0.253108,NULL
2942,goal_loc_y,0.154531,NULL
2945,field_loc_x,0.39883,NULL
2945,field_loc_y,0.644531,NULL
2945,is_transition,1,NULL
2945,is_off_dodge,0,NULL
2945,is_right_handed,1,NULL
2945,shot_quality,2,NULL
2945,clean_save,1,NULL
2945,goal_loc_x,0.751685,NULL
2945,goal_loc_y,0.644531,NULL
2963,field_loc_x,0.410977,NULL
2963,field_loc_y,0.549531,NULL
2963,goal_loc_x,0.756573,NULL
2963,goal_loc_y,0.369531,NULL
2963,def_scheme,NULL,man
2963,is_transition,0,NULL
2963,is_off_dodge,1,NULL
2963,is_right_handed,0,NULL
2963,shot_quality,2,NULL
2963,clean_save,1,NULL
3043,field_loc_x,0.380609,NULL
3043,field_loc_y,0.504531,NULL
3043,def_scheme,NULL,man
3043,is_transition,0,NULL
3043,is_off_dodge,1,NULL
3043,is_right_handed,0,NULL
3043,shot_quality,3,NULL
3043,goal_loc_x,0.898326,NULL
3043,goal_loc_y,0.329531,NULL
3046,field_loc_x,0.480821,NULL
3046,field_loc_y,0.409531,NULL
3046,def_scheme,NULL,man
3046,is_transition,0,NULL
3046,is_off_dodge,1,NULL
3046,is_right_handed,0,NULL
3046,shot_quality,2,NULL
3046,goal_loc_x,0.257996,NULL
3046,goal_loc_y,0.149531,NULL
3048,field_loc_x,0.562812,NULL
3048,field_loc_y,0.359531,NULL
3048,def_scheme,NULL,man
3048,is_transition,0,NULL
3048,is_off_dodge,1,NULL
3048,is_right_handed,1,NULL
3048,shot_quality,3,NULL
3048,goal_loc_x,0.121131,NULL
3048,goal_loc_y,0.154531,NULL
3049,field_loc_x,0.410977,NULL
3049,field_loc_y,0.619531,NULL
3049,is_transition,1,NULL
3049,is_off_dodge,0,NULL
3049,is_right_handed,1,NULL
3049,shot_quality,2,NULL
3049,goal_loc_x,0.27266,NULL
3049,goal_loc_y,0.699531,NULL
3051,field_loc_x,0.43527,NULL
3051,field_loc_y,0.419531,NULL
3051,def_scheme,NULL,man
3051,is_transition,0,NULL
3051,is_off_dodge,1,NULL
3051,is_right_handed,0,NULL
3051,shot_quality,2,NULL
3051,goal_loc_x,0.091803,NULL
3051,goal_loc_y,0.149531,NULL
3053,field_loc_x,0.577996,NULL
3053,field_loc_y,0.614531,NULL
3053,def_scheme,NULL,man
3053,is_transition,0,NULL
3053,is_off_dodge,1,NULL
3053,is_right_handed,0,NULL
3053,shot_quality,1,NULL
3053,goal_loc_x,0.756573,NULL
3053,goal_loc_y,0.689531,NULL
3056,field_loc_x,0.532445,NULL
3056,field_loc_y,0.244531,NULL
3056,is_transition,1,NULL
3056,is_off_dodge,1,NULL
3056,is_right_handed,1,NULL
3056,shot_quality,3,NULL
3056,clean_save,0,NULL
3056,goal_loc_x,0.51706,NULL
3056,goal_loc_y,0.144531,NULL
3060,is_transition,1,NULL
3060,is_off_dodge,1,NULL
3060,is_right_handed,0,NULL
3060,shot_quality,1,NULL
3060,clean_save,0,NULL
3060,goal_loc_x,0.316652,NULL
3060,goal_loc_y,0.394531,NULL
3062,field_loc_x,0.44438,NULL
3062,field_loc_y,0.629531,NULL
3062,def_scheme,NULL,man
3062,is_transition,0,NULL
3062,is_off_dodge,0,NULL
3062,is_right_handed,0,NULL
3062,shot_quality,1,NULL
3062,clean_save,0,NULL
3062,goal_loc_x,0.756573,NULL
3062,goal_loc_y,0.504531,NULL
3064,field_loc_x,0.410977,NULL
3064,field_loc_y,0.639531,NULL
3064,def_scheme,NULL,man
3064,is_transition,0,NULL
3064,is_right_handed,1,NULL
3064,shot_quality,1,NULL
3064,goal_loc_x,0.878774,NULL
3064,goal_loc_y,0.154531,NULL
3066,field_loc_x,0.544592,NULL
3066,field_loc_y,0.689531,NULL
3066,is_transition,1,NULL
3066,is_off_dodge,1,NULL
3066,is_right_handed,0,NULL
3066,shot_quality,1,NULL
3066,goal_loc_x,0.561053,NULL
3066,goal_loc_y,0.139531,NULL
3068,field_loc_x,0.590143,NULL
3068,field_loc_y,0.434531,NULL
3068,def_scheme,NULL,man
3068,is_transition,0,NULL
3068,is_off_dodge,0,NULL
3068,is_right_handed,0,NULL
3068,shot_quality,2,NULL
3068,goal_loc_x,0.878774,NULL
3068,goal_loc_y,0.129531,NULL
3069,def_scheme,NULL,man
3069,is_transition,0,NULL
3069,is_off_dodge,1,NULL
3069,is_right_handed,1,NULL
3069,shot_quality,2,NULL
3069,clean_save,1,NULL
3069,goal_loc_x,0.722357,NULL
3069,goal_loc_y,0.699531,NULL
3070,field_loc_x,0.289508,NULL
3070,field_loc_y,0.494531,NULL
3070,is_transition,1,NULL
3070,is_off_dodge,0,NULL
3070,is_right_handed,1,NULL
3070,shot_quality,3,NULL
3070,clean_save,1,NULL
3070,goal_loc_x,0.717469,NULL
3070,goal_loc_y,0.424531,NULL
3071,field_loc_x,0.550665,NULL
3071,field_loc_y,0.284531,NULL
3071,is_transition,1,NULL
3071,is_off_dodge,1,NULL
3071,is_right_handed,1,NULL
3071,shot_quality,3,NULL
3071,goal_loc_x,0.644149,NULL
3071,goal_loc_y,0.684531,NULL
3072,field_loc_x,0.565849,NULL
3072,field_loc_y,0.719531,NULL
3072,def_scheme,NULL,man
3072,is_transition,0,NULL
3072,is_off_dodge,1,NULL
3072,is_right_handed,0,NULL
3072,shot_quality,1,NULL
3072,goal_loc_x,0.668589,NULL
3072,goal_loc_y,0.684531,NULL
3073,field_loc_x,0.553702,NULL
3073,field_loc_y,0.604531,NULL
3073,is_transition,0,NULL
3073,is_off_dodge,0,NULL
3073,is_right_handed,1,NULL
3073,shot_quality,1,NULL
3073,goal_loc_x,0.531724,NULL
3073,goal_loc_y,0.684531,NULL
3074,field_loc_x,0.529408,NULL
3074,field_loc_y,0.624531,NULL
3074,def_scheme,NULL,man
3074,is_transition,0,NULL
3074,is_off_dodge,0,NULL
3074,is_right_handed,1,NULL
3074,shot_quality,1,NULL
3074,goal_loc_x,0.741909,NULL
3074,goal_loc_y,0.449531,NULL
3079,field_loc_x,0.404903,NULL
3079,field_loc_y,0.599531,NULL
3079,is_transition,1,NULL
3079,is_off_dodge,0,NULL
3079,is_right_handed,1,NULL
3079,shot_quality,2,NULL
3079,clean_save,1,NULL
3079,goal_loc_x,0.561053,NULL
3079,goal_loc_y,0.664531,NULL
3081,field_loc_x,0.535482,NULL
3081,field_loc_y,0.599531,NULL
3081,is_transition,1,NULL
3081,is_off_dodge,1,NULL
3081,is_right_handed,0,NULL
3081,shot_quality,1,NULL
3081,goal_loc_x,0.741909,NULL
3081,goal_loc_y,0.144531,NULL
3084,field_loc_x,0.559775,NULL
3084,field_loc_y,0.744531,NULL
3084,def_scheme,NULL,man
3084,is_transition,0,NULL
3084,is_off_dodge,1,NULL
3084,is_right_handed,1,NULL
3084,shot_quality,3,NULL
3084,clean_save,0,NULL
3084,goal_loc_x,0.761461,NULL
3084,goal_loc_y,0.389531,NULL
3086,field_loc_x,0.581033,NULL
3086,field_loc_y,0.519531,NULL
3086,def_scheme,NULL,man
3086,is_transition,0,NULL
3086,is_off_dodge,1,NULL
3086,is_right_handed,1,NULL
3086,shot_quality,2,NULL
3089,field_loc_x,0.559775,NULL
3089,field_loc_y,0.714531,NULL
3089,def_scheme,NULL,man
3089,is_transition,0,NULL
3089,is_off_dodge,0,NULL
3089,is_right_handed,0,NULL
3089,shot_quality,1,NULL
3089,goal_loc_x,0.497508,NULL
3089,goal_loc_y,0.684531,NULL
3090,field_loc_x,0.480821,NULL
3090,field_loc_y,0.289531,NULL
3090,def_scheme,NULL,man
3090,is_transition,0,NULL
3090,is_off_dodge,1,NULL
3090,is_right_handed,0,NULL
3090,shot_quality,3,NULL
3090,goal_loc_x,0.130907,NULL
3090,goal_loc_y,0.134531,NULL
3091,field_loc_x,0.581033,NULL
3091,field_loc_y,0.754531,NULL
3091,def_scheme,NULL,man
3091,is_transition,0,NULL
3091,is_off_dodge,1,NULL
3091,is_right_handed,0,NULL
3091,shot_quality,3,NULL
3091,clean_save,0,NULL
3091,goal_loc_x,0.49262,NULL
3091,goal_loc_y,0.159531,NULL
3093,field_loc_x,0.438307,NULL
3093,field_loc_y,0.734531,NULL
3093,def_scheme,NULL,man
3093,is_transition,0,NULL
3093,is_off_dodge,1,NULL
3093,is_right_handed,1,NULL
3093,shot_quality,1,NULL
3093,goal_loc_x,0.243332,NULL
3093,goal_loc_y,0.624531,NULL
3095,field_loc_x,0.617473,NULL
3095,field_loc_y,0.539531,NULL
3095,def_scheme,NULL,man
3095,is_transition,0,NULL
3095,is_off_dodge,1,NULL
3095,is_right_handed,1,NULL
3095,shot_quality,3,NULL
3095,goal_loc_x,0.805453,NULL
3095,goal_loc_y,0.519531,NULL
3098,field_loc_x,0.453491,NULL
3098,field_loc_y,0.439531,NULL
3098,def_scheme,NULL,man
3098,is_transition,0,NULL
3098,is_off_dodge,1,NULL
3098,is_right_handed,0,NULL
3098,shot_quality,2,NULL
3098,clean_save,1,NULL
3098,goal_loc_x,0.693029,NULL
3098,goal_loc_y,0.584531,NULL
3100,field_loc_x,0.459564,NULL
3100,field_loc_y,0.434531,NULL
3100,def_scheme,NULL,man
3100,is_transition,0,NULL
3100,is_off_dodge,1,NULL
3100,is_right_handed,1,NULL
3100,shot_quality,2,NULL
3100,goal_loc_x,0.150459,NULL
3100,goal_loc_y,0.809531,NULL
3103,field_loc_x,0.599253,NULL
3103,field_loc_y,0.549531,NULL
3103,def_scheme,NULL,man
3103,is_transition,0,NULL
3103,is_off_dodge,1,NULL
3103,is_right_handed,0,NULL
3103,shot_quality,2,NULL
3103,goal_loc_x,0.859221,NULL
3103,goal_loc_y,0.444531,NULL
3105,field_loc_x,0.429197,NULL
3105,field_loc_y,0.704531,NULL
3105,def_scheme,NULL,man
3105,is_transition,0,NULL
3105,is_off_dodge,1,NULL
3105,is_right_handed,1,NULL
3105,shot_quality,2,NULL
3105,goal_loc_x,0.155347,NULL
3105,goal_loc_y,0.309531,NULL
3107,field_loc_x,0.617473,NULL
3107,field_loc_y,0.634531,NULL
3107,def_scheme,NULL,man
3107,is_transition,0,NULL
3107,is_off_dodge,1,NULL
3107,is_right_handed,0,NULL
3107,shot_quality,2,NULL
3107,clean_save,1,NULL
3107,goal_loc_x,0.243332,NULL
3107,goal_loc_y,0.374531,NULL
3110,field_loc_x,0.432234,NULL
3110,field_loc_y,0.629531,NULL
3110,def_scheme,NULL,man
3110,is_transition,0,NULL
3110,is_off_dodge,0,NULL
3110,is_right_handed,1,NULL
3110,shot_quality,1,NULL
3110,goal_loc_x,0.609933,NULL
3110,goal_loc_y,0.814531,NULL
3111,field_loc_x,0.42616,NULL
3111,field_loc_y,0.714531,NULL
3111,def_scheme,NULL,man
3111,is_transition,0,NULL
3111,is_off_dodge,1,NULL
3111,is_right_handed,1,NULL
3111,shot_quality,1,NULL
3111,clean_save,0,NULL
3111,goal_loc_x,0.350868,NULL
3111,goal_loc_y,0.144531,NULL
3113,field_loc_x,0.565849,NULL
3113,field_loc_y,0.669531,NULL
3113,def_scheme,NULL,man
3113,is_transition,0,NULL
3113,is_off_dodge,0,NULL
3113,is_right_handed,1,NULL
3113,shot_quality,1,NULL
3113,goal_loc_x,0.243332,NULL
3113,goal_loc_y,0.409531,NULL
3115,field_loc_x,0.410977,NULL
3115,field_loc_y,0.604531,NULL
3115,def_scheme,NULL,man
3115,is_transition,0,NULL
3115,is_off_dodge,0,NULL
3115,is_right_handed,1,NULL
3115,shot_quality,2,NULL
3116,field_loc_x,0.553702,NULL
3116,field_loc_y,0.609531,NULL
3116,def_scheme,NULL,man
3116,is_transition,0,NULL
3116,is_right_handed,1,NULL
3116,shot_quality,1,NULL
3116,goal_loc_x,0.668589,NULL
3116,goal_loc_y,0.784531,NULL
3117,field_loc_x,0.44438,NULL
3117,field_loc_y,0.599531,NULL
3117,def_scheme,NULL,man
3117,is_transition,0,NULL
3117,is_off_dodge,0,NULL
3117,is_right_handed,0,NULL
3117,shot_quality,1,NULL
3117,goal_loc_x,0.756573,NULL
3117,goal_loc_y,0.479531,NULL
3120,field_loc_x,0.590143,NULL
3120,field_loc_y,0.674531,NULL
3120,def_scheme,NULL,man
3120,is_transition,0,NULL
3120,is_off_dodge,1,NULL
3120,is_right_handed,0,NULL
3120,shot_quality,1,NULL
3120,goal_loc_x,0.194451,NULL
3120,goal_loc_y,0.479531,NULL
3121,field_loc_x,0.526372,NULL
3121,field_loc_y,0.389531,NULL
3121,def_scheme,NULL,man
3121,is_transition,0,NULL
3121,is_off_dodge,1,NULL
3121,is_right_handed,0,NULL
3121,shot_quality,2,NULL
3121,goal_loc_x,0.854333,NULL
3121,goal_loc_y,0.174531,NULL
3123,field_loc_x,0.577996,NULL
3123,field_loc_y,0.719531,NULL
3123,def_scheme,NULL,man
3123,is_transition,0,NULL
3123,is_off_dodge,1,NULL
3123,is_right_handed,0,NULL
3123,shot_quality,2,NULL
3123,goal_loc_x,0.155347,NULL
3123,goal_loc_y,0.754531,NULL
3125,field_loc_x,0.39883,NULL
3125,field_loc_y,0.524531,NULL
3125,def_scheme,NULL,man
3125,is_transition,0,NULL
3125,is_off_dodge,1,NULL
3125,is_right_handed,0,NULL
3125,shot_quality,3,NULL
3125,goal_loc_x,0.849445,NULL
3125,goal_loc_y,0.769531,NULL
3129,field_loc_x,0.587106,NULL
3129,field_loc_y,0.609531,NULL
3129,def_scheme,NULL,man
3129,is_transition,0,NULL
3129,is_off_dodge,1,NULL
3129,is_right_handed,0,NULL
3129,shot_quality,2,NULL
3129,goal_loc_x,0.233555,NULL
3129,goal_loc_y,0.239531,NULL
3131,field_loc_x,0.532445,NULL
3131,field_loc_y,0.294531,NULL
3131,is_transition,1,NULL
3131,is_off_dodge,0,NULL
3131,is_right_handed,1,NULL
3131,shot_quality,3,NULL
3131,goal_loc_x,0.39486,NULL
3131,goal_loc_y,0.0495313,NULL
3132,field_loc_x,0.641767,NULL
3132,field_loc_y,0.584531,NULL
3132,def_scheme,NULL,man
3132,is_transition,0,NULL
3132,is_off_dodge,0,NULL
3132,is_right_handed,0,NULL
3132,shot_quality,2,NULL
3132,goal_loc_x,0.844557,NULL
3132,goal_loc_y,0.219531,NULL
3133,field_loc_x,0.590143,NULL
3133,field_loc_y,0.599531,NULL
3133,def_scheme,NULL,man
3133,is_transition,0,NULL
3133,is_off_dodge,1,NULL
3133,is_right_handed,0,NULL
3133,shot_quality,2,NULL
3133,goal_loc_x,0.526836,NULL
3133,goal_loc_y,0.809531,NULL
3135,field_loc_x,0.614436,NULL
3135,field_loc_y,0.554531,NULL
3135,def_scheme,NULL,man
3135,is_transition,0,NULL
3135,is_off_dodge,1,NULL
3135,is_right_handed,1,NULL
3135,shot_quality,3,NULL
3135,goal_loc_x,0.130907,NULL
3135,goal_loc_y,0.144531,NULL
3139,field_loc_x,0.462601,NULL
3139,field_loc_y,0.694531,NULL
3139,def_scheme,NULL,man
3139,is_off_dodge,1,NULL
3139,is_right_handed,1,NULL
3139,shot_quality,1,NULL
3139,goal_loc_x,0.429076,NULL
3139,goal_loc_y,0.689531,NULL
3142,field_loc_x,0.414013,NULL
3142,field_loc_y,0.629531,NULL
3142,def_scheme,NULL,man
3142,is_transition,0,NULL
3142,is_off_dodge,1,NULL
3142,is_right_handed,0,NULL
3142,shot_quality,2,NULL
3142,clean_save,0,NULL
3142,goal_loc_x,0.326428,NULL
3142,goal_loc_y,0.649531,NULL
3144,field_loc_x,0.380609,NULL
3144,field_loc_y,0.559531,NULL
3144,is_transition,0,NULL
3144,is_off_dodge,0,NULL
3144,is_right_handed,1,NULL
3144,shot_quality,2,NULL
3144,goal_loc_x,0.805453,NULL
3144,goal_loc_y,0.629531,NULL
4321,field_loc_x,0.593179,NULL
4321,field_loc_y,0.509531,NULL
4321,def_scheme,NULL,man
4321,is_transition,0,NULL
4321,is_off_dodge,0,NULL
4321,is_right_handed,1,NULL
4321,shot_quality,2,NULL
4321,goal_loc_x,0.751685,NULL
4321,goal_loc_y,0.379531,NULL
4322,field_loc_x,0.380609,NULL
4322,field_loc_y,0.499531,NULL
4322,def_scheme,NULL,man
4322,is_transition,0,NULL
4322,is_off_dodge,0,NULL
4322,is_right_handed,1,NULL
4322,shot_quality,2,NULL
4322,goal_loc_x,0.277548,NULL
4322,goal_loc_y,0.149531,NULL
4323,field_loc_x,0.410977,NULL
4323,field_loc_y,0.449531,NULL
4323,def_scheme,NULL,man
4323,is_transition,0,NULL
4323,is_off_dodge,1,NULL
4323,is_right_handed,1,NULL
4323,shot_quality,2,NULL
4323,clean_save,0,NULL
4323,goal_loc_x,0.766349,NULL
4323,goal_loc_y,0.354531,NULL
4324,field_loc_x,0.593179,NULL
4324,field_loc_y,0.554531,NULL
4324,def_scheme,NULL,man
4324,is_transition,0,NULL
4324,is_off_dodge,0,NULL
4324,is_right_handed,1,NULL
4324,shot_quality,2,NULL
4324,goal_loc_x,0.771237,NULL
4324,goal_loc_y,0.474531,NULL
4325,field_loc_x,0.414013,NULL
4325,field_loc_y,0.514531,NULL
4325,def_scheme,NULL,man
4325,is_transition,0,NULL
4325,is_off_dodge,0,NULL
4325,is_right_handed,0,NULL
4325,shot_quality,3,NULL
4325,goal_loc_x,0.878774,NULL
4325,goal_loc_y,0.0995312,NULL
4326,field_loc_x,0.565849,NULL
4326,field_loc_y,0.719531,NULL
4326,def_scheme,NULL,man
4326,is_transition,0,NULL
4326,is_off_dodge,1,NULL
4326,is_right_handed,0,NULL
4326,shot_quality,1,NULL
4326,goal_loc_x,0.32154,NULL
4326,goal_loc_y,0.144531,NULL
4327,field_loc_x,0.541555,NULL
4327,field_loc_y,0.404531,NULL
4327,def_scheme,NULL,man
4327,is_transition,0,NULL
4327,is_off_dodge,0,NULL
4327,is_right_handed,1,NULL
4327,shot_quality,2,NULL
4327,goal_loc_x,0.766349,NULL
4327,goal_loc_y,0.154531,NULL
4328,field_loc_x,0.593179,NULL
4328,field_loc_y,0.559531,NULL
4328,def_scheme,NULL,man
4328,is_transition,0,NULL
4328,is_off_dodge,1,NULL
4328,is_right_handed,1,NULL
4328,shot_quality,2,NULL
4328,goal_loc_x,0.732133,NULL
4328,goal_loc_y,0.594531,NULL
4329,field_loc_x,0.581033,NULL
4329,field_loc_y,0.369531,NULL
4329,def_scheme,NULL,man
4329,is_transition,0,NULL
4329,is_off_dodge,0,NULL
4329,is_right_handed,0,NULL
4329,shot_quality,2,NULL
4329,goal_loc_x,0.385084,NULL
4329,goal_loc_y,0.834531,NULL
4330,field_loc_x,0.574959,NULL
4330,field_loc_y,0.534531,NULL
4330,def_scheme,NULL,man
4330,is_transition,0,NULL
4330,is_off_dodge,1,NULL
4330,is_right_handed,1,NULL
4330,shot_quality,2,NULL
4330,goal_loc_x,0.512172,NULL
4330,goal_loc_y,0.674531,NULL
4331,field_loc_x,0.38972,NULL
4331,field_loc_y,0.534531,NULL
4331,def_scheme,NULL,zone
4331,is_transition,0,NULL
4331,is_off_dodge,0,NULL
4331,is_right_handed,1,NULL
4331,shot_quality,2,NULL
4331,goal_loc_x,0.306876,NULL
4331,goal_loc_y,0.649531,NULL
4331,clean_save,1,NULL
4332,field_loc_x,0.562812,NULL
4332,field_loc_y,0.697031,NULL
4332,def_scheme,NULL,zone
4332,is_transition,0,NULL
4332,is_off_dodge,0,NULL
4332,is_right_handed,0,NULL
4332,shot_quality,1,NULL
4332,goal_loc_x,0.277548,NULL
4332,goal_loc_y,0.702031,NULL
4333,field_loc_x,0.477784,NULL
4333,field_loc_y,0.657031,NULL
4333,def_scheme,NULL,zone
4333,is_transition,0,NULL
4333,is_off_dodge,0,NULL
4333,is_right_handed,0,NULL
4333,shot_quality,1,NULL
4333,goal_loc_x,0.737021,NULL
4333,goal_loc_y,0.687031,NULL
4334,field_loc_x,0.514225,NULL
4334,field_loc_y,0.507031,NULL
4334,def_scheme,NULL,zone
4334,is_transition,0,NULL
4334,is_off_dodge,0,NULL
4334,is_right_handed,1,NULL
4334,shot_quality,2,NULL
4334,goal_loc_x,0.130907,NULL
4334,goal_loc_y,0.307031,NULL
4335,field_loc_x,0.465637,NULL
4335,field_loc_y,0.672031,NULL
4335,def_scheme,NULL,zone
4335,is_transition,0,NULL
4335,is_off_dodge,0,NULL
4335,is_right_handed,0,NULL
4335,shot_quality,1,NULL
4335,goal_loc_x,0.756573,NULL
4335,goal_loc_y,0.147031,NULL
4336,field_loc_x,0.459564,NULL
4336,field_loc_y,0.437031,NULL
4336,def_scheme,NULL,zone
4336,is_transition,0,NULL
4336,is_off_dodge,0,NULL
4336,is_right_handed,0,NULL
4336,shot_quality,2,NULL
4336,goal_loc_x,0.756573,NULL
4336,goal_loc_y,0.367031,NULL
4337,field_loc_x,0.462601,NULL
4337,field_loc_y,0.387031,NULL
4337,def_scheme,NULL,zone
4337,is_transition,0,NULL
4337,is_off_dodge,1,NULL
4337,is_right_handed,0,NULL
4337,shot_quality,2,NULL
4337,goal_loc_x,0.737021,NULL
4337,goal_loc_y,0.157031,NULL
4338,field_loc_x,0.438307,NULL
4338,field_loc_y,0.482031,NULL
4338,def_scheme,NULL,man
4338,is_transition,0,NULL
4338,is_off_dodge,0,NULL
4338,is_right_handed,0,NULL
4338,shot_quality,2,NULL
4338,goal_loc_x,0.717469,NULL
4338,goal_loc_y,0.637031,NULL
4339,field_loc_x,0.565849,NULL
4339,field_loc_y,0.382031,NULL
4339,def_scheme,NULL,man
4339,is_transition,0,NULL
4339,is_off_dodge,0,NULL
4339,is_right_handed,1,NULL
4339,shot_quality,2,NULL
4339,clean_save,0,NULL
4339,goal_loc_x,0.683253,NULL
4339,goal_loc_y,0.652031,NULL
4340,field_loc_x,0.477784,NULL
4340,field_loc_y,0.672031,NULL
4340,def_scheme,NULL,man
4340,is_transition,0,NULL
4340,is_off_dodge,1,NULL
4340,is_right_handed,1,NULL
4340,shot_quality,1,NULL
4340,goal_loc_x,0.751685,NULL
4340,goal_loc_y,0.607031,NULL
4341,field_loc_x,0.377573,NULL
4341,field_loc_y,0.702031,NULL
4341,def_scheme,NULL,man
4341,is_transition,0,NULL
4341,is_off_dodge,0,NULL
4341,is_right_handed,1,NULL
4341,shot_quality,2,NULL
4341,goal_loc_x,0.898326,NULL
4341,goal_loc_y,0.742031,NULL
4342,field_loc_x,0.587106,NULL
4342,field_loc_y,0.527031,NULL
4342,def_scheme,NULL,man
4342,is_transition,0,NULL
4342,is_off_dodge,0,NULL
4342,is_right_handed,0,NULL
4342,shot_quality,2,NULL
4342,goal_loc_x,0.257996,NULL
4342,goal_loc_y,0.142031,NULL
4343,field_loc_x,0.438307,NULL
4343,field_loc_y,0.407031,NULL
4343,def_scheme,NULL,man
4343,is_transition,0,NULL
4343,is_off_dodge,1,NULL
4343,is_right_handed,0,NULL
4343,shot_quality,2,NULL
4343,goal_loc_x,0.805453,NULL
4343,goal_loc_y,0.347031,NULL
4344,field_loc_x,0.544592,NULL
4344,field_loc_y,0.677031,NULL
4344,def_scheme,NULL,man
4344,is_transition,0,NULL
4344,is_off_dodge,0,NULL
4344,is_right_handed,0,NULL
4344,shot_quality,1,NULL
4344,goal_loc_x,0.536612,NULL
4344,goal_loc_y,0.702031,NULL
4345,field_loc_x,0.587106,NULL
4345,field_loc_y,0.452031,NULL
4345,def_scheme,NULL,man
4345,is_transition,0,NULL
4345,is_off_dodge,1,NULL
4345,is_right_handed,1,NULL
4345,shot_quality,2,NULL
4345,clean_save,0,NULL
4345,goal_loc_x,0.507284,NULL
4345,goal_loc_y,0.142031,NULL
4346,field_loc_x,0.386683,NULL
4346,field_loc_y,0.562031,NULL
4346,def_scheme,NULL,man
4346,is_transition,0,NULL
4346,is_off_dodge,0,NULL
4346,is_right_handed,1,NULL
4346,shot_quality,1,NULL
4346,clean_save,1,NULL
4346,goal_loc_x,0.414412,NULL
4346,goal_loc_y,0.627031,NULL
4347,field_loc_x,0.41705,NULL
4347,field_loc_y,0.537031,NULL
4347,def_scheme,NULL,man
4347,is_transition,0,NULL
4347,is_off_dodge,1,NULL
4347,is_right_handed,0,NULL
4347,shot_quality,2,NULL
4347,goal_loc_x,0.658813,NULL
4347,goal_loc_y,0.692031,NULL
4348,field_loc_x,0.438307,NULL
4348,field_loc_y,0.697031,NULL
4348,def_scheme,NULL,man
4348,is_transition,0,NULL
4348,is_off_dodge,1,NULL
4348,is_right_handed,1,NULL
4348,shot_quality,1,NULL
4348,goal_loc_x,0.86411,NULL
4348,goal_loc_y,0.837031,NULL
4349,field_loc_x,0.42616,NULL
4349,field_loc_y,0.732031,NULL
4349,def_scheme,NULL,man
4349,is_transition,0,NULL
4349,is_off_dodge,1,NULL
4349,is_right_handed,1,NULL
4349,shot_quality,1,NULL
4349,clean_save,0,NULL
4349,goal_loc_x,0.262884,NULL
4349,goal_loc_y,0.672031,NULL
3539,field_loc_x,0.438307,NULL
3539,field_loc_y,0.449531,NULL
3539,def_scheme,NULL,man
3539,is_transition,0,NULL
3539,is_off_dodge,0,NULL
3539,is_right_handed,0,NULL
3539,shot_quality,2,NULL
3539,goal_loc_x,0.756573,NULL
3539,goal_loc_y,0.689531,NULL
3540,field_loc_x,0.568886,NULL
3540,field_loc_y,0.434531,NULL
3540,def_scheme,NULL,man
3540,is_transition,0,NULL
3540,is_off_dodge,1,NULL
3540,is_right_handed,1,NULL
3540,shot_quality,2,NULL
3540,clean_save,0,NULL
3540,goal_loc_x,0.326428,NULL
3540,goal_loc_y,0.289531,NULL
3542,field_loc_x,0.420087,NULL
3542,field_loc_y,0.664531,NULL
3542,def_scheme,NULL,man
3542,is_transition,0,NULL
3542,is_off_dodge,1,NULL
3542,is_right_handed,0,NULL
3542,shot_quality,1,NULL
3542,clean_save,0,NULL
3542,goal_loc_x,0.526836,NULL
3542,goal_loc_y,0.644531,NULL
3543,field_loc_x,0.544592,NULL
3543,field_loc_y,0.439531,NULL
3543,def_scheme,NULL,man
3543,is_transition,0,NULL
3543,is_off_dodge,1,NULL
3543,is_right_handed,0,NULL
3543,shot_quality,2,NULL
3543,goal_loc_x,0.233555,NULL
3543,goal_loc_y,0.149531,NULL
3544,field_loc_x,0.568886,NULL
3544,field_loc_y,0.439531,NULL
3544,def_scheme,NULL,man
3544,is_transition,0,NULL
3544,is_off_dodge,1,NULL
3544,is_right_handed,1,NULL
3544,shot_quality,2,NULL
3544,goal_loc_x,0.453516,NULL
3544,goal_loc_y,0.149531,NULL
3545,field_loc_x,0.581033,NULL
3545,field_loc_y,0.394531,NULL
3545,def_scheme,NULL,man
3545,is_transition,0,NULL
3545,is_off_dodge,0,NULL
3545,is_right_handed,1,NULL
3545,shot_quality,2,NULL
3545,goal_loc_x,0.800565,NULL
3545,goal_loc_y,0.189531,NULL
3546,field_loc_x,0.571922,NULL
3546,field_loc_y,0.589531,NULL
3546,def_scheme,NULL,man
3546,is_transition,0,NULL
3546,is_off_dodge,1,NULL
3546,is_right_handed,1,NULL
3546,shot_quality,2,NULL
3546,goal_loc_x,0.800565,NULL
3546,goal_loc_y,0.409531,NULL
3547,field_loc_x,0.432234,NULL
3547,field_loc_y,0.679531,NULL
3547,def_scheme,NULL,man
3547,is_transition,0,NULL
3547,is_off_dodge,1,NULL
3547,is_right_handed,0,NULL
3547,shot_quality,1,NULL
3547,goal_loc_x,0.883662,NULL
3547,goal_loc_y,0.469531,NULL
3548,field_loc_x,0.489931,NULL
3548,field_loc_y,0.434531,NULL
3548,def_scheme,NULL,man
3548,is_transition,0,NULL
3548,is_off_dodge,1,NULL
3548,is_right_handed,1,NULL
3548,shot_quality,2,NULL
3548,goal_loc_x,0.756573,NULL
3548,goal_loc_y,0.184531,NULL
3549,field_loc_x,0.514225,NULL
3549,field_loc_y,0.664531,NULL
3549,def_scheme,NULL,man
3549,is_transition,0,NULL
3549,is_off_dodge,0,NULL
3549,is_right_handed,1,NULL
3549,shot_quality,1,NULL
3549,goal_loc_x,0.756573,NULL
3549,goal_loc_y,0.169531,NULL
3550,field_loc_x,0.553702,NULL
3550,field_loc_y,0.399531,NULL
3550,def_scheme,NULL,man
3550,is_transition,0,NULL
3550,is_off_dodge,1,NULL
3550,is_right_handed,1,NULL
3550,shot_quality,2,NULL
3550,goal_loc_x,0.49262,NULL
3550,goal_loc_y,0.749531,NULL
3551,field_loc_x,0.508151,NULL
3551,field_loc_y,0.644531,NULL
3551,def_scheme,NULL,man
3551,is_transition,0,NULL
3551,is_off_dodge,1,NULL
3551,is_right_handed,0,NULL
3551,shot_quality,1,NULL
3551,goal_loc_x,0.282436,NULL
3551,goal_loc_y,0.154531,NULL
3552,field_loc_x,0.574959,NULL
3552,field_loc_y,0.474531,NULL
3552,def_scheme,NULL,man
3552,is_transition,0,NULL
3552,is_off_dodge,1,NULL
3552,is_right_handed,1,NULL
3552,shot_quality,2,NULL
3552,goal_loc_x,0.24822,NULL
3552,goal_loc_y,0.154531,NULL
3553,field_loc_x,0.565849,NULL
3553,field_loc_y,0.719531,NULL
3553,def_scheme,NULL,man
3553,is_transition,0,NULL
3553,is_off_dodge,0,NULL
3553,is_right_handed,0,NULL
3553,shot_quality,1,NULL
3553,goal_loc_x,0.150459,NULL
3553,goal_loc_y,0.234531,NULL
3554,field_loc_x,0.526372,NULL
3554,field_loc_y,0.614531,NULL
3554,def_scheme,NULL,man
3554,is_transition,0,NULL
3554,is_off_dodge,0,NULL
3554,is_right_handed,1,NULL
3554,shot_quality,2,NULL
3554,goal_loc_x,0.24822,NULL
3554,goal_loc_y,0.694531,NULL
3555,field_loc_x,0.429197,NULL
3555,field_loc_y,0.474531,NULL
3555,def_scheme,NULL,man
3555,is_transition,0,NULL
3555,is_off_dodge,1,NULL
3555,is_right_handed,0,NULL
3555,shot_quality,2,NULL
3555,goal_loc_x,0.233555,NULL
3555,goal_loc_y,0.674531,NULL
3556,field_loc_x,0.568886,NULL
3556,field_loc_y,0.494531,NULL
3556,def_scheme,NULL,man
3556,is_transition,0,NULL
3556,is_off_dodge,0,NULL
3556,is_right_handed,1,NULL
3556,shot_quality,2,NULL
3556,clean_save,1,NULL
3556,goal_loc_x,0.253108,NULL
3556,goal_loc_y,0.609531,NULL
3557,field_loc_x,0.508151,NULL
3557,field_loc_y,0.669531,NULL
3557,def_scheme,NULL,man
3557,is_transition,0,NULL
3557,is_off_dodge,1,NULL
3557,is_right_handed,1,NULL
3557,shot_quality,1,NULL
3557,goal_loc_x,0.4193,NULL
3557,goal_loc_y,0.904531,NULL
3558,field_loc_x,0.410977,NULL
3558,field_loc_y,0.604531,NULL
3558,def_scheme,NULL,man
3558,is_transition,0,NULL
3558,is_off_dodge,1,NULL
3558,is_right_handed,1,NULL
3558,shot_quality,2,NULL
3558,goal_loc_x,0.898326,NULL
3558,goal_loc_y,0.764531,NULL
3559,field_loc_x,0.529408,NULL
3559,field_loc_y,0.659531,NULL
3559,def_scheme,NULL,man
3559,is_transition,0,NULL
3559,is_off_dodge,0,NULL
3559,is_right_handed,1,NULL
3559,shot_quality,1,NULL
3559,goal_loc_x,0.292212,NULL
3559,goal_loc_y,0.674531,NULL
3560,field_loc_x,0.459564,NULL
3560,field_loc_y,0.634531,NULL
3560,def_scheme,NULL,man
3560,is_transition,0,NULL
3560,is_off_dodge,0,NULL
3560,is_right_handed,0,NULL
3560,shot_quality,1,NULL
3560,goal_loc_x,0.502396,NULL
3560,goal_loc_y,0.154531,NULL
3561,field_loc_x,0.438307,NULL
3561,field_loc_y,0.694531,NULL
3561,def_scheme,NULL,man
3561,is_transition,0,NULL
3561,is_off_dodge,1,NULL
3561,is_right_handed,1,NULL
3561,shot_quality,1,NULL
3561,goal_loc_x,0.49262,NULL
3561,goal_loc_y,0.154531,NULL
3562,field_loc_x,0.42616,NULL
3562,field_loc_y,0.474531,NULL
3562,def_scheme,NULL,man
3562,is_transition,0,NULL
3562,is_off_dodge,1,NULL
3562,is_right_handed,0,NULL
3562,shot_quality,2,NULL
3562,goal_loc_x,0.634373,NULL
3562,goal_loc_y,0.864531,NULL
3563,field_loc_x,0.529408,NULL
3563,field_loc_y,0.439531,NULL
3563,def_scheme,NULL,man
3563,is_transition,0,NULL
3563,is_off_dodge,0,NULL
3563,is_right_handed,0,NULL
3563,shot_quality,2,NULL
3563,goal_loc_x,0.46818,NULL
3563,goal_loc_y,0.149531,NULL
3564,field_loc_x,0.556739,NULL
3564,field_loc_y,0.389531,NULL
3564,def_scheme,NULL,man
3564,is_transition,0,NULL
3564,is_off_dodge,1,NULL
3564,is_right_handed,1,NULL
3564,shot_quality,2,NULL
3564,goal_loc_x,0.126019,NULL
3564,goal_loc_y,0.414531,NULL
3565,field_loc_x,0.581033,NULL
3565,field_loc_y,0.649531,NULL
3565,def_scheme,NULL,man
3565,is_transition,0,NULL
3565,is_off_dodge,1,NULL
3565,is_right_handed,0,NULL
3565,shot_quality,2,NULL
3565,goal_loc_x,0.209115,NULL
3565,goal_loc_y,0.834531,NULL
3566,field_loc_x,0.547629,NULL
3566,field_loc_y,0.444531,NULL
3566,def_scheme,NULL,man
3566,is_transition,0,NULL
3566,is_off_dodge,1,NULL
3566,is_right_handed,1,NULL
3566,shot_quality,2,NULL
3566,goal_loc_x,0.355756,NULL
3566,goal_loc_y,0.859531,NULL
3567,field_loc_x,0.553702,NULL
3567,field_loc_y,0.669531,NULL
3567,def_scheme,NULL,man
3567,is_transition,0,NULL
3567,is_off_dodge,1,NULL
3567,is_right_handed,0,NULL
3567,shot_quality,1,NULL
3567,goal_loc_x,0.24822,NULL
3567,goal_loc_y,0.274531,NULL
3568,field_loc_x,0.395793,NULL
3568,field_loc_y,0.584531,NULL
3568,def_scheme,NULL,man
3568,is_transition,0,NULL
3568,is_off_dodge,0,NULL
3568,is_right_handed,1,NULL
3568,shot_quality,1,NULL
3568,goal_loc_x,0.253108,NULL
3568,goal_loc_y,0.699531,NULL
3569,field_loc_x,0.465637,NULL
3569,field_loc_y,0.379531,NULL
3569,def_scheme,NULL,man
3569,is_transition,0,NULL
3569,is_off_dodge,0,NULL
3569,is_right_handed,1,NULL
3569,shot_quality,2,NULL
3569,goal_loc_x,0.512172,NULL
3569,goal_loc_y,0.819531,NULL
3570,field_loc_x,0.468674,NULL
3570,field_loc_y,0.454531,NULL
3570,def_scheme,NULL,man
3570,is_transition,0,NULL
3570,is_off_dodge,0,NULL
3570,is_right_handed,1,NULL
3570,shot_quality,1,NULL
3570,goal_loc_x,0.282436,NULL
3570,goal_loc_y,0.689531,NULL
3571,field_loc_x,0.41705,NULL
3571,field_loc_y,0.369531,NULL
3571,def_scheme,NULL,man
3571,is_transition,0,NULL
3571,is_off_dodge,0,NULL
3571,is_right_handed,1,NULL
3571,shot_quality,2,NULL
3571,clean_save,1,NULL
3571,goal_loc_x,0.233555,NULL
3571,goal_loc_y,0.559531,NULL
3572,field_loc_x,0.559775,NULL
3572,field_loc_y,0.664531,NULL
3572,def_scheme,NULL,man
3572,is_transition,0,NULL
3572,is_off_dodge,0,NULL
3572,shot_quality,1,NULL
3572,is_right_handed,0,NULL
3572,goal_loc_x,0.135795,NULL
3572,goal_loc_y,0.174531,NULL
3573,field_loc_x,0.535482,NULL
3573,field_loc_y,0.634531,NULL
3573,def_scheme,NULL,man
3573,is_transition,0,NULL
3573,is_off_dodge,1,NULL
3573,is_right_handed,0,NULL
3573,shot_quality,1,NULL
3573,goal_loc_x,0.277548,NULL
3573,goal_loc_y,0.644531,NULL
3574,field_loc_x,0.42616,NULL
3574,field_loc_y,0.704531,NULL
3574,def_scheme,NULL,man
3574,is_transition,0,NULL
3574,is_off_dodge,1,NULL
3574,is_right_handed,1,NULL
3574,shot_quality,2,NULL
3574,clean_save,0,NULL
3574,goal_loc_x,0.326428,NULL
3574,goal_loc_y,0.689531,NULL
3575,field_loc_x,0.526372,NULL
3575,field_loc_y,0.409531,NULL
3575,def_scheme,NULL,man
3575,is_transition,0,NULL
3575,is_off_dodge,1,NULL
3575,is_right_handed,0,NULL
3575,shot_quality,3,NULL
3575,goal_loc_x,0.712581,NULL
3575,goal_loc_y,0.844531,NULL
3576,field_loc_x,0.486894,NULL
3576,field_loc_y,0.434531,NULL
3576,def_scheme,NULL,man
3576,is_transition,0,NULL
3576,is_off_dodge,1,NULL
3576,is_right_handed,1,NULL
3576,shot_quality,2,NULL
3576,goal_loc_x,0.580605,NULL
3576,goal_loc_y,0.829531,NULL
3577,field_loc_x,0.489931,NULL
3577,field_loc_y,0.279531,NULL
3577,def_scheme,NULL,man
3577,is_transition,0,NULL
3577,is_off_dodge,1,NULL
3577,is_right_handed,1,NULL
3577,shot_quality,3,NULL
3577,goal_loc_x,0.903214,NULL
3577,goal_loc_y,0.124531,NULL
3578,field_loc_x,0.6114,NULL
3578,field_loc_y,0.404531,NULL
3578,def_scheme,NULL,man
3578,is_transition,0,NULL
3578,is_off_dodge,0,NULL
3578,is_right_handed,1,NULL
3578,shot_quality,3,NULL
3578,goal_loc_x,0.761461,NULL
3578,goal_loc_y,0.144531,NULL
3579,field_loc_x,0.559775,NULL
3579,field_loc_y,0.614531,NULL
3579,def_scheme,NULL,man
3579,is_transition,0,NULL
3579,is_off_dodge,0,NULL
3579,is_right_handed,0,NULL
3579,shot_quality,1,NULL
3579,goal_loc_x,0.712581,NULL
3579,goal_loc_y,0.664531,NULL
3580,field_loc_x,0.565849,NULL
3580,field_loc_y,0.669531,NULL
3580,def_scheme,NULL,man
3580,is_transition,0,NULL
3580,is_off_dodge,0,NULL
3580,is_right_handed,0,NULL
3580,shot_quality,1,NULL
3580,clean_save,0,NULL
3580,goal_loc_x,0.741909,NULL
3580,goal_loc_y,0.644531,NULL
3581,field_loc_x,0.459564,NULL
3581,field_loc_y,0.364531,NULL
3581,is_transition,1,NULL
3581,is_off_dodge,0,NULL
3581,is_right_handed,1,NULL
3581,shot_quality,2,NULL
3581,goal_loc_x,0.135795,NULL
3581,goal_loc_y,0.224531,NULL
3582,field_loc_x,0.520298,NULL
3582,field_loc_y,0.269531,NULL
3582,def_scheme,NULL,man
3582,is_transition,0,NULL
3582,is_off_dodge,1,NULL
3582,is_right_handed,0,NULL
3582,shot_quality,3,NULL
3582,clean_save,1,NULL
3582,goal_loc_x,0.453516,NULL
3582,goal_loc_y,0.624531,NULL
3583,field_loc_x,0.547629,NULL
3583,field_loc_y,0.279531,NULL
3583,is_transition,1,NULL
3583,is_off_dodge,1,NULL
3583,is_right_handed,1,NULL
3583,shot_quality,3,NULL
3583,clean_save,0,NULL
3583,goal_loc_x,0.477956,NULL
3583,goal_loc_y,0.164531,NULL
3584,field_loc_x,0.438307,NULL
3584,field_loc_y,0.414531,NULL
3584,def_scheme,NULL,man
3584,is_transition,0,NULL
3584,is_off_dodge,1,NULL
3584,is_right_handed,0,NULL
3584,shot_quality,2,NULL
3584,goal_loc_x,0.854333,NULL
3584,goal_loc_y,0.859531,NULL
3585,field_loc_x,0.508151,NULL
3585,field_loc_y,0.574531,NULL
3585,def_scheme,NULL,man
3585,is_transition,0,NULL
3585,is_off_dodge,0,NULL
3585,is_right_handed,0,NULL
3585,shot_quality,2,NULL
3585,goal_loc_x,0.746797,NULL
3585,goal_loc_y,0.229531,NULL
3586,def_scheme,NULL,zone
3586,is_transition,0,NULL
3586,is_off_dodge,0,NULL
3586,is_right_handed,1,NULL
3586,shot_quality,1,NULL
3586,field_loc_x,0.441344,NULL
3586,field_loc_y,0.679531,NULL
3586,goal_loc_x,0.497508,NULL
3586,goal_loc_y,0.169531,NULL
3587,field_loc_x,0.489931,NULL
3587,field_loc_y,0.569531,NULL
3587,is_transition,1,NULL
3587,is_off_dodge,0,NULL
3587,is_right_handed,0,NULL
3587,shot_quality,1,NULL
3587,goal_loc_x,0.262884,NULL
3587,goal_loc_y,0.854531,NULL
3588,field_loc_x,0.420087,NULL
3588,field_loc_y,0.489531,NULL
3588,def_scheme,NULL,man
3588,is_transition,1,NULL
3588,is_off_dodge,0,NULL
3588,is_right_handed,1,NULL
3588,shot_quality,2,NULL
3588,goal_loc_x,0.873886,NULL
3588,goal_loc_y,0.149531,NULL
3589,field_loc_x,0.42616,NULL
3589,field_loc_y,0.654531,NULL
3589,is_transition,1,NULL
3589,is_off_dodge,0,NULL
3589,is_right_handed,1,NULL
3589,shot_quality,1,NULL
3589,clean_save,0,NULL
3589,goal_loc_x,0.453516,NULL
3589,goal_loc_y,0.664531,NULL
3590,field_loc_x,0.556739,NULL
3590,field_loc_y,0.564531,NULL
3590,is_transition,1,NULL
3590,is_right_handed,1,NULL
3590,shot_quality,2,NULL
3590,goal_loc_x,0.077139,NULL
3590,goal_loc_y,0.114531,NULL
3591,field_loc_x,0.480821,NULL
3591,field_loc_y,0.289531,NULL
3591,def_scheme,NULL,zone
3591,is_transition,0,NULL
3591,is_off_dodge,0,NULL
3591,is_right_handed,0,NULL
3591,shot_quality,3,NULL
3591,goal_loc_x,0.727245,NULL
3591,goal_loc_y,0.164531,NULL
3592,field_loc_x,0.562812,NULL
3592,field_loc_y,0.669531,NULL
3592,def_scheme,NULL,zone
3592,is_transition,0,NULL
3592,is_off_dodge,0,NULL
3592,is_right_handed,0,NULL
3592,shot_quality,1,NULL
3592,goal_loc_x,0.741909,NULL
3592,goal_loc_y,0.684531,NULL
3593,field_loc_x,0.574959,NULL
3593,field_loc_y,0.359531,NULL
3593,is_transition,1,NULL
3593,is_off_dodge,1,NULL
3593,is_right_handed,1,NULL
3593,shot_quality,2,NULL
3593,clean_save,0,NULL
3593,goal_loc_x,0.5415,NULL
3593,goal_loc_y,0.154531,NULL
3594,field_loc_x,0.553702,NULL
3594,field_loc_y,0.494531,NULL
3594,is_transition,1,NULL
3594,is_off_dodge,0,NULL
3594,is_right_handed,1,NULL
3594,shot_quality,2,NULL
3594,clean_save,0,NULL
3594,goal_loc_x,0.526836,NULL
3594,goal_loc_y,0.474531,NULL
3595,field_loc_x,0.541555,NULL
3595,field_loc_y,0.509531,NULL
3595,def_scheme,NULL,man
3595,is_transition,0,NULL
3595,is_off_dodge,0,NULL
3595,is_right_handed,1,NULL
3595,shot_quality,2,NULL
3595,clean_save,1,NULL
3595,goal_loc_x,0.46818,NULL
3595,goal_loc_y,0.649531,NULL
3596,field_loc_x,0.462601,NULL
3596,field_loc_y,0.309531,NULL
3596,is_transition,1,NULL
3596,is_off_dodge,1,NULL
3596,is_right_handed,0,NULL
3596,shot_quality,3,NULL
3596,goal_loc_x,0.756573,NULL
3596,goal_loc_y,0.699531,NULL
3597,field_loc_x,0.44438,NULL
3597,field_loc_y,0.539531,NULL
3597,is_transition,1,NULL
3597,is_off_dodge,1,NULL
3597,is_right_handed,0,NULL
3597,shot_quality,2,NULL
3597,goal_loc_x,0.253108,NULL
3597,goal_loc_y,0.714531,NULL
3598,field_loc_x,0.450454,NULL
3598,field_loc_y,0.409531,NULL
3598,is_transition,1,NULL
3598,is_off_dodge,1,NULL
3598,is_right_handed,1,NULL
3598,def_scheme,NULL,man
3598,shot_quality,2,NULL
3598,clean_save,1,NULL
3598,goal_loc_x,0.253108,NULL
3598,goal_loc_y,0.569531,NULL
3599,field_loc_x,0.550665,NULL
3599,field_loc_y,0.419531,NULL
3599,def_scheme,NULL,man
3599,is_transition,0,NULL
3599,is_off_dodge,0,NULL
3599,is_right_handed,1,NULL
3599,shot_quality,2,NULL
3599,clean_save,0,NULL
3599,goal_loc_x,0.365532,NULL
3599,goal_loc_y,0.144531,NULL
3600,field_loc_x,0.505115,NULL
3600,field_loc_y,0.314531,NULL
3600,is_transition,1,NULL
3600,is_off_dodge,1,NULL
3600,is_right_handed,1,NULL
3600,shot_quality,3,NULL
3600,goal_loc_x,0.761461,NULL
3600,goal_loc_y,0.154531,NULL
3601,field_loc_x,0.544592,NULL
3601,field_loc_y,0.409531,NULL
3601,is_transition,1,NULL
3601,is_off_dodge,1,NULL
3601,is_right_handed,1,NULL
3601,shot_quality,2,NULL
3601,clean_save,0,NULL
3601,goal_loc_x,0.737021,NULL
3601,goal_loc_y,0.649531,NULL
3602,field_loc_x,0.550665,NULL
3602,field_loc_y,0.434531,NULL
3602,def_scheme,NULL,man
3602,is_transition,1,NULL
3602,is_off_dodge,1,NULL
3602,is_right_handed,1,NULL
3602,shot_quality,2,NULL
3602,clean_save,1,NULL
3602,goal_loc_x,0.32154,NULL
3602,goal_loc_y,0.609531,NULL
3603,field_loc_x,0.623546,NULL
3603,field_loc_y,0.449531,NULL
3603,is_transition,1,NULL
3603,is_off_dodge,1,NULL
3603,is_right_handed,0,NULL
3603,shot_quality,2,NULL
3603,clean_save,0,NULL
3603,goal_loc_x,0.477956,NULL
3603,goal_loc_y,0.149531,NULL
3604,field_loc_x,0.462601,NULL
3604,field_loc_y,0.684531,NULL
3604,is_transition,1,NULL
3604,is_off_dodge,0,NULL
3604,is_right_handed,1,NULL
3604,shot_quality,1,NULL
3604,goal_loc_x,0.688141,NULL
3604,goal_loc_y,0.154531,NULL
3605,field_loc_x,0.511188,NULL
3605,field_loc_y,0.444531,NULL
3605,is_transition,1,NULL
3605,is_off_dodge,1,NULL
3605,is_right_handed,1,NULL
3605,shot_quality,3,NULL
3605,goal_loc_x,0.585493,NULL
3605,goal_loc_y,0.799531,NULL
3605,def_scheme,NULL,man
3606,field_loc_x,0.550665,NULL
3606,field_loc_y,0.689531,NULL
3606,def_scheme,NULL,man
3606,is_transition,1,NULL
3606,is_off_dodge,0,NULL
3606,is_right_handed,0,NULL
3606,shot_quality,1,NULL
3606,goal_loc_x,0.712581,NULL
3606,goal_loc_y,0.659531,NULL
3607,field_loc_x,0.559775,NULL
3607,field_loc_y,0.649531,NULL
3607,def_scheme,NULL,man
3607,is_transition,0,NULL
3607,is_off_dodge,1,NULL
3607,is_right_handed,1,NULL
3607,shot_quality,1,NULL
3607,clean_save,0,NULL
3607,goal_loc_x,0.350868,NULL
3607,goal_loc_y,0.494531,NULL
3608,def_scheme,NULL,man
3608,is_transition,0,NULL
3608,is_right_handed,1,NULL
3608,shot_quality,1,NULL
3608,goal_loc_x,0.243332,NULL
3608,goal_loc_y,0.374531,NULL
3608,is_off_dodge,0,NULL
3608,field_loc_x,0.492968,NULL
3608,field_loc_y,0.644531,NULL
3609,field_loc_x,0.496005,NULL
3609,field_loc_y,0.589531,NULL
3609,def_scheme,NULL,man
3609,is_transition,0,NULL
3609,is_off_dodge,0,NULL
3609,is_right_handed,1,NULL
3609,shot_quality,2,NULL
3609,clean_save,0,NULL
3609,goal_loc_x,0.746797,NULL
3609,goal_loc_y,0.624531,NULL
3610,field_loc_x,0.453491,NULL
3610,field_loc_y,0.689531,NULL
3610,def_scheme,NULL,man
3610,is_transition,0,NULL
3610,is_off_dodge,0,NULL
3610,is_right_handed,0,NULL
3610,shot_quality,1,NULL
3610,goal_loc_x,0.277548,NULL
3610,goal_loc_y,0.639531,NULL
3611,field_loc_x,0.526372,NULL
3611,field_loc_y,0.549531,NULL
3611,def_scheme,NULL,man
3611,is_transition,0,NULL
3611,is_off_dodge,1,NULL
3611,is_right_handed,0,NULL
3611,shot_quality,1,NULL
3611,goal_loc_x,0.800565,NULL
3611,goal_loc_y,0.569531,NULL
3612,field_loc_x,0.562812,NULL
3612,field_loc_y,0.629531,NULL
3612,def_scheme,NULL,man
3612,is_transition,0,NULL
3612,is_off_dodge,1,NULL
3612,is_right_handed,0,NULL
3612,shot_quality,1,NULL
3612,clean_save,0,NULL
3612,goal_loc_x,0.556165,NULL
3612,goal_loc_y,0.149531,NULL
3613,field_loc_x,0.605326,NULL
3613,field_loc_y,0.514531,NULL
3613,def_scheme,NULL,man
3613,is_transition,0,NULL
3613,is_off_dodge,1,NULL
3613,is_right_handed,1,NULL
3613,shot_quality,3,NULL
3613,goal_loc_x,0.194451,NULL
3613,goal_loc_y,0.294531,NULL
3614,field_loc_x,0.410977,NULL
3614,field_loc_y,0.664531,NULL
3614,def_scheme,NULL,man
3614,is_transition,0,NULL
3614,is_off_dodge,1,NULL
3614,is_right_handed,1,NULL
3614,shot_quality,2,NULL
3614,clean_save,0,NULL
3614,goal_loc_x,0.512172,NULL
3614,goal_loc_y,0.419531,NULL
3615,field_loc_x,0.432234,NULL
3615,field_loc_y,0.384531,NULL
3615,is_transition,1,NULL
3615,is_off_dodge,1,NULL
3615,is_right_handed,0,NULL
3615,shot_quality,3,NULL
3615,clean_save,0,NULL
3615,goal_loc_x,0.253108,NULL
3615,goal_loc_y,0.504531,NULL
3616,field_loc_x,0.362389,NULL
3616,field_loc_y,0.484531,NULL
3616,def_scheme,NULL,man
3616,is_transition,0,NULL
3616,is_off_dodge,1,NULL
3616,is_right_handed,0,NULL
3616,shot_quality,3,NULL
3616,goal_loc_x,0.355756,NULL
3616,goal_loc_y,0.704531,NULL
3617,field_loc_x,0.356316,NULL
3617,field_loc_y,0.609531,NULL
3617,def_scheme,NULL,man
3617,is_transition,0,NULL
3617,is_off_dodge,0,NULL
3617,is_right_handed,1,NULL
3617,shot_quality,2,NULL
3617,clean_save,0,NULL
3617,goal_loc_x,0.487732,NULL
3617,goal_loc_y,0.169531,NULL
3618,field_loc_x,0.39883,NULL
3618,field_loc_y,0.554531,NULL
3618,def_scheme,NULL,man
3618,is_transition,0,NULL
3618,is_off_dodge,1,NULL
3618,is_right_handed,1,NULL
3618,shot_quality,2,NULL
3618,goal_loc_x,0.766349,NULL
3618,goal_loc_y,0.419531,NULL
3619,field_loc_x,0.474748,NULL
3619,field_loc_y,0.654531,NULL
3619,def_scheme,NULL,man
3619,is_transition,0,NULL
3619,is_off_dodge,0,NULL
3619,is_right_handed,1,NULL
3619,shot_quality,1,NULL
3619,goal_loc_x,0.526836,NULL
3619,goal_loc_y,0.749531,NULL
3620,field_loc_x,0.304692,NULL
3620,field_loc_y,0.622031,NULL
3620,goal_loc_x,0.482844,NULL
3620,goal_loc_y,0.687031,NULL
3620,def_scheme,NULL,man
3620,is_transition,0,NULL
3620,is_off_dodge,0,NULL
3620,is_right_handed,1,NULL
3620,shot_quality,2,NULL
3620,clean_save,1,NULL
3621,field_loc_x,0.571922,NULL
3621,field_loc_y,0.569531,NULL
3621,def_scheme,NULL,man
3621,is_transition,0,NULL
3621,is_off_dodge,0,NULL
3621,is_right_handed,0,NULL
3621,shot_quality,2,NULL
3621,clean_save,0,NULL
3621,goal_loc_x,0.51706,NULL
3621,goal_loc_y,0.674531,NULL
3622,field_loc_x,0.590143,NULL
3622,field_loc_y,0.589531,NULL
3622,def_scheme,NULL,man
3622,is_transition,0,NULL
3622,is_off_dodge,1,NULL
3622,is_right_handed,1,NULL
3622,shot_quality,2,NULL
3622,goal_loc_x,0.859221,NULL
3622,goal_loc_y,0.409531,NULL
3623,field_loc_x,0.347206,NULL
3623,field_loc_y,0.514531,NULL
3623,def_scheme,NULL,man
3623,is_transition,0,NULL
3623,is_off_dodge,1,NULL
3623,is_right_handed,1,NULL
3623,shot_quality,3,NULL
3623,clean_save,1,NULL
3623,goal_loc_x,0.678365,NULL
3623,goal_loc_y,0.674531,NULL
3624,field_loc_x,0.544592,NULL
3624,field_loc_y,0.434531,NULL
3624,def_scheme,NULL,man
3624,is_transition,0,NULL
3624,is_off_dodge,1,NULL
3624,is_right_handed,1,NULL
3624,shot_quality,3,NULL
3624,clean_save,1,NULL
3624,goal_loc_x,0.316652,NULL
3624,goal_loc_y,0.659531,NULL
3625,field_loc_x,0.523335,NULL
3625,field_loc_y,0.379531,NULL
3625,def_scheme,NULL,man
3625,is_transition,0,NULL
3625,is_right_handed,0,NULL
3625,is_off_dodge,1,NULL
3625,shot_quality,2,NULL
3625,goal_loc_x,0.32154,NULL
3625,goal_loc_y,0.164531,NULL
3626,field_loc_x,0.626583,NULL
3626,field_loc_y,0.534531,NULL
3626,def_scheme,NULL,man
3626,is_transition,0,NULL
3626,is_off_dodge,0,NULL
3626,is_right_handed,1,NULL
3626,goal_loc_x,0.253108,NULL
3626,goal_loc_y,0.699531,NULL
3626,shot_quality,3,NULL
3627,field_loc_x,0.544592,NULL
3627,field_loc_y,0.659531,NULL
3627,def_scheme,NULL,man
3627,is_off_dodge,0,NULL
3627,is_transition,0,NULL
3627,is_right_handed,0,NULL
3627,shot_quality,1,NULL
3627,goal_loc_x,0.51706,NULL
3627,goal_loc_y,0.149531,NULL
3628,field_loc_x,0.568886,NULL
3628,field_loc_y,0.644531,NULL
3628,def_scheme,NULL,man
3628,is_transition,0,NULL
3628,is_off_dodge,1,NULL
3628,is_right_handed,1,NULL
3628,shot_quality,1,NULL
3628,goal_loc_x,0.634373,NULL
3628,goal_loc_y,0.684531,NULL
3629,field_loc_x,0.477784,NULL
3629,field_loc_y,0.319531,NULL
3629,def_scheme,NULL,man
3629,is_transition,0,NULL
3629,is_off_dodge,0,NULL
3629,is_right_handed,1,NULL
3629,shot_quality,3,NULL
3629,clean_save,0,NULL
3629,goal_loc_x,0.663701,NULL
3629,goal_loc_y,0.154531,NULL
3630,field_loc_x,0.559775,NULL
3630,field_loc_y,0.659531,NULL
3630,def_scheme,NULL,man
3630,is_transition,0,NULL
3630,is_off_dodge,1,NULL
3630,is_right_handed,0,NULL
3630,shot_quality,2,NULL
3630,goal_loc_x,0.829893,NULL
3630,goal_loc_y,0.329531,NULL
3631,field_loc_x,0.62051,NULL
3631,field_loc_y,0.429531,NULL
3631,def_scheme,NULL,man
3631,is_transition,0,NULL
3631,is_off_dodge,0,NULL
3631,is_right_handed,1,NULL
3631,shot_quality,3,NULL
3631,goal_loc_x,0.800565,NULL
3631,goal_loc_y,0.644531,NULL
3632,field_loc_x,0.559775,NULL
3632,field_loc_y,0.679531,NULL
3632,def_scheme,NULL,man
3632,is_transition,0,NULL
3632,is_off_dodge,1,NULL
3632,is_right_handed,0,NULL
3632,shot_quality,1,NULL
3632,goal_loc_x,0.497508,NULL
3632,goal_loc_y,0.154531,NULL
3633,field_loc_x,0.429197,NULL
3633,field_loc_y,0.504531,NULL
3633,def_scheme,NULL,man
3633,is_transition,0,NULL
3633,is_off_dodge,0,NULL
3633,is_right_handed,1,NULL
3633,shot_quality,1,NULL
3633,goal_loc_x,0.336204,NULL
3633,goal_loc_y,0.694531,NULL
3634,field_loc_x,0.380609,NULL
3634,field_loc_y,0.599531,NULL
3634,is_transition,1,NULL
3634,is_off_dodge,0,NULL
3634,def_scheme,NULL,man
3634,is_right_handed,1,NULL
3634,shot_quality,1,NULL
3634,goal_loc_x,0.512172,NULL
3634,goal_loc_y,0.739531,NULL
3635,field_loc_x,0.581033,NULL
3635,field_loc_y,0.454531,NULL
3635,def_scheme,NULL,man
3635,is_off_dodge,0,NULL
3635,is_right_handed,0,NULL
3635,shot_quality,2,NULL
3635,goal_loc_x,0.140683,NULL
3635,goal_loc_y,0.144531,NULL
3636,field_loc_x,0.565849,NULL
3636,field_loc_y,0.444531,NULL
3636,def_scheme,NULL,man
3636,is_transition,0,NULL
3636,is_off_dodge,0,NULL
3636,is_right_handed,0,NULL
3636,shot_quality,2,NULL
3636,goal_loc_x,0.253108,NULL
3636,goal_loc_y,0.159531,NULL
3637,field_loc_x,0.38972,NULL
3637,field_loc_y,0.529531,NULL
3637,is_transition,1,NULL
3637,is_off_dodge,0,NULL
3637,is_right_handed,1,NULL
3637,shot_quality,2,NULL
3637,goal_loc_x,0.898326,NULL
3637,goal_loc_y,0.779531,NULL
3638,field_loc_x,0.584069,NULL
3638,field_loc_y,0.759531,NULL
3638,def_scheme,NULL,man
3638,is_transition,0,NULL
3638,is_off_dodge,1,NULL
3638,is_right_handed,0,NULL
3638,shot_quality,3,NULL
3638,goal_loc_x,0.130907,NULL
3638,goal_loc_y,0.329531,NULL
3639,field_loc_x,0.423123,NULL
3639,field_loc_y,0.599531,NULL
3639,def_scheme,NULL,man
3639,is_transition,0,NULL
3639,is_off_dodge,0,NULL
3639,is_right_handed,0,NULL
3639,shot_quality,1,NULL
3639,goal_loc_x,0.898326,NULL
3639,goal_loc_y,0.129531,NULL
3640,field_loc_x,0.544592,NULL
3640,field_loc_y,0.594531,NULL
3640,def_scheme,NULL,man
3640,is_transition,0,NULL
3640,is_off_dodge,1,NULL
3640,is_right_handed,0,NULL
3640,shot_quality,1,NULL
3640,clean_save,1,NULL
3640,goal_loc_x,0.712581,NULL
3640,goal_loc_y,0.629531,NULL
3641,field_loc_x,0.420087,NULL
3641,field_loc_y,0.699531,NULL
3641,def_scheme,NULL,man
3641,is_transition,1,NULL
3641,is_off_dodge,0,NULL
3641,is_right_handed,1,NULL
3641,shot_quality,1,NULL
3641,goal_loc_x,0.697917,NULL
3641,goal_loc_y,0.169531,NULL
3642,field_loc_x,0.404903,NULL
3642,field_loc_y,0.639531,NULL
3642,def_scheme,NULL,man
3642,is_transition,0,NULL
3642,is_off_dodge,0,NULL
3642,is_right_handed,1,NULL
3642,shot_quality,1,NULL
3642,goal_loc_x,0.751685,NULL
3642,goal_loc_y,0.669531,NULL
3643,def_scheme,NULL,zone
3643,is_transition,0,NULL
3643,is_off_dodge,1,NULL
3643,is_right_handed,1,NULL
3643,shot_quality,1,NULL
3643,field_loc_x,0.447417,NULL
3643,field_loc_y,0.644531,NULL
3643,goal_loc_x,0.531724,NULL
3643,goal_loc_y,0.169531,NULL
3644,field_loc_x,0.44438,NULL
3644,field_loc_y,0.669531,NULL
3644,def_scheme,NULL,zone
3644,is_transition,0,NULL
3644,is_off_dodge,0,NULL
3644,is_right_handed,1,NULL
3644,shot_quality,1,NULL
3644,clean_save,0,NULL
3644,goal_loc_x,0.683253,NULL
3644,goal_loc_y,0.634531,NULL
3645,field_loc_x,0.414013,NULL
3645,field_loc_y,0.464531,NULL
3645,def_scheme,NULL,zone
3645,is_transition,0,NULL
3645,is_off_dodge,1,NULL
3645,is_right_handed,1,NULL
3645,shot_quality,2,NULL
3645,goal_loc_x,0.766349,NULL
3645,goal_loc_y,0.599531,NULL
3646,field_loc_x,0.550665,NULL
3646,field_loc_y,0.599531,NULL
3646,def_scheme,NULL,zone
3646,is_transition,0,NULL
3646,is_off_dodge,0,NULL
3646,is_right_handed,0,NULL
3646,shot_quality,1,NULL
3646,goal_loc_x,0.854333,NULL
3646,goal_loc_y,0.164531,NULL
3647,def_scheme,NULL,zone
3647,is_transition,0,NULL
3647,is_off_dodge,0,NULL
3647,is_right_handed,0,NULL
3647,shot_quality,2,NULL
3647,field_loc_x,0.63873,NULL
3647,field_loc_y,0.599531,NULL
3647,goal_loc_x,0.487732,NULL
3647,goal_loc_y,0.684531,NULL
3648,field_loc_x,0.547629,NULL
3648,field_loc_y,0.599531,NULL
3648,def_scheme,NULL,zone
3648,is_transition,0,NULL
3648,is_off_dodge,0,NULL
3648,is_right_handed,1,NULL
3648,shot_quality,1,NULL
3648,goal_loc_x,0.253108,NULL
3648,goal_loc_y,0.709531,NULL
3649,field_loc_x,0.462601,NULL
3649,field_loc_y,0.584531,NULL
3649,def_scheme,NULL,zone
3649,is_transition,0,NULL
3649,is_off_dodge,0,NULL
3649,is_right_handed,0,NULL
3649,shot_quality,1,NULL
3649,goal_loc_x,0.86411,NULL
3649,goal_loc_y,0.149531,NULL
3650,field_loc_x,0.471711,NULL
3650,field_loc_y,0.334531,NULL
3650,def_scheme,NULL,zone
3650,is_transition,0,NULL
3650,is_off_dodge,1,NULL
3650,is_right_handed,0,NULL
3650,shot_quality,3,NULL
3650,goal_loc_x,0.746797,NULL
3650,goal_loc_y,0.154531,NULL
3651,field_loc_x,0.565849,NULL
3651,field_loc_y,0.729531,NULL
3651,def_scheme,NULL,zone
3651,is_transition,0,NULL
3651,is_off_dodge,0,NULL
3651,is_right_handed,0,NULL
3651,shot_quality,1,NULL
3651,goal_loc_x,0.693029,NULL
3651,goal_loc_y,0.164531,NULL
3652,field_loc_x,0.635693,NULL
3652,field_loc_y,0.624531,NULL
3652,def_scheme,NULL,zone
3652,is_transition,0,NULL
3652,is_off_dodge,0,NULL
3652,is_right_handed,0,NULL
3652,shot_quality,2,NULL
3652,goal_loc_x,0.116243,NULL
3652,goal_loc_y,0.574531,NULL
3653,field_loc_x,0.562812,NULL
3653,field_loc_y,0.704531,NULL
3653,def_scheme,NULL,zone
3653,is_transition,0,NULL
3653,is_off_dodge,0,NULL
3653,is_right_handed,0,NULL
3653,shot_quality,1,NULL
3653,clean_save,0,NULL
3653,goal_loc_x,0.688141,NULL
3653,goal_loc_y,0.689531,NULL
3654,field_loc_x,0.371499,NULL
3654,field_loc_y,0.534531,NULL
3654,goal_loc_x,0.336204,NULL
3654,goal_loc_y,0.649531,NULL
3654,def_scheme,NULL,zone
3654,is_transition,0,NULL
3654,is_off_dodge,0,NULL
3654,is_right_handed,1,NULL
3654,shot_quality,2,NULL
3655,field_loc_x,0.365426,NULL
3655,field_loc_y,0.484531,NULL
3655,def_scheme,NULL,zone
3655,is_transition,0,NULL
3655,is_off_dodge,0,NULL
3655,is_right_handed,1,NULL
3655,shot_quality,2,NULL
3655,goal_loc_x,0.800565,NULL
3655,goal_loc_y,0.209531,NULL
3656,field_loc_x,0.362389,NULL
3656,field_loc_y,0.599531,NULL
3656,def_scheme,NULL,zone
3656,is_transition,0,NULL
3656,is_off_dodge,0,NULL
3656,is_right_handed,1,NULL
3656,shot_quality,2,NULL
3656,goal_loc_x,0.150459,NULL
3656,goal_loc_y,0.129531,NULL
3657,field_loc_x,0.362389,NULL
3657,field_loc_y,0.564531,NULL
3657,def_scheme,NULL,zone
3657,is_transition,0,NULL
3657,is_off_dodge,0,NULL
3657,is_right_handed,1,NULL
3657,shot_quality,2,NULL
3657,goal_loc_x,0.199339,NULL
3657,goal_loc_y,0.164531,NULL
3658,field_loc_x,0.480821,NULL
3658,field_loc_y,0.249531,NULL
3658,def_scheme,NULL,man
3658,is_transition,0,NULL
3658,is_off_dodge,1,NULL
3658,is_right_handed,1,NULL
3658,shot_quality,3,NULL
3658,goal_loc_x,0.409524,NULL
3658,goal_loc_y,0.859531,NULL
3659,field_loc_x,0.42616,NULL
3659,field_loc_y,0.414531,NULL
3659,goal_loc_x,0.702805,NULL
3659,goal_loc_y,0.849531,NULL
3659,def_scheme,NULL,man
3659,is_transition,0,NULL
3659,is_off_dodge,0,NULL
3659,is_right_handed,0,NULL
3659,shot_quality,2,NULL
3660,field_loc_x,0.41705,NULL
3660,field_loc_y,0.724531,NULL
3660,def_scheme,NULL,zone
3660,is_transition,0,NULL
3660,is_off_dodge,0,NULL
3660,is_right_handed,1,NULL
3660,shot_quality,2,NULL
3660,goal_loc_x,0.873886,NULL
3660,goal_loc_y,0.614531,NULL
3661,field_loc_x,0.471711,NULL
3661,field_loc_y,0.429531,NULL
3661,def_scheme,NULL,man
3661,is_transition,0,NULL
3661,is_off_dodge,1,NULL
3661,is_right_handed,0,NULL
3661,shot_quality,2,NULL
3661,clean_save,0,NULL
3661,goal_loc_x,0.326428,NULL
3661,goal_loc_y,0.564531,NULL
3662,field_loc_x,0.608363,NULL
3662,field_loc_y,0.429531,NULL
3662,def_scheme,NULL,man
3662,is_transition,0,NULL
3662,is_off_dodge,1,NULL
3662,is_right_handed,1,NULL
3662,shot_quality,3,NULL
3662,goal_loc_x,0.580605,NULL
3662,goal_loc_y,0.699531,NULL
3663,field_loc_x,0.359352,NULL
3663,field_loc_y,0.604531,NULL
3663,def_scheme,NULL,zone
3663,is_transition,0,NULL
3663,is_off_dodge,0,NULL
3663,is_right_handed,1,NULL
3663,shot_quality,2,NULL
3663,clean_save,0,NULL
3663,goal_loc_x,0.238444,NULL
3663,goal_loc_y,0.339531,NULL
3665,field_loc_x,0.65695,NULL
3665,field_loc_y,0.434531,NULL
3665,def_scheme,NULL,zone
3665,is_transition,0,NULL
3665,is_off_dodge,0,NULL
3665,is_right_handed,1,NULL
3665,shot_quality,3,NULL
3665,goal_loc_x,0.536612,NULL
3665,goal_loc_y,0.149531,NULL
3666,field_loc_x,0.356316,NULL
3666,field_loc_y,0.544531,NULL
3666,def_scheme,NULL,zone
3666,is_transition,0,NULL
3666,is_off_dodge,0,NULL
3666,is_right_handed,1,NULL
3666,shot_quality,2,NULL
3666,clean_save,0,NULL
3666,goal_loc_x,0.44374,NULL
3666,goal_loc_y,0.354531,NULL
3667,field_loc_x,0.608363,NULL
3667,field_loc_y,0.374531,NULL
3667,def_scheme,NULL,zone
3667,is_transition,0,NULL
3667,is_off_dodge,0,NULL
3667,is_right_handed,1,NULL
3667,shot_quality,3,NULL
3667,goal_loc_x,0.536612,NULL
3667,goal_loc_y,0.879531,NULL
3668,field_loc_x,0.362389,NULL
3668,field_loc_y,0.554531,NULL
3668,def_scheme,NULL,zone
3668,is_transition,0,NULL
3668,is_off_dodge,0,NULL
3668,is_right_handed,1,NULL
3668,shot_quality,2,NULL
3668,goal_loc_x,0.287324,NULL
3668,goal_loc_y,0.694531,NULL
3669,field_loc_x,0.626583,NULL
3669,field_loc_y,0.439531,NULL
3669,def_scheme,NULL,zone
3669,is_transition,0,NULL
3669,is_off_dodge,0,NULL
3669,is_right_handed,0,NULL
3669,shot_quality,2,NULL
3669,goal_loc_x,0.111355,NULL
3669,goal_loc_y,0.149531,NULL
3670,field_loc_x,0.577996,NULL
3670,field_loc_y,0.549531,NULL
3670,def_scheme,NULL,zone
3670,is_transition,0,NULL
3670,is_off_dodge,1,NULL
3670,is_right_handed,0,NULL
3670,shot_quality,2,NULL
3670,goal_loc_x,0.238444,NULL
3670,goal_loc_y,0.624531,NULL
3671,field_loc_x,0.38972,NULL
3671,field_loc_y,0.294531,NULL
3671,goal_loc_x,0.482844,NULL
3671,goal_loc_y,0.164531,NULL
3671,def_scheme,NULL,zone
3671,is_transition,0,NULL
3671,is_off_dodge,0,NULL
3671,is_right_handed,0,NULL
3671,shot_quality,3,NULL
3671,clean_save,0,NULL
3672,field_loc_x,0.450454,NULL
3672,field_loc_y,0.504531,NULL
3672,def_scheme,NULL,man
3672,is_transition,0,NULL
3672,is_off_dodge,0,NULL
3672,is_right_handed,1,NULL
3672,shot_quality,2,NULL
3672,goal_loc_x,0.267772,NULL
3672,goal_loc_y,0.594531,NULL
3673,field_loc_x,0.377573,NULL
3673,field_loc_y,0.564531,NULL
3673,def_scheme,NULL,man
3673,is_transition,0,NULL
3673,is_off_dodge,0,NULL
3673,is_right_handed,1,NULL
3673,shot_quality,1,NULL
3673,goal_loc_x,0.502396,NULL
3673,goal_loc_y,0.849531,NULL
3674,field_loc_x,0.42616,NULL
3674,field_loc_y,0.754531,NULL
3674,def_scheme,NULL,man
3674,is_transition,0,NULL
3674,is_off_dodge,1,NULL
3674,is_right_handed,1,NULL
3674,shot_quality,3,NULL
3674,goal_loc_x,0.88855,NULL
3674,goal_loc_y,0.284531,NULL
3675,field_loc_x,0.581033,NULL
3675,field_loc_y,0.654531,NULL
3675,def_scheme,NULL,man
3675,is_transition,0,NULL
3675,is_right_handed,0,NULL
3675,shot_quality,1,NULL
3675,goal_loc_x,0.746797,NULL
3675,goal_loc_y,0.554531,NULL
3676,def_scheme,NULL,zone
3676,is_transition,0,NULL
3676,is_off_dodge,0,NULL
3676,is_right_handed,0,NULL
3676,shot_quality,1,NULL
3676,goal_loc_x,0.893438,NULL
3676,goal_loc_y,0.784531,NULL
3676,field_loc_x,0.441344,NULL
3676,field_loc_y,0.614531,NULL
3677,field_loc_x,0.553702,NULL
3677,field_loc_y,0.649531,NULL
3677,def_scheme,NULL,zone
3677,is_transition,0,NULL
3677,is_off_dodge,0,NULL
3677,is_right_handed,0,NULL
3677,shot_quality,1,NULL
3677,goal_loc_x,0.605045,NULL
3677,goal_loc_y,0.819531,NULL
3678,field_loc_x,0.535482,NULL
3678,field_loc_y,0.599531,NULL
3678,def_scheme,NULL,zone
3678,is_transition,0,NULL
3678,is_off_dodge,0,NULL
3678,is_right_handed,1,NULL
3678,shot_quality,1,NULL
3678,goal_loc_x,0.257996,NULL
3678,goal_loc_y,0.699531,NULL
3679,field_loc_x,0.380609,NULL
3679,field_loc_y,0.574531,NULL
3679,def_scheme,NULL,zone
3679,is_transition,0,NULL
3679,is_off_dodge,0,NULL
3679,is_right_handed,1,NULL
3679,shot_quality,2,NULL
3679,goal_loc_x,0.86411,NULL
3679,goal_loc_y,0.159531,NULL
3680,field_loc_x,0.547629,NULL
3680,field_loc_y,0.489531,NULL
3680,def_scheme,NULL,zone
3680,is_transition,0,NULL
3680,is_off_dodge,0,NULL
3680,is_right_handed,1,NULL
3680,shot_quality,2,NULL
3680,goal_loc_x,0.257996,NULL
3680,goal_loc_y,0.204531,NULL
3681,field_loc_x,0.432234,NULL
3681,field_loc_y,0.544531,NULL
3681,def_scheme,NULL,zone
3681,is_transition,0,NULL
3681,is_right_handed,1,NULL
3681,shot_quality,2,NULL
3681,goal_loc_x,0.707693,NULL
3681,goal_loc_y,0.814531,NULL
3682,field_loc_x,0.644803,NULL
3682,field_loc_y,0.579531,NULL
3682,def_scheme,NULL,zone
3682,is_transition,0,NULL
3682,is_off_dodge,0,NULL
3682,is_right_handed,0,NULL
3682,shot_quality,2,NULL
3682,goal_loc_x,0.49262,NULL
3682,goal_loc_y,0.154531,NULL
3683,field_loc_x,0.465637,NULL
3683,field_loc_y,0.339531,NULL
3683,def_scheme,NULL,zone
3683,is_transition,0,NULL
3683,is_off_dodge,1,NULL
3683,is_right_handed,1,NULL
3683,shot_quality,3,NULL
3683,goal_loc_x,0.859221,NULL
3683,goal_loc_y,0.434531,NULL
3684,field_loc_x,0.526372,NULL
3684,field_loc_y,0.664531,NULL
3684,def_scheme,NULL,man
3684,is_transition,0,NULL
3684,is_off_dodge,0,NULL
3684,is_right_handed,1,NULL
3684,shot_quality,2,NULL
3684,goal_loc_x,0.482844,NULL
3684,goal_loc_y,0.809531,NULL
3685,field_loc_x,0.42616,NULL
3685,field_loc_y,0.324531,NULL
3685,def_scheme,NULL,man
3685,is_transition,0,NULL
3685,is_off_dodge,0,NULL
3685,is_right_handed,1,NULL
3685,shot_quality,3,NULL
3685,goal_loc_x,0.868998,NULL
3685,goal_loc_y,0.239531,NULL
3686,field_loc_x,0.565849,NULL
3686,field_loc_y,0.734531,NULL
3686,def_scheme,NULL,man
3686,is_transition,0,NULL
3686,is_off_dodge,0,NULL
3686,is_right_handed,0,NULL
3686,shot_quality,3,NULL
3686,goal_loc_x,0.111355,NULL
3686,goal_loc_y,0.584531,NULL
3687,field_loc_x,0.556739,NULL
3687,field_loc_y,0.409531,NULL
3687,def_scheme,NULL,man
3687,is_transition,0,NULL
3687,is_off_dodge,1,NULL
3687,is_right_handed,1,NULL
3687,shot_quality,2,NULL
3687,goal_loc_x,0.238444,NULL
3687,goal_loc_y,0.139531,NULL
3688,field_loc_x,0.41705,NULL
3688,field_loc_y,0.499531,NULL
3688,def_scheme,NULL,man
3688,is_transition,0,NULL
3688,is_off_dodge,1,NULL
3688,is_right_handed,0,NULL
3688,shot_quality,2,NULL
3688,goal_loc_x,0.859221,NULL
3688,goal_loc_y,0.384531,NULL
3689,field_loc_x,0.526372,NULL
3689,field_loc_y,0.289531,NULL
3689,def_scheme,NULL,man
3689,is_transition,0,NULL
3689,is_off_dodge,0,NULL
3689,is_right_handed,0,NULL
3689,shot_quality,3,NULL
3689,goal_loc_x,0.561053,NULL
3689,goal_loc_y,0.804531,NULL
3690,field_loc_x,0.538518,NULL
3690,field_loc_y,0.494531,NULL
3690,def_scheme,NULL,zone
3690,is_transition,0,NULL
3690,is_off_dodge,0,NULL
3690,is_right_handed,1,NULL
3690,shot_quality,2,NULL
3690,goal_loc_x,0.091803,NULL
3690,goal_loc_y,0.624531,NULL
3691,field_loc_x,0.538518,NULL
3691,field_loc_y,0.479531,NULL
3691,def_scheme,NULL,zone
3691,is_transition,0,NULL
3691,is_off_dodge,1,NULL
3691,is_right_handed,0,NULL
3691,shot_quality,3,NULL
3691,goal_loc_x,0.854333,NULL
3691,goal_loc_y,0.174531,NULL
3692,field_loc_x,0.593179,NULL
3692,field_loc_y,0.484531,NULL
3692,def_scheme,NULL,man
3692,is_transition,0,NULL
3692,is_off_dodge,1,NULL
3692,is_right_handed,1,NULL
3692,shot_quality,3,NULL
3692,goal_loc_x,0.121131,NULL
3692,goal_loc_y,0.529531,NULL
3693,field_loc_x,0.371499,NULL
3693,field_loc_y,0.624531,NULL
3693,def_scheme,NULL,man
3693,is_transition,0,NULL
3693,is_off_dodge,0,NULL
3693,is_right_handed,1,NULL
3693,shot_quality,2,NULL
3694,field_loc_x,0.462601,NULL
3694,field_loc_y,0.544531,NULL
3694,def_scheme,NULL,man
3694,is_transition,0,NULL
3694,is_off_dodge,0,NULL
3694,is_right_handed,1,NULL
3694,shot_quality,2,NULL
3694,goal_loc_x,0.477956,NULL
3694,goal_loc_y,0.854531,NULL
3695,field_loc_x,0.577996,NULL
3695,field_loc_y,0.374531,NULL
3695,def_scheme,NULL,man
3695,is_transition,0,NULL
3695,is_off_dodge,1,NULL
3695,is_right_handed,1,NULL
3695,shot_quality,3,NULL
3695,clean_save,1,NULL
3695,goal_loc_x,0.341092,NULL
3695,goal_loc_y,0.599531,NULL
3696,field_loc_x,0.468674,NULL
3696,field_loc_y,0.669531,NULL
3696,def_scheme,NULL,man
3696,is_transition,0,NULL
3696,is_off_dodge,1,NULL
3696,is_right_handed,1,NULL
3696,shot_quality,1,NULL
3696,goal_loc_x,0.751685,NULL
3696,goal_loc_y,0.439531,NULL
3697,field_loc_x,0.502078,NULL
3697,field_loc_y,0.569531,NULL
3697,def_scheme,NULL,man
3697,is_transition,0,NULL
3697,is_off_dodge,0,NULL
3697,is_right_handed,0,NULL
3697,shot_quality,1,NULL
3697,clean_save,0,NULL
3697,goal_loc_x,0.477956,NULL
3697,goal_loc_y,0.624531,NULL
3698,field_loc_x,0.562812,NULL
3698,field_loc_y,0.739531,NULL
3698,def_scheme,NULL,man
3698,is_transition,0,NULL
3698,is_off_dodge,1,NULL
3698,is_right_handed,1,NULL
3698,shot_quality,2,NULL
3698,goal_loc_x,0.106467,NULL
3698,goal_loc_y,0.204531,NULL
3699,field_loc_x,0.492968,NULL
3699,field_loc_y,0.654531,NULL
3699,def_scheme,NULL,man
3699,is_transition,0,NULL
3699,is_off_dodge,0,NULL
3699,is_right_handed,0,NULL
3699,shot_quality,1,NULL
3699,goal_loc_x,0.751685,NULL
3699,goal_loc_y,0.499531,NULL
3700,field_loc_x,0.553702,NULL
3700,field_loc_y,0.654531,NULL
3700,def_scheme,NULL,man
3700,is_transition,0,NULL
3700,is_off_dodge,1,NULL
3700,is_right_handed,0,NULL
3700,shot_quality,1,NULL
3700,goal_loc_x,0.800565,NULL
3700,goal_loc_y,0.249531,NULL
3701,field_loc_x,0.562812,NULL
3701,field_loc_y,0.719531,NULL
3701,def_scheme,NULL,man
3701,is_transition,0,NULL
3701,is_off_dodge,1,NULL
3701,is_right_handed,1,NULL
3701,shot_quality,2,NULL
3701,clean_save,1,NULL
3701,goal_loc_x,0.433964,NULL
3701,goal_loc_y,0.619531,NULL
3702,field_loc_x,0.344169,NULL
3702,field_loc_y,0.604531,NULL
3702,def_scheme,NULL,man
3702,is_transition,0,NULL
3702,is_off_dodge,0,NULL
3702,is_right_handed,1,NULL
3702,shot_quality,2,NULL
3702,goal_loc_x,0.873886,NULL
3702,goal_loc_y,0.829531,NULL
3703,field_loc_x,0.568886,NULL
3703,field_loc_y,0.674531,NULL
3703,def_scheme,NULL,man
3703,is_transition,0,NULL
3703,is_off_dodge,1,NULL
3703,is_right_handed,0,NULL
3703,shot_quality,1,NULL
3703,goal_loc_x,0.189563,NULL
3703,goal_loc_y,0.234531,NULL
3704,field_loc_x,0.617473,NULL
3704,field_loc_y,0.594531,NULL
3704,def_scheme,NULL,man
3704,is_transition,0,NULL
3704,is_off_dodge,1,NULL
3704,is_right_handed,0,NULL
3704,shot_quality,2,NULL
3704,clean_save,0,NULL
3704,goal_loc_x,0.546389,NULL
3704,goal_loc_y,0.174531,NULL
3705,field_loc_x,0.447417,NULL
3705,field_loc_y,0.709531,NULL
3705,def_scheme,NULL,man
3705,is_transition,0,NULL
3705,is_off_dodge,0,NULL
3705,is_right_handed,1,NULL
3705,shot_quality,1,NULL
3705,goal_loc_x,0.697917,NULL
3705,goal_loc_y,0.684531,NULL
3706,field_loc_x,0.529408,NULL
3706,field_loc_y,0.289531,NULL
3706,def_scheme,NULL,man
3706,is_transition,0,NULL
3706,is_off_dodge,0,NULL
3706,is_right_handed,1,NULL
3706,shot_quality,3,NULL
3706,clean_save,1,NULL
3706,goal_loc_x,0.27266,NULL
3706,goal_loc_y,0.389531,NULL
3707,field_loc_x,0.368463,NULL
3707,field_loc_y,0.569531,NULL
3707,def_scheme,NULL,man
3707,is_transition,0,NULL
3707,is_off_dodge,1,NULL
3707,is_right_handed,1,NULL
3707,shot_quality,2,NULL
3707,clean_save,0,NULL
3707,goal_loc_x,0.639261,NULL
3707,goal_loc_y,0.359531,NULL
3708,field_loc_x,0.617473,NULL
3708,field_loc_y,0.434531,NULL
3708,def_scheme,NULL,man
3708,is_transition,0,NULL
3708,is_off_dodge,1,NULL
3708,is_right_handed,1,NULL
3708,shot_quality,3,NULL
3708,goal_loc_x,0.111355,NULL
3708,goal_loc_y,0.184531,NULL
3709,field_loc_x,0.328985,NULL
3709,field_loc_y,0.599531,NULL
3709,def_scheme,NULL,man
3709,is_transition,0,NULL
3709,is_off_dodge,0,NULL
3709,is_right_handed,1,NULL
3709,shot_quality,2,NULL
3709,goal_loc_x,0.160235,NULL
3709,goal_loc_y,0.614531,NULL
3710,field_loc_x,0.562812,NULL
3710,field_loc_y,0.594531,NULL
3710,def_scheme,NULL,man
3710,is_transition,0,NULL
3710,is_off_dodge,0,NULL
3710,is_right_handed,1,NULL
3710,shot_quality,3,NULL
3710,goal_loc_x,0.086915,NULL
3710,goal_loc_y,0.834531,NULL
3711,field_loc_x,0.550665,NULL
3711,field_loc_y,0.684531,NULL
3711,def_scheme,NULL,man
3711,is_transition,0,NULL
3711,is_off_dodge,0,NULL
3711,is_right_handed,0,NULL
3711,shot_quality,1,NULL
3711,goal_loc_x,0.761461,NULL
3711,goal_loc_y,0.669531,NULL
3712,field_loc_x,0.559775,NULL
3712,field_loc_y,0.699531,NULL
3712,def_scheme,NULL,man
3712,is_transition,0,NULL
3712,is_off_dodge,0,NULL
3712,is_right_handed,0,NULL
3712,shot_quality,1,NULL
3712,goal_loc_x,0.267772,NULL
3712,goal_loc_y,0.149531,NULL
3713,field_loc_x,0.562812,NULL
3713,field_loc_y,0.679531,NULL
3713,def_scheme,NULL,man
3713,is_transition,0,NULL
3713,is_off_dodge,0,NULL
3713,is_right_handed,0,NULL
3713,shot_quality,1,NULL
3713,clean_save,0,NULL
3713,goal_loc_x,0.683253,NULL
3713,goal_loc_y,0.674531,NULL
3714,field_loc_x,0.40794,NULL
3714,field_loc_y,0.534531,NULL
3714,def_scheme,NULL,man
3714,is_transition,0,NULL
3714,is_off_dodge,1,NULL
3714,is_right_handed,0,NULL
3714,shot_quality,3,NULL
3714,clean_save,0,NULL
3714,goal_loc_x,0.497508,NULL
3714,goal_loc_y,0.139531,NULL
3715,field_loc_x,0.353279,NULL
3715,field_loc_y,0.297031,NULL
3715,def_scheme,NULL,man
3715,is_transition,0,NULL
3715,is_off_dodge,0,NULL
3715,is_right_handed,1,NULL
3715,shot_quality,3,NULL
3715,clean_save,0,NULL
3715,goal_loc_x,0.51706,NULL
3715,goal_loc_y,0.142031,NULL
3716,field_loc_x,0.553702,NULL
3716,field_loc_y,0.472031,NULL
3716,def_scheme,NULL,man
3716,is_transition,0,NULL
3716,is_off_dodge,1,NULL
3716,is_right_handed,0,NULL
3716,shot_quality,2,NULL
3716,goal_loc_x,0.732133,NULL
3716,goal_loc_y,0.697031,NULL
3717,field_loc_x,0.438307,NULL
3717,field_loc_y,0.692031,NULL
3717,goal_loc_x,0.46818,NULL
3717,goal_loc_y,0.147031,NULL
3717,def_scheme,NULL,man
3717,is_transition,0,NULL
3717,is_off_dodge,1,NULL
3717,is_right_handed,1,NULL
3717,shot_quality,1,NULL
3717,clean_save,0,NULL
3718,field_loc_x,0.383646,NULL
3718,field_loc_y,0.602031,NULL
3718,def_scheme,NULL,man
3718,is_transition,0,NULL
3718,is_off_dodge,1,NULL
3718,is_right_handed,1,NULL
3718,shot_quality,2,NULL
3718,goal_loc_x,0.189563,NULL
3718,goal_loc_y,0.827031,NULL
3719,field_loc_x,0.562812,NULL
3719,field_loc_y,0.682031,NULL
3719,def_scheme,NULL,man
3719,is_transition,0,NULL
3719,is_off_dodge,1,NULL
3719,is_right_handed,0,NULL
3719,shot_quality,1,NULL
3719,goal_loc_x,0.160235,NULL
3719,goal_loc_y,0.812031,NULL
3720,field_loc_x,0.605326,NULL
3720,field_loc_y,0.612031,NULL
3720,def_scheme,NULL,man
3720,is_transition,0,NULL
3720,is_off_dodge,0,NULL
3720,is_right_handed,0,NULL
3720,shot_quality,2,NULL
3720,goal_loc_x,0.160235,NULL
3720,goal_loc_y,0.842031,NULL
3721,field_loc_x,0.541555,NULL
3721,field_loc_y,0.677031,NULL
3721,def_scheme,NULL,man
3721,is_transition,0,NULL
3721,is_off_dodge,0,NULL
3721,is_right_handed,0,NULL
3721,shot_quality,1,NULL
3721,goal_loc_x,0.306876,NULL
3721,goal_loc_y,0.142031,NULL
3722,field_loc_x,0.547629,NULL
3722,field_loc_y,0.622031,NULL
3722,def_scheme,NULL,man
3722,is_transition,0,NULL
3722,is_off_dodge,1,NULL
3722,is_right_handed,0,NULL
3722,shot_quality,1,NULL
3722,clean_save,0,NULL
3722,goal_loc_x,0.531724,NULL
3722,goal_loc_y,0.652031,NULL
3723,field_loc_x,0.568886,NULL
3723,field_loc_y,0.372031,NULL
3723,def_scheme,NULL,man
3723,is_transition,0,NULL
3723,is_off_dodge,0,NULL
3723,is_right_handed,1,NULL
3723,shot_quality,2,NULL
3723,goal_loc_x,0.116243,NULL
3723,goal_loc_y,0.142031,NULL
3724,field_loc_x,0.565849,NULL
3724,field_loc_y,0.687031,NULL
3724,def_scheme,NULL,man
3724,is_transition,0,NULL
3724,is_off_dodge,1,NULL
3724,is_right_handed,0,NULL
3724,shot_quality,1,NULL
3724,goal_loc_x,0.756573,NULL
3724,goal_loc_y,0.167031,NULL
3725,field_loc_x,0.568886,NULL
3725,field_loc_y,0.347031,NULL
3725,is_transition,1,NULL
3725,is_off_dodge,1,NULL
3725,is_right_handed,1,NULL
3725,shot_quality,3,NULL
3725,goal_loc_x,0.243332,NULL
3725,goal_loc_y,0.147031,NULL
3726,field_loc_x,0.547629,NULL
3726,field_loc_y,0.372031,NULL
3726,is_transition,1,NULL
3726,is_off_dodge,1,NULL
3726,is_right_handed,1,NULL
3726,shot_quality,3,NULL
3726,goal_loc_x,0.683253,NULL
3726,goal_loc_y,0.812031,NULL
3727,field_loc_x,0.41705,NULL
3727,field_loc_y,0.372031,NULL
3727,is_transition,1,NULL
3727,is_off_dodge,1,NULL
3727,def_scheme,NULL,man
3727,is_right_handed,1,NULL
3727,shot_quality,2,NULL
3727,goal_loc_x,0.238444,NULL
3727,goal_loc_y,0.697031,NULL
3728,field_loc_x,0.562812,NULL
3728,field_loc_y,0.387031,NULL
3728,def_scheme,NULL,man
3728,is_transition,0,NULL
3728,is_off_dodge,1,NULL
3728,is_right_handed,0,NULL
3728,shot_quality,2,NULL
3728,goal_loc_x,0.262884,NULL
3728,goal_loc_y,0.162031,NULL
3729,field_loc_x,0.568886,NULL
3729,field_loc_y,0.434531,NULL
3729,def_scheme,NULL,man
3729,is_transition,0,NULL
3729,is_off_dodge,1,NULL
3729,is_right_handed,1,NULL
3729,shot_quality,2,NULL
3729,clean_save,1,NULL
3729,goal_loc_x,0.502396,NULL
3729,goal_loc_y,0.684531,NULL
3731,field_loc_x,0.599253,NULL
3731,field_loc_y,0.689531,NULL
3731,def_scheme,NULL,man
3731,is_transition,0,NULL
3731,is_off_dodge,1,NULL
3731,is_right_handed,0,NULL
3731,shot_quality,3,NULL
3731,goal_loc_x,0.834781,NULL
3731,goal_loc_y,0.364531,NULL
3732,field_loc_x,0.505115,NULL
3732,field_loc_y,0.644531,NULL
3732,is_transition,1,NULL
3732,is_off_dodge,0,NULL
3732,is_right_handed,0,NULL
3732,shot_quality,1,NULL
3732,goal_loc_x,0.24822,NULL
3732,goal_loc_y,0.604531,NULL
3733,field_loc_x,0.596216,NULL
3733,field_loc_y,0.434531,NULL
3733,is_transition,1,NULL
3733,is_off_dodge,1,NULL
3733,is_right_handed,1,NULL
3733,shot_quality,3,NULL
3733,goal_loc_x,0.194451,NULL
3733,goal_loc_y,0.409531,NULL
3734,field_loc_x,0.401866,NULL
3734,field_loc_y,0.624531,NULL
3734,def_scheme,NULL,man
3734,is_transition,0,NULL
3734,is_off_dodge,1,NULL
3734,is_right_handed,1,NULL
3734,shot_quality,2,NULL
3801,field_loc_x,0.496005,NULL
3801,field_loc_y,0.549531,NULL
3801,def_scheme,NULL,man
3801,is_transition,0,NULL
3801,is_off_dodge,0,NULL
3801,is_right_handed,1,NULL
3801,shot_quality,2,NULL
3801,clean_save,0,NULL
3801,goal_loc_x,0.336204,NULL
3801,goal_loc_y,0.614531,NULL
3802,field_loc_x,0.520298,NULL
3802,field_loc_y,0.664531,NULL
3802,def_scheme,NULL,man
3802,is_transition,0,NULL
3802,is_off_dodge,1,NULL
3802,is_right_handed,0,NULL
3802,shot_quality,1,NULL
3802,goal_loc_x,0.282436,NULL
3802,goal_loc_y,0.159531,NULL
3804,field_loc_x,0.410977,NULL
3804,field_loc_y,0.609531,NULL
3804,def_scheme,NULL,man
3804,is_transition,0,NULL
3804,is_off_dodge,0,NULL
3804,is_right_handed,1,NULL
3804,shot_quality,2,NULL
3804,clean_save,0,NULL
3804,goal_loc_x,0.717469,NULL
3804,goal_loc_y,0.589531,NULL
3805,field_loc_x,0.562812,NULL
3805,field_loc_y,0.659531,NULL
3805,def_scheme,NULL,man
3805,is_transition,0,NULL
3805,is_off_dodge,0,NULL
3805,is_right_handed,1,NULL
3805,shot_quality,1,NULL
3805,clean_save,0,NULL
3805,goal_loc_x,0.741909,NULL
3805,goal_loc_y,0.624531,NULL
3806,field_loc_x,0.590143,NULL
3806,field_loc_y,0.569531,NULL
3806,def_scheme,NULL,man
3806,is_transition,0,NULL
3806,is_off_dodge,1,NULL
3806,is_right_handed,1,NULL
3806,shot_quality,2,NULL
3806,goal_loc_x,0.619709,NULL
3806,goal_loc_y,0.0495313,NULL
3807,field_loc_x,0.574959,NULL
3807,field_loc_y,0.744531,NULL
3807,def_scheme,NULL,man
3807,is_transition,0,NULL
3807,is_off_dodge,1,NULL
3807,is_right_handed,0,NULL
3807,shot_quality,3,NULL
3807,goal_loc_x,0.531724,NULL
3807,goal_loc_y,0.154531,NULL
3807,clean_save,0,NULL
3808,field_loc_x,0.420087,NULL
3808,field_loc_y,0.629531,NULL
3808,def_scheme,NULL,man
3808,is_transition,0,NULL
3808,is_off_dodge,1,NULL
3808,is_right_handed,1,NULL
3808,shot_quality,1,NULL
3808,goal_loc_x,0.487732,NULL
3808,goal_loc_y,0.154531,NULL
3809,field_loc_x,0.577996,NULL
3809,field_loc_y,0.364531,NULL
3809,def_scheme,NULL,man
3809,is_transition,0,NULL
3809,is_off_dodge,1,NULL
3809,is_right_handed,1,NULL
3809,shot_quality,3,NULL
3809,goal_loc_x,0.859221,NULL
3809,goal_loc_y,0.779531,NULL
3810,field_loc_x,0.307728,NULL
3810,field_loc_y,0.0395312,NULL
3810,def_scheme,NULL,man
3810,is_transition,0,NULL
3810,is_off_dodge,0,NULL
3810,is_right_handed,1,NULL
3810,shot_quality,3,NULL
3810,goal_loc_x,0.24822,NULL
3810,goal_loc_y,0.469531,NULL
3811,field_loc_x,0.571922,NULL
3811,field_loc_y,0.659531,NULL
3811,def_scheme,NULL,man
3811,is_transition,0,NULL
3811,is_off_dodge,1,NULL
3811,is_right_handed,0,NULL
3811,shot_quality,1,NULL
3811,goal_loc_x,0.697917,NULL
3811,goal_loc_y,0.664531,NULL
3812,field_loc_x,0.568886,NULL
3812,field_loc_y,0.564531,NULL
3812,def_scheme,NULL,man
3812,is_transition,0,NULL
3812,is_off_dodge,1,NULL
3812,is_right_handed,0,NULL
3812,shot_quality,2,NULL
3812,goal_loc_x,0.209115,NULL
3812,goal_loc_y,0.864531,NULL
3813,field_loc_x,0.535482,NULL
3813,field_loc_y,0.564531,NULL
3813,def_scheme,NULL,man
3813,is_transition,0,NULL
3813,is_off_dodge,1,NULL
3813,is_right_handed,1,NULL
3813,shot_quality,2,NULL
3813,clean_save,1,NULL
3813,goal_loc_x,0.350868,NULL
3813,goal_loc_y,0.419531,NULL
3814,field_loc_x,0.41705,NULL
3814,field_loc_y,0.269531,NULL
3814,def_scheme,NULL,man
3814,is_transition,0,NULL
3814,is_off_dodge,0,NULL
3814,is_right_handed,0,NULL
3814,shot_quality,3,NULL
3814,clean_save,0,NULL
3814,goal_loc_x,0.751685,NULL
3814,goal_loc_y,0.679531,NULL
3816,field_loc_x,0.593179,NULL
3816,field_loc_y,0.519531,NULL
3816,is_transition,1,NULL
3816,is_off_dodge,0,NULL
3816,is_right_handed,0,NULL
3816,shot_quality,2,NULL
3816,clean_save,1,NULL
3816,goal_loc_x,0.565941,NULL
3816,goal_loc_y,0.379531,NULL
3817,field_loc_x,0.562812,NULL
3817,field_loc_y,0.674531,NULL
3817,def_scheme,NULL,man
3817,is_transition,0,NULL
3817,is_off_dodge,1,NULL
3817,is_right_handed,0,NULL
3817,shot_quality,1,NULL
3817,goal_loc_x,0.111355,NULL
3817,goal_loc_y,0.139531,NULL
3818,field_loc_x,0.505115,NULL
3818,field_loc_y,0.274531,NULL
3818,is_transition,1,NULL
3818,is_off_dodge,0,NULL
3818,is_right_handed,1,NULL
3818,shot_quality,3,NULL
3818,goal_loc_x,0.126019,NULL
3818,goal_loc_y,0.119531,NULL
3819,field_loc_x,0.581033,NULL
3819,field_loc_y,0.369531,NULL
3819,def_scheme,NULL,man
3819,is_transition,0,NULL
3819,is_off_dodge,0,NULL
3819,is_right_handed,0,NULL
3819,shot_quality,2,NULL
3819,clean_save,0,NULL
3819,goal_loc_x,0.565941,NULL
3819,goal_loc_y,0.479531,NULL
3820,field_loc_x,0.480821,NULL
3820,field_loc_y,0.634531,NULL
3820,is_transition,1,NULL
3820,is_off_dodge,0,NULL
3820,is_right_handed,0,NULL
3820,shot_quality,1,NULL
3820,clean_save,0,NULL
3820,goal_loc_x,0.34598,NULL
3820,goal_loc_y,0.679531,NULL
3822,field_loc_x,0.383646,NULL
3822,field_loc_y,0.644531,NULL
3822,def_scheme,NULL,man
3822,is_transition,0,NULL
3822,is_off_dodge,1,NULL
3822,is_right_handed,1,NULL
3822,shot_quality,2,NULL
3822,clean_save,0,NULL
3822,goal_loc_x,0.453516,NULL
3822,goal_loc_y,0.159531,NULL
3823,field_loc_x,0.538518,NULL
3823,field_loc_y,0.599531,NULL
3823,def_scheme,NULL,man
3823,is_transition,0,NULL
3823,is_off_dodge,0,NULL
3823,is_right_handed,1,NULL
3823,shot_quality,1,NULL
3823,goal_loc_x,0.24822,NULL
3823,goal_loc_y,0.679531,NULL
3824,field_loc_x,0.441344,NULL
3824,field_loc_y,0.659531,NULL
3824,def_scheme,NULL,man
3824,is_transition,0,NULL
3824,is_off_dodge,1,NULL
3824,is_right_handed,1,NULL
3824,shot_quality,1,NULL
3824,goal_loc_x,0.932542,NULL
3824,goal_loc_y,0.329531,NULL
3825,field_loc_x,0.441344,NULL
3825,field_loc_y,0.419531,NULL
3825,def_scheme,NULL,man
3825,is_transition,0,NULL
3825,is_off_dodge,1,NULL
3825,is_right_handed,1,NULL
3825,shot_quality,2,NULL
3825,goal_loc_x,0.751685,NULL
3825,goal_loc_y,0.719531,NULL
3826,field_loc_x,0.423123,NULL
3826,field_loc_y,0.654531,NULL
3826,def_scheme,NULL,man
3826,is_transition,0,NULL
3826,is_off_dodge,1,NULL
3826,is_right_handed,1,NULL
3826,shot_quality,1,NULL
3826,goal_loc_x,0.507284,NULL
3826,goal_loc_y,0.144531,NULL
3827,field_loc_x,0.574959,NULL
3827,field_loc_y,0.754531,NULL
3827,def_scheme,NULL,man
3827,is_transition,0,NULL
3827,is_off_dodge,1,NULL
3827,is_right_handed,0,NULL
3827,shot_quality,2,NULL
3827,goal_loc_x,0.805453,NULL
3827,goal_loc_y,0.654531,NULL
3828,field_loc_x,0.423123,NULL
3828,field_loc_y,0.714531,NULL
3828,def_scheme,NULL,man
3828,is_transition,0,NULL
3828,is_off_dodge,1,NULL
3828,is_right_handed,0,NULL
3828,shot_quality,2,NULL
3828,goal_loc_x,0.590381,NULL
3828,goal_loc_y,0.744531,NULL
3829,field_loc_x,0.453491,NULL
3829,field_loc_y,0.674531,NULL
3829,def_scheme,NULL,man
3829,is_transition,0,NULL
3829,is_off_dodge,0,NULL
3829,is_right_handed,1,NULL
3829,shot_quality,1,NULL
3829,goal_loc_x,0.746797,NULL
3829,goal_loc_y,0.684531,NULL
3830,field_loc_x,0.535482,NULL
3830,field_loc_y,0.449531,NULL
3830,def_scheme,NULL,man
3830,is_transition,0,NULL
3830,is_off_dodge,0,NULL
3830,is_right_handed,1,NULL
3830,shot_quality,2,NULL
3830,goal_loc_x,0.751685,NULL
3830,goal_loc_y,0.694531,NULL
3831,field_loc_x,0.42616,NULL
3831,field_loc_y,0.509531,NULL
3831,def_scheme,NULL,man
3831,is_transition,0,NULL
3831,is_off_dodge,0,NULL
3831,is_right_handed,0,NULL
3831,shot_quality,2,NULL
3831,goal_loc_x,0.86411,NULL
3831,goal_loc_y,0.559531,NULL
3832,field_loc_x,0.577996,NULL
3832,field_loc_y,0.744531,NULL
3832,def_scheme,NULL,man
3832,is_transition,0,NULL
3832,is_off_dodge,1,NULL
3832,is_right_handed,1,NULL
3832,shot_quality,3,NULL
3832,goal_loc_x,0.111355,NULL
3832,goal_loc_y,0.754531,NULL
3833,field_loc_x,0.590143,NULL
3833,field_loc_y,0.689531,NULL
3833,def_scheme,NULL,man
3833,is_transition,0,NULL
3833,is_off_dodge,1,NULL
3833,is_right_handed,0,NULL
3833,shot_quality,2,NULL
3833,clean_save,0,NULL
3833,goal_loc_x,0.326428,NULL
3833,goal_loc_y,0.609531,NULL
3834,field_loc_x,0.450454,NULL
3834,field_loc_y,0.654531,NULL
3834,def_scheme,NULL,man
3834,is_transition,0,NULL
3834,is_off_dodge,1,NULL
3834,is_right_handed,1,NULL
3834,shot_quality,3,NULL
3834,clean_save,0,NULL
3834,goal_loc_x,0.51706,NULL
3834,goal_loc_y,0.649531,NULL
3835,field_loc_x,0.547629,NULL
3835,field_loc_y,0.664531,NULL
3835,def_scheme,NULL,man
3835,is_transition,0,NULL
3835,is_off_dodge,0,NULL
3835,is_right_handed,0,NULL
3835,shot_quality,1,NULL
3835,goal_loc_x,0.497508,NULL
3835,goal_loc_y,0.154531,NULL
3836,field_loc_x,0.43527,NULL
3836,field_loc_y,0.434531,NULL
3836,is_transition,1,NULL
3836,is_off_dodge,1,NULL
3836,is_right_handed,1,NULL
3836,shot_quality,2,NULL
3836,clean_save,0,NULL
3836,goal_loc_x,0.629485,NULL
3836,goal_loc_y,0.339531,NULL
4156,field_loc_x,0.568886,NULL
4156,field_loc_y,0.684531,NULL
4156,def_scheme,NULL,man
4156,is_transition,0,NULL
4156,is_off_dodge,0,NULL
4156,is_right_handed,0,NULL
4156,shot_quality,1,NULL
4156,goal_loc_x,0.741909,NULL
4156,goal_loc_y,0.609531,NULL
4157,field_loc_x,0.447417,NULL
4157,field_loc_y,0.444531,NULL
4157,def_scheme,NULL,man
4157,is_transition,0,NULL
4157,is_off_dodge,1,NULL
4157,is_right_handed,1,NULL
4157,shot_quality,2,NULL
4157,goal_loc_x,0.800565,NULL
4157,goal_loc_y,0.374531,NULL
4158,field_loc_x,0.565849,NULL
4158,field_loc_y,0.709531,NULL
4158,def_scheme,NULL,man
4158,is_transition,0,NULL
4158,is_off_dodge,0,NULL
4158,is_right_handed,0,NULL
4158,shot_quality,1,NULL
4158,clean_save,0,NULL
4158,goal_loc_x,0.360644,NULL
4158,goal_loc_y,0.374531,NULL
4159,field_loc_x,0.40794,NULL
4159,field_loc_y,0.734531,NULL
4159,def_scheme,NULL,man
4159,is_transition,1,NULL
4159,is_off_dodge,0,NULL
4159,is_right_handed,1,NULL
4159,shot_quality,3,NULL
4159,goal_loc_x,0.756573,NULL
4159,goal_loc_y,0.159531,NULL
4160,field_loc_x,0.465637,NULL
4160,field_loc_y,0.444531,NULL
4160,def_scheme,NULL,man
4160,is_transition,1,NULL
4160,is_off_dodge,1,NULL
4160,is_right_handed,1,NULL
4160,shot_quality,2,NULL
4160,clean_save,0,NULL
4160,goal_loc_x,0.722357,NULL
4160,goal_loc_y,0.164531,NULL
4161,field_loc_x,0.574959,NULL
4161,field_loc_y,0.674531,NULL
4161,def_scheme,NULL,man
4161,is_transition,0,NULL
4161,is_off_dodge,1,NULL
4161,is_right_handed,0,NULL
4161,shot_quality,1,NULL
4161,clean_save,0,NULL
4161,goal_loc_x,0.741909,NULL
4161,goal_loc_y,0.424531,NULL
4162,field_loc_x,0.596216,NULL
4162,field_loc_y,0.574531,NULL
4162,def_scheme,NULL,man
4162,is_transition,1,NULL
4162,is_off_dodge,1,NULL
4162,is_right_handed,1,NULL
4162,shot_quality,2,NULL
4162,goal_loc_x,0.160235,NULL
4162,goal_loc_y,0.224531,NULL
4163,field_loc_x,0.39883,NULL
4163,field_loc_y,0.594531,NULL
4163,def_scheme,NULL,man
4163,is_transition,1,NULL
4163,is_off_dodge,0,NULL
4163,is_right_handed,1,NULL
4163,shot_quality,2,NULL
4164,field_loc_x,0.562812,NULL
4164,field_loc_y,0.699531,NULL
4164,is_transition,1,NULL
4164,def_scheme,NULL,man
4164,is_off_dodge,0,NULL
4164,is_right_handed,1,NULL
4164,shot_quality,1,NULL
4164,clean_save,0,NULL
4164,goal_loc_x,0.741909,NULL
4164,goal_loc_y,0.559531,NULL
4165,field_loc_x,0.565849,NULL
4165,field_loc_y,0.689531,NULL
4165,def_scheme,NULL,man
4165,is_transition,1,NULL
4165,is_off_dodge,0,NULL
4165,is_right_handed,0,NULL
4165,shot_quality,1,NULL
4165,goal_loc_x,0.282436,NULL
4165,goal_loc_y,0.149531,NULL
4166,field_loc_x,0.526372,NULL
4166,field_loc_y,0.459531,NULL
4166,is_transition,1,NULL
4166,is_off_dodge,0,NULL
4166,is_right_handed,1,NULL
4166,shot_quality,2,NULL
4166,clean_save,0,NULL
4166,goal_loc_x,0.502396,NULL
4166,goal_loc_y,0.624531,NULL
4167,field_loc_x,0.559775,NULL
4167,field_loc_y,0.624531,NULL
4167,def_scheme,NULL,man
4167,is_transition,1,NULL
4167,is_off_dodge,1,NULL
4167,is_right_handed,1,NULL
4167,shot_quality,1,NULL
4167,goal_loc_x,0.243332,NULL
4167,goal_loc_y,0.154531,NULL
4168,field_loc_x,0.538518,NULL
4168,field_loc_y,0.449531,NULL
4168,is_transition,1,NULL
4168,is_off_dodge,1,NULL
4168,is_right_handed,1,NULL
4168,shot_quality,2,NULL
4168,goal_loc_x,0.526836,NULL
4168,goal_loc_y,0.829531,NULL
4169,field_loc_x,0.392756,NULL
4169,field_loc_y,0.464531,NULL
4169,def_scheme,NULL,man
4169,is_transition,0,NULL
4169,is_off_dodge,1,NULL
4169,clean_save,0,NULL
4169,is_right_handed,0,NULL
4169,shot_quality,3,NULL
4169,goal_loc_x,0.463292,NULL
4169,goal_loc_y,0.144531,NULL
4170,field_loc_x,0.432234,NULL
4170,field_loc_y,0.524531,NULL
4170,def_scheme,NULL,man
4170,is_transition,0,NULL
4170,is_off_dodge,0,NULL
4170,is_right_handed,0,NULL
4170,shot_quality,2,NULL
4170,goal_loc_x,0.150459,NULL
4170,goal_loc_y,0.279531,NULL
4171,field_loc_x,0.581033,NULL
4171,field_loc_y,0.389531,NULL
4171,is_transition,1,NULL
4171,is_off_dodge,1,NULL
4171,is_right_handed,1,NULL
4171,shot_quality,2,NULL
4171,goal_loc_x,0.751685,NULL
4171,goal_loc_y,0.409531,NULL
4172,field_loc_x,0.44438,NULL
4172,field_loc_y,0.694531,NULL
4172,def_scheme,NULL,man
4172,is_transition,1,NULL
4172,is_off_dodge,0,NULL
4172,is_right_handed,1,NULL
4172,shot_quality,1,NULL
4172,goal_loc_x,0.253108,NULL
4172,goal_loc_y,0.364531,NULL
4173,field_loc_x,0.465637,NULL
4173,field_loc_y,0.644531,NULL
4173,def_scheme,NULL,man
4173,is_transition,1,NULL
4173,is_off_dodge,0,NULL
4173,is_right_handed,0,NULL
4173,shot_quality,1,NULL
4173,goal_loc_x,0.849445,NULL
4173,goal_loc_y,0.269531,NULL
4174,field_loc_x,0.581033,NULL
4174,field_loc_y,0.374531,NULL
4174,is_transition,1,NULL
4174,def_scheme,NULL,man
4174,is_off_dodge,0,NULL
4174,is_right_handed,1,NULL
4174,shot_quality,2,NULL
4174,clean_save,0,NULL
4174,goal_loc_x,0.521948,NULL
4174,goal_loc_y,0.409531,NULL
4175,field_loc_x,0.6114,NULL
4175,field_loc_y,0.414531,NULL
4175,def_scheme,NULL,man
4175,is_transition,1,NULL
4175,is_off_dodge,0,NULL
4175,is_right_handed,0,NULL
4175,shot_quality,3,NULL
4175,goal_loc_x,0.126019,NULL
4175,goal_loc_y,0.339531,NULL
4176,field_loc_x,0.532445,NULL
4176,field_loc_y,0.524531,NULL
4176,def_scheme,NULL,man
4176,is_transition,0,NULL
4176,is_off_dodge,0,NULL
4176,is_right_handed,1,NULL
4176,shot_quality,3,NULL
4176,goal_loc_x,0.155347,NULL
4176,goal_loc_y,0.439531,NULL
4177,field_loc_x,0.571922,NULL
4177,field_loc_y,0.759531,NULL
4177,def_scheme,NULL,man
4177,is_transition,0,NULL
4177,is_off_dodge,0,NULL
4177,is_right_handed,0,NULL
4177,shot_quality,3,NULL
4177,goal_loc_x,0.126019,NULL
4177,goal_loc_y,0.639531,NULL
4178,field_loc_x,0.538518,NULL
4178,field_loc_y,0.629531,NULL
4178,def_scheme,NULL,man
4178,is_transition,0,NULL
4178,is_off_dodge,0,NULL
4178,is_right_handed,1,NULL
4178,shot_quality,1,NULL
4178,goal_loc_x,0.262884,NULL
4178,goal_loc_y,0.609531,NULL
4179,field_loc_x,0.599253,NULL
4179,field_loc_y,0.599531,NULL
4179,def_scheme,NULL,man
4179,is_transition,0,NULL
4179,is_off_dodge,1,NULL
4179,is_right_handed,0,NULL
4179,shot_quality,2,NULL
4179,goal_loc_x,0.649037,NULL
4179,goal_loc_y,0.689531,NULL
4180,field_loc_x,0.547629,NULL
4180,field_loc_y,0.394531,NULL
4180,is_transition,1,NULL
4180,is_off_dodge,1,NULL
4180,is_right_handed,1,NULL
4180,shot_quality,2,NULL
4180,goal_loc_x,0.531724,NULL
4180,goal_loc_y,0.749531,NULL
4181,field_loc_x,0.453491,NULL
4181,field_loc_y,0.369531,NULL
4181,def_scheme,NULL,man
4181,is_transition,1,NULL
4181,is_off_dodge,1,NULL
4181,is_right_handed,1,NULL
4181,shot_quality,2,NULL
4181,goal_loc_x,0.135795,NULL
4181,goal_loc_y,0.564531,NULL
4182,field_loc_x,0.423123,NULL
4182,field_loc_y,0.439531,NULL
4182,def_scheme,NULL,man
4182,is_transition,0,NULL
4182,is_off_dodge,1,NULL
4182,is_right_handed,0,NULL
4182,shot_quality,2,NULL
4182,clean_save,1,NULL
4182,goal_loc_x,0.27266,NULL
4182,goal_loc_y,0.584531,NULL
4183,def_scheme,NULL,man
4183,is_transition,0,NULL
4183,field_loc_x,0.42616,NULL
4183,field_loc_y,0.339531,NULL
4183,is_off_dodge,0,NULL
4183,is_right_handed,0,NULL
4183,shot_quality,2,NULL
4183,clean_save,1,NULL
4183,goal_loc_x,0.732133,NULL
4183,goal_loc_y,0.644531,NULL
4184,field_loc_x,0.63873,NULL
4184,field_loc_y,0.589531,NULL
4184,def_scheme,NULL,man
4184,is_transition,1,NULL
4184,is_off_dodge,1,NULL
4184,is_right_handed,1,NULL
4184,shot_quality,3,NULL
4184,goal_loc_x,0.844557,NULL
4184,goal_loc_y,0.364531,NULL
4185,field_loc_x,0.499041,NULL
4185,field_loc_y,0.269531,NULL
4185,def_scheme,NULL,man
4185,is_transition,1,NULL
4185,is_off_dodge,1,NULL
4185,is_right_handed,1,NULL
4185,shot_quality,3,NULL
4185,goal_loc_x,0.458404,NULL
4185,goal_loc_y,0.864531,NULL
4186,field_loc_x,0.529408,NULL
4186,field_loc_y,0.599531,NULL
4186,is_transition,1,NULL
4186,is_off_dodge,0,NULL
4186,is_right_handed,1,NULL
4186,shot_quality,2,NULL
4186,goal_loc_x,0.194451,NULL
4186,goal_loc_y,0.269531,NULL
4187,field_loc_x,0.571922,NULL
4187,field_loc_y,0.659531,NULL
4187,is_transition,1,NULL
4187,is_off_dodge,0,NULL
4187,is_right_handed,0,NULL
4187,shot_quality,1,NULL
4187,goal_loc_x,0.24822,NULL
4187,goal_loc_y,0.689531,NULL
4188,field_loc_x,0.571922,NULL
4188,field_loc_y,0.619531,NULL
4188,def_scheme,NULL,man
4188,is_transition,1,NULL
4188,is_off_dodge,1,NULL
4188,is_right_handed,0,NULL
4188,shot_quality,3,NULL
4188,goal_loc_x,0.091803,NULL
4188,goal_loc_y,0.489531,NULL
4189,field_loc_x,0.62051,NULL
4189,field_loc_y,0.509531,NULL
4189,def_scheme,NULL,man
4189,is_transition,0,NULL
4189,is_off_dodge,1,NULL
4189,is_right_handed,1,NULL
4189,shot_quality,3,NULL
4189,goal_loc_x,0.243332,NULL
4189,goal_loc_y,0.689531,NULL
4190,field_loc_x,0.40794,NULL
4190,field_loc_y,0.604531,NULL
4190,def_scheme,NULL,man
4190,is_transition,1,NULL
4190,is_off_dodge,1,NULL
4190,is_right_handed,1,NULL
4190,shot_quality,2,NULL
4190,goal_loc_x,0.150459,NULL
4190,goal_loc_y,0.554531,NULL
4191,field_loc_x,0.532445,NULL
4191,field_loc_y,0.339531,NULL
4191,def_scheme,NULL,man
4191,is_transition,0,NULL
4191,is_off_dodge,1,NULL
4191,is_right_handed,0,NULL
4191,shot_quality,3,NULL
4191,clean_save,1,NULL
4191,goal_loc_x,0.453516,NULL
4191,goal_loc_y,0.414531,NULL
4192,field_loc_x,0.365426,NULL
4192,field_loc_y,0.554531,NULL
4192,def_scheme,NULL,man
4192,is_transition,0,NULL
4192,is_off_dodge,1,NULL
4192,is_right_handed,0,NULL
4192,shot_quality,3,NULL
4192,goal_loc_x,0.873886,NULL
4192,goal_loc_y,0.439531,NULL
4193,field_loc_x,0.593179,NULL
4193,field_loc_y,0.609531,NULL
4193,def_scheme,NULL,man
4193,is_transition,0,NULL
4193,is_off_dodge,1,NULL
4193,is_right_handed,1,NULL
4193,shot_quality,2,NULL
4193,goal_loc_x,0.130907,NULL
4193,goal_loc_y,0.689531,NULL
4194,field_loc_x,0.474748,NULL
4194,field_loc_y,0.484531,NULL
4194,is_transition,1,NULL
4194,is_off_dodge,1,NULL
4194,is_right_handed,1,NULL
4194,shot_quality,2,NULL
4194,goal_loc_x,0.243332,NULL
4194,goal_loc_y,0.499531,NULL
4195,field_loc_x,0.568886,NULL
4195,field_loc_y,0.509531,NULL
4195,is_transition,1,NULL
4195,is_off_dodge,1,NULL
4195,is_right_handed,1,NULL
4195,shot_quality,2,NULL
4195,goal_loc_x,0.2971,NULL
4195,goal_loc_y,0.884531,NULL
5149,field_loc_x,0.407963,NULL
5149,field_loc_y,0.556562,NULL
5149,def_scheme,NULL,man
5149,is_transition,0,NULL
5149,is_off_dodge,1,NULL
5149,is_right_handed,1,NULL
5149,shot_quality,2,NULL
5149,goal_loc_x,0.712657,NULL
5149,goal_loc_y,0.826563,NULL
5150,field_loc_x,0.568909,NULL
5150,field_loc_y,0.431563,NULL
5150,def_scheme,NULL,man
5150,is_transition,0,NULL
5150,is_off_dodge,0,NULL
5150,is_right_handed,1,NULL
5150,shot_quality,2,NULL
5150,goal_loc_x,0.502473,NULL
5150,goal_loc_y,0.156563,NULL
5151,field_loc_x,0.411,NULL
5151,field_loc_y,0.676562,NULL
5151,def_scheme,NULL,man
5151,is_transition,0,NULL
5151,is_off_dodge,1,NULL
5151,is_right_handed,1,NULL
5151,shot_quality,2,NULL
5151,goal_loc_x,0.869074,NULL
5151,goal_loc_y,0.131563,NULL
5152,field_loc_x,0.411,NULL
5152,field_loc_y,0.646563,NULL
5152,def_scheme,NULL,man
5152,is_transition,0,NULL
5152,is_off_dodge,1,NULL
5152,is_right_handed,1,NULL
5152,shot_quality,2,NULL
5152,goal_loc_x,0.487809,NULL
5152,goal_loc_y,0.686562,NULL
5153,field_loc_x,0.477808,NULL
5153,field_loc_y,0.446562,NULL
5153,def_scheme,NULL,man
5153,is_transition,0,NULL
5153,is_off_dodge,1,NULL
5153,is_right_handed,1,NULL
5153,shot_quality,2,NULL
5153,clean_save,0,NULL
5153,goal_loc_x,0.2874,NULL
5153,goal_loc_y,0.706563,NULL
5154,field_loc_x,0.556762,NULL
5154,field_loc_y,0.626562,NULL
5154,def_scheme,NULL,man
5154,is_transition,0,NULL
5154,is_off_dodge,0,NULL
5154,is_right_handed,1,NULL
5154,shot_quality,1,NULL
5154,goal_loc_x,0.546465,NULL
5154,goal_loc_y,0.681562,NULL
5155,field_loc_x,0.547652,NULL
5155,field_loc_y,0.431563,NULL
5155,def_scheme,NULL,man
5155,is_transition,0,NULL
5155,is_off_dodge,0,NULL
5155,is_right_handed,1,NULL
5155,shot_quality,2,NULL
5155,goal_loc_x,0.26296,NULL
5155,goal_loc_y,0.161563,NULL
5156,field_loc_x,0.553726,NULL
5156,field_loc_y,0.366562,NULL
5156,def_scheme,NULL,man
5156,is_transition,1,NULL
5156,is_off_dodge,1,NULL
5156,is_right_handed,1,NULL
5156,shot_quality,2,NULL
5156,goal_loc_x,0.233632,NULL
5156,goal_loc_y,0.691562,NULL
5157,field_loc_x,0.574983,NULL
5157,field_loc_y,0.626562,NULL
5157,def_scheme,NULL,man
5157,is_transition,1,NULL
5157,is_off_dodge,1,NULL
5157,is_right_handed,0,NULL
5157,shot_quality,2,NULL
5157,goal_loc_x,0.883738,NULL
5157,goal_loc_y,0.121563,NULL
5158,field_loc_x,0.407963,NULL
5158,field_loc_y,0.621562,NULL
5158,def_scheme,NULL,man
5158,is_transition,0,NULL
5158,is_off_dodge,1,NULL
5158,is_right_handed,1,NULL
5158,shot_quality,1,NULL
5158,goal_loc_x,0.741985,NULL
5158,goal_loc_y,0.676562,NULL
5159,field_loc_x,0.581056,NULL
5159,field_loc_y,0.476562,NULL
5159,def_scheme,NULL,man
5159,is_transition,0,NULL
5159,is_off_dodge,1,NULL
5159,is_right_handed,1,NULL
5159,shot_quality,2,NULL
5159,clean_save,0,NULL
5159,goal_loc_x,0.292288,NULL
5159,goal_loc_y,0.151562,NULL
5160,field_loc_x,0.574983,NULL
5160,field_loc_y,0.621562,NULL
5160,def_scheme,NULL,man
5160,is_transition,1,NULL
5160,is_off_dodge,0,NULL
5160,is_right_handed,1,NULL
5160,shot_quality,1,NULL
5160,clean_save,0,NULL
5160,goal_loc_x,0.453593,NULL
5160,goal_loc_y,0.161563,NULL
5161,field_loc_x,0.404927,NULL
5161,field_loc_y,0.571563,NULL
5161,def_scheme,NULL,man
5161,is_transition,0,NULL
5161,is_off_dodge,0,NULL
5161,is_right_handed,1,NULL
5161,shot_quality,1,NULL
5161,goal_loc_x,0.746873,NULL
5161,goal_loc_y,0.161563,NULL
5162,field_loc_x,0.562836,NULL
5162,field_loc_y,0.661563,NULL
5162,def_scheme,NULL,man
5162,is_transition,0,NULL
5162,is_off_dodge,0,NULL
5162,is_right_handed,0,NULL
5162,shot_quality,1,NULL
5162,goal_loc_x,0.512249,NULL
5162,goal_loc_y,0.151562,NULL
5163,field_loc_x,0.432257,NULL
5163,field_loc_y,0.711563,NULL
5163,def_scheme,NULL,man
5163,is_transition,1,NULL
5163,is_off_dodge,0,NULL
5163,is_right_handed,1,NULL
5163,shot_quality,1,NULL
5163,goal_loc_x,0.473145,NULL
5163,goal_loc_y,0.151562,NULL
5164,field_loc_x,0.547652,NULL
5164,field_loc_y,0.451562,NULL
5164,def_scheme,NULL,man
5164,is_transition,0,NULL
5164,is_off_dodge,0,NULL
5164,is_right_handed,0,NULL
5164,shot_quality,2,NULL
5165,field_loc_x,0.574983,NULL
5165,field_loc_y,0.656563,NULL
5165,def_scheme,NULL,man
5165,is_transition,0,NULL
5165,is_off_dodge,1,NULL
5165,is_right_handed,1,NULL
5165,shot_quality,2,NULL
5165,goal_loc_x,0.101655,NULL
5165,goal_loc_y,0.661563,NULL
5166,field_loc_x,0.559799,NULL
5166,field_loc_y,0.456562,NULL
5166,def_scheme,NULL,man
5166,is_transition,0,NULL
5166,is_off_dodge,0,NULL
5166,is_right_handed,1,NULL
5166,shot_quality,2,NULL
5166,clean_save,0,NULL
5166,goal_loc_x,0.727321,NULL
5166,goal_loc_y,0.671562,NULL
5167,field_loc_x,0.40189,NULL
5167,field_loc_y,0.646563,NULL
5167,def_scheme,NULL,man
5167,is_transition,0,NULL
5167,is_off_dodge,1,NULL
5167,is_right_handed,1,NULL
5167,shot_quality,2,NULL
5167,clean_save,0,NULL
5167,goal_loc_x,0.429152,NULL
5167,goal_loc_y,0.496563,NULL
5168,field_loc_x,0.496028,NULL
5168,field_loc_y,0.581563,NULL
5168,def_scheme,NULL,man
5168,is_transition,0,NULL
5168,is_off_dodge,1,NULL
5168,is_right_handed,1,NULL
5168,shot_quality,2,NULL
5168,goal_loc_x,0.478033,NULL
5168,goal_loc_y,0.156563,NULL
5169,field_loc_x,0.532469,NULL
5169,field_loc_y,0.636563,NULL
5169,def_scheme,NULL,man
5169,is_transition,0,NULL
5169,is_off_dodge,0,NULL
5169,is_right_handed,0,NULL
5169,shot_quality,1,NULL
5169,goal_loc_x,0.258072,NULL
5169,goal_loc_y,0.436563,NULL
5170,field_loc_x,0.593203,NULL
5170,field_loc_y,0.526563,NULL
5170,def_scheme,NULL,zone
5170,is_transition,0,NULL
5170,is_off_dodge,0,NULL
5170,is_right_handed,0,NULL
5170,shot_quality,2,NULL
5170,goal_loc_x,0.43404,NULL
5170,goal_loc_y,0.821563,NULL
5171,field_loc_x,0.584093,NULL
5171,field_loc_y,0.681562,NULL
5171,def_scheme,NULL,zone
5171,is_transition,0,NULL
5171,is_off_dodge,0,NULL
5171,is_right_handed,0,NULL
5171,shot_quality,2,NULL
5171,goal_loc_x,0.526913,NULL
5171,goal_loc_y,0.851562,NULL
5172,field_loc_x,0.590166,NULL
5172,field_loc_y,0.506562,NULL
5172,def_scheme,NULL,zone
5172,is_transition,0,NULL
5172,is_off_dodge,0,NULL
5172,is_right_handed,1,NULL
5172,shot_quality,2,NULL
5172,goal_loc_x,0.243408,NULL
5172,goal_loc_y,0.396562,NULL
5173,field_loc_x,0.553726,NULL
5173,field_loc_y,0.381563,NULL
5173,def_scheme,NULL,man
5173,is_transition,1,NULL
5173,is_off_dodge,1,NULL
5173,is_right_handed,1,NULL
5173,shot_quality,2,NULL
5173,clean_save,0,NULL
5173,goal_loc_x,0.243408,NULL
5173,goal_loc_y,0.146563,NULL
5174,field_loc_x,0.60535,NULL
5174,field_loc_y,0.531563,NULL
5174,def_scheme,NULL,zone
5174,is_transition,0,NULL
5174,is_off_dodge,0,NULL
5174,is_right_handed,0,NULL
5174,shot_quality,2,NULL
5174,clean_save,0,NULL
5174,goal_loc_x,0.512249,NULL
5174,goal_loc_y,0.156563,NULL
5175,field_loc_x,0.456551,NULL
5175,field_loc_y,0.381563,NULL
5175,def_scheme,NULL,zone
5175,is_transition,0,NULL
5175,is_off_dodge,0,NULL
5175,is_right_handed,1,NULL
5175,shot_quality,2,NULL
5176,field_loc_x,0.553726,NULL
5176,field_loc_y,0.406563,NULL
5176,def_scheme,NULL,zone
5176,is_transition,0,NULL
5176,is_off_dodge,1,NULL
5176,is_right_handed,0,NULL
5176,shot_quality,2,NULL
5176,goal_loc_x,0.844634,NULL
5176,goal_loc_y,0.636563,NULL
5177,field_loc_x,0.568909,NULL
5177,field_loc_y,0.761563,NULL
5177,def_scheme,NULL,zone
5177,is_transition,0,NULL
5177,is_off_dodge,0,NULL
5177,is_right_handed,0,NULL
5177,shot_quality,3,NULL
5177,clean_save,0,NULL
5177,goal_loc_x,0.497585,NULL
5177,goal_loc_y,0.171562,NULL
5178,field_loc_x,0.411,NULL
5178,field_loc_y,0.671562,NULL
5178,def_scheme,NULL,zone
5178,is_transition,0,NULL
5178,is_off_dodge,0,NULL
5178,is_right_handed,1,NULL
5178,shot_quality,2,NULL
5178,goal_loc_x,0.87885,NULL
5178,goal_loc_y,0.356562,NULL
5179,field_loc_x,0.474771,NULL
5179,field_loc_y,0.431563,NULL
5179,def_scheme,NULL,zone
5179,is_transition,0,NULL
5179,is_off_dodge,1,NULL
5179,is_right_handed,1,NULL
5179,shot_quality,3,NULL
5179,clean_save,0,NULL
5179,goal_loc_x,0.316728,NULL
5179,goal_loc_y,0.386562,NULL
5180,field_loc_x,0.553726,NULL
5180,field_loc_y,0.451562,NULL
5180,def_scheme,NULL,man
5180,is_transition,1,NULL
5180,is_off_dodge,0,NULL
5180,is_right_handed,1,NULL
5180,shot_quality,2,NULL
5180,goal_loc_x,0.258072,NULL
5180,goal_loc_y,0.166562,NULL
5181,field_loc_x,0.58713,NULL
5181,field_loc_y,0.376563,NULL
5181,def_scheme,NULL,man
5181,is_transition,1,NULL
5181,is_off_dodge,0,NULL
5181,is_right_handed,1,NULL
5181,shot_quality,2,NULL
5181,clean_save,0,NULL
5181,goal_loc_x,0.26296,NULL
5181,goal_loc_y,0.271562,NULL
5182,def_scheme,NULL,zone
5182,is_transition,0,NULL
5182,is_off_dodge,0,NULL
5182,is_right_handed,1,NULL
5182,shot_quality,1,NULL
5182,field_loc_x,0.496028,NULL
5182,field_loc_y,0.626562,NULL
5182,goal_loc_x,0.243408,NULL
5182,goal_loc_y,0.466563,NULL
5183,field_loc_x,0.398853,NULL
5183,field_loc_y,0.626562,NULL
5183,def_scheme,NULL,man
5183,is_transition,1,NULL
5183,is_off_dodge,1,NULL
5183,is_right_handed,0,NULL
5183,shot_quality,2,NULL
5183,goal_loc_x,0.121207,NULL
5183,goal_loc_y,0.156563,NULL
5184,def_scheme,NULL,zone
5184,is_transition,1,NULL
5184,is_off_dodge,1,NULL
5184,is_right_handed,1,NULL
5184,shot_quality,1,NULL
5184,goal_loc_x,0.492697,NULL
5184,goal_loc_y,0.156563,NULL
5185,field_loc_x,0.301679,NULL
5185,field_loc_y,0.561562,NULL
5185,def_scheme,NULL,zone
5185,is_transition,0,NULL
5185,is_off_dodge,0,NULL
5185,is_right_handed,1,NULL
5185,shot_quality,3,NULL
5185,goal_loc_x,0.101655,NULL
5185,goal_loc_y,0.141563,NULL
5186,field_loc_x,0.450477,NULL
5186,field_loc_y,0.256563,NULL
5186,def_scheme,NULL,man
5186,is_transition,1,NULL
5186,is_off_dodge,1,NULL
5186,is_right_handed,1,NULL
5186,shot_quality,3,NULL
5186,clean_save,0,NULL
5186,goal_loc_x,0.282512,NULL
5186,goal_loc_y,0.151562,NULL
5187,field_loc_x,0.502102,NULL
5187,field_loc_y,0.591563,NULL
5187,def_scheme,NULL,man
5187,is_transition,1,NULL
5187,is_off_dodge,1,NULL
5187,is_right_handed,0,NULL
5187,shot_quality,1,NULL
5187,goal_loc_x,0.267848,NULL
5187,goal_loc_y,0.241563,NULL
4105,field_loc_x,0.40794,NULL
4105,field_loc_y,0.579531,NULL
4105,def_scheme,NULL,man
4105,is_transition,0,NULL
4105,is_off_dodge,1,NULL
4105,is_right_handed,0,NULL
4105,shot_quality,2,NULL
4105,goal_loc_x,0.145571,NULL
4105,goal_loc_y,0.454531,NULL
4106,field_loc_x,0.414013,NULL
4106,field_loc_y,0.619531,NULL
4106,def_scheme,NULL,man
4106,is_transition,0,NULL
4106,is_off_dodge,1,NULL
4106,is_right_handed,1,NULL
4106,shot_quality,2,NULL
4106,clean_save,1,NULL
4106,goal_loc_x,0.306876,NULL
4106,goal_loc_y,0.629531,NULL
4107,field_loc_x,0.550665,NULL
4107,field_loc_y,0.439531,NULL
4107,is_transition,1,NULL
4107,is_off_dodge,0,NULL
4107,is_right_handed,1,NULL
4107,shot_quality,2,NULL
4107,clean_save,1,NULL
4107,goal_loc_x,0.306876,NULL
4107,goal_loc_y,0.664531,NULL
4108,field_loc_x,0.565849,NULL
4108,field_loc_y,0.729531,NULL
4108,def_scheme,NULL,man
4108,is_transition,0,NULL
4108,is_off_dodge,1,NULL
4108,is_right_handed,0,NULL
4108,shot_quality,1,NULL
4108,goal_loc_x,0.27266,NULL
4108,goal_loc_y,0.149531,NULL
4109,field_loc_x,0.429197,NULL
4109,field_loc_y,0.724531,NULL
4109,is_transition,1,NULL
4109,is_off_dodge,0,NULL
4109,is_right_handed,1,NULL
4109,shot_quality,1,NULL
4109,goal_loc_x,0.746797,NULL
4109,goal_loc_y,0.159531,NULL
4110,field_loc_x,0.42616,NULL
4110,field_loc_y,0.364531,NULL
4110,is_transition,1,NULL
4110,is_off_dodge,1,NULL
4110,is_right_handed,1,NULL
4110,def_scheme,NULL,man
4110,shot_quality,2,NULL
4110,goal_loc_x,0.751685,NULL
4110,goal_loc_y,0.164531,NULL
4111,field_loc_x,0.544592,NULL
4111,field_loc_y,0.439531,NULL
4111,is_transition,1,NULL
4111,is_off_dodge,1,NULL
4111,is_right_handed,0,NULL
4111,shot_quality,2,NULL
4111,goal_loc_x,0.130907,NULL
4111,goal_loc_y,0.169531,NULL
4112,field_loc_x,0.368463,NULL
4112,field_loc_y,0.589531,NULL
4112,def_scheme,NULL,man
4112,is_transition,0,NULL
4112,is_off_dodge,0,NULL
4112,is_right_handed,1,NULL
4112,shot_quality,2,NULL
4112,goal_loc_x,0.873886,NULL
4112,goal_loc_y,0.804531,NULL
4113,field_loc_x,0.596216,NULL
4113,field_loc_y,0.569531,NULL
4113,def_scheme,NULL,man
4113,is_transition,0,NULL
4113,is_off_dodge,1,NULL
4113,is_right_handed,0,NULL
4113,shot_quality,2,NULL
4113,goal_loc_x,0.854333,NULL
4113,goal_loc_y,0.389531,NULL
4114,field_loc_x,0.587106,NULL
4114,field_loc_y,0.434531,NULL
4114,is_transition,1,NULL
4114,shot_quality,2,NULL
4114,goal_loc_x,0.233555,NULL
4114,goal_loc_y,0.149531,NULL
4114,is_off_dodge,0,NULL
4115,field_loc_x,0.39883,NULL
4115,field_loc_y,0.404531,NULL
4115,is_transition,1,NULL
4115,is_off_dodge,0,NULL
4115,is_right_handed,1,NULL
4115,shot_quality,2,NULL
4115,goal_loc_x,0.756573,NULL
4115,goal_loc_y,0.704531,NULL
4116,field_loc_x,0.386683,NULL
4116,field_loc_y,0.524531,NULL
4116,def_scheme,NULL,man
4116,is_transition,0,NULL
4116,is_off_dodge,0,NULL
4116,is_right_handed,1,NULL
4116,shot_quality,2,NULL
4116,goal_loc_x,0.878774,NULL
4116,goal_loc_y,0.774531,NULL
4117,field_loc_x,0.599253,NULL
4117,field_loc_y,0.544531,NULL
4117,def_scheme,NULL,man
4117,is_transition,0,NULL
4117,is_off_dodge,0,NULL
4117,is_right_handed,0,NULL
4117,shot_quality,2,NULL
4117,goal_loc_x,0.51706,NULL
4117,goal_loc_y,0.149531,NULL
4118,field_loc_x,0.529408,NULL
4118,field_loc_y,0.434531,NULL
4118,is_transition,1,NULL
4118,is_off_dodge,1,NULL
4118,is_right_handed,1,NULL
4118,shot_quality,2,NULL
4118,goal_loc_x,0.859221,NULL
4118,goal_loc_y,0.699531,NULL
4119,field_loc_x,0.581033,NULL
4119,field_loc_y,0.389531,NULL
4119,def_scheme,NULL,man
4119,goal_loc_x,0.155347,NULL
4119,goal_loc_y,0.814531,NULL
4119,is_right_handed,1,NULL
4119,is_off_dodge,1,NULL
4119,is_transition,0,NULL
4119,shot_quality,2,NULL
4120,field_loc_x,0.590143,NULL
4120,field_loc_y,0.584531,NULL
4120,is_off_dodge,1,NULL
4120,shot_quality,2,NULL
4120,is_right_handed,0,NULL
4120,goal_loc_x,0.077139,NULL
4120,goal_loc_y,0.804531,NULL
4120,def_scheme,NULL,man
4120,is_transition,0,NULL
4121,field_loc_x,0.502078,NULL
4121,field_loc_y,0.664531,NULL
4121,is_transition,1,NULL
4121,is_off_dodge,0,NULL
4121,shot_quality,1,NULL
4121,is_right_handed,1,NULL
4121,goal_loc_x,0.746797,NULL
4121,goal_loc_y,0.664531,NULL
4122,field_loc_x,0.541555,NULL
4122,field_loc_y,0.439531,NULL
4122,is_off_dodge,1,NULL
4122,is_right_handed,1,NULL
4122,shot_quality,2,NULL
4122,clean_save,1,NULL
4122,goal_loc_x,0.702805,NULL
4122,goal_loc_y,0.669531,NULL
4122,is_transition,1,NULL
4124,field_loc_x,0.477784,NULL
4124,field_loc_y,0.644531,NULL
4124,is_transition,1,NULL
4124,is_off_dodge,1,NULL
4124,is_right_handed,0,NULL
4124,shot_quality,1,NULL
4124,clean_save,0,NULL
4124,goal_loc_x,0.688141,NULL
4124,goal_loc_y,0.659531,NULL
4125,field_loc_x,0.523335,NULL
4125,field_loc_y,0.589531,NULL
4125,is_transition,1,NULL
4125,is_off_dodge,1,NULL
4125,def_scheme,NULL,man
4125,is_right_handed,1,NULL
4125,shot_quality,1,NULL
4125,clean_save,0,NULL
4125,goal_loc_x,0.46818,NULL
4125,goal_loc_y,0.154531,NULL
4126,field_loc_x,0.562812,NULL
4126,field_loc_y,0.559531,NULL
4126,def_scheme,NULL,man
4126,is_transition,0,NULL
4126,is_off_dodge,0,NULL
4126,is_right_handed,1,NULL
4126,shot_quality,1,NULL
4126,goal_loc_x,0.253108,NULL
4126,goal_loc_y,0.209531,NULL
4127,field_loc_x,0.453491,NULL
4127,field_loc_y,0.319531,NULL
4127,def_scheme,NULL,man
4127,is_transition,0,NULL
4127,is_off_dodge,0,NULL
4127,is_right_handed,1,NULL
4127,shot_quality,3,NULL
4127,goal_loc_x,0.2971,NULL
4127,goal_loc_y,0.189531,NULL
4128,field_loc_x,0.471711,NULL
4128,field_loc_y,0.649531,NULL
4128,def_scheme,NULL,zone
4128,is_transition,0,NULL
4128,is_off_dodge,0,NULL
4128,is_right_handed,0,NULL
4128,shot_quality,1,NULL
4128,clean_save,0,NULL
4128,goal_loc_x,0.282436,NULL
4128,goal_loc_y,0.264531,NULL
4129,field_loc_x,0.465637,NULL
4129,field_loc_y,0.324531,NULL
4129,def_scheme,NULL,zone
4129,is_transition,0,NULL
4129,is_off_dodge,0,NULL
4129,is_right_handed,1,NULL
4129,shot_quality,3,NULL
4129,goal_loc_x,0.86411,NULL
4129,goal_loc_y,0.139531,NULL
4130,field_loc_x,0.565849,NULL
4130,field_loc_y,0.724531,NULL
4130,def_scheme,NULL,zone
4130,is_transition,0,NULL
4130,is_off_dodge,1,NULL
4130,is_right_handed,0,NULL
4130,shot_quality,2,NULL
4130,clean_save,0,NULL
4130,goal_loc_x,0.5415,NULL
4130,goal_loc_y,0.154531,NULL
4131,field_loc_x,0.565849,NULL
4131,field_loc_y,0.514531,NULL
4131,def_scheme,NULL,man
4131,is_transition,0,NULL
4131,is_off_dodge,0,NULL
4131,is_right_handed,1,NULL
4131,shot_quality,1,NULL
4131,goal_loc_x,0.365532,NULL
4131,goal_loc_y,0.689531,NULL
4132,field_loc_x,0.465637,NULL
4132,field_loc_y,0.289531,NULL
4132,def_scheme,NULL,man
4132,is_transition,0,NULL
4132,is_off_dodge,0,NULL
4132,is_right_handed,0,NULL
4132,shot_quality,3,NULL
4132,goal_loc_x,0.859221,NULL
4132,goal_loc_y,0.584531,NULL
4133,field_loc_x,0.368463,NULL
4133,field_loc_y,0.604531,NULL
4133,def_scheme,NULL,man
4133,is_transition,0,NULL
4133,is_off_dodge,0,NULL
4133,is_right_handed,1,NULL
4133,shot_quality,1,NULL
4133,clean_save,0,NULL
4133,goal_loc_x,0.243332,NULL
4133,goal_loc_y,0.364531,NULL
4134,field_loc_x,0.471711,NULL
4134,field_loc_y,0.654531,NULL
4134,is_transition,1,NULL
4134,is_off_dodge,0,NULL
4134,is_right_handed,1,NULL
4134,shot_quality,1,NULL
4134,clean_save,0,NULL
4134,goal_loc_x,0.326428,NULL
4134,goal_loc_y,0.454531,NULL
4135,field_loc_x,0.523335,NULL
4135,field_loc_y,0.449531,NULL
4135,is_transition,1,NULL
4135,is_off_dodge,1,NULL
4135,is_right_handed,1,NULL
4135,shot_quality,2,NULL
4135,clean_save,0,NULL
4135,goal_loc_x,0.267772,NULL
4135,goal_loc_y,0.384531,NULL
4136,def_scheme,NULL,man
4136,is_transition,1,NULL
4136,is_right_handed,1,NULL
4136,shot_quality,2,NULL
4136,goal_loc_x,0.135795,NULL
4136,goal_loc_y,0.394531,NULL
4137,field_loc_x,0.553702,NULL
4137,field_loc_y,0.689531,NULL
4137,def_scheme,NULL,man
4137,is_transition,0,NULL
4137,is_off_dodge,0,NULL
4137,is_right_handed,0,NULL
4137,shot_quality,1,NULL
4137,goal_loc_x,0.732133,NULL
4137,goal_loc_y,0.624531,NULL
4138,field_loc_x,0.541555,NULL
4138,field_loc_y,0.449531,NULL
4138,is_transition,1,NULL
4138,is_off_dodge,1,NULL
4138,is_right_handed,1,NULL
4138,shot_quality,2,NULL
4138,goal_loc_x,0.326428,NULL
4138,goal_loc_y,0.634531,NULL
4139,field_loc_x,0.420087,NULL
4139,field_loc_y,0.369531,NULL
4139,def_scheme,NULL,man
4139,is_transition,0,NULL
4139,is_off_dodge,1,NULL
4139,is_right_handed,1,NULL
4139,shot_quality,3,NULL
4139,goal_loc_x,0.487732,NULL
4139,goal_loc_y,0.834531,NULL
4140,field_loc_x,0.42616,NULL
4140,field_loc_y,0.734531,NULL
4140,def_scheme,NULL,man
4140,is_transition,0,NULL
4140,is_off_dodge,1,NULL
4140,is_right_handed,1,NULL
4140,shot_quality,3,NULL
4140,goal_loc_x,0.165123,NULL
4140,goal_loc_y,0.309531,NULL
4141,field_loc_x,0.410977,NULL
4141,field_loc_y,0.519531,NULL
4141,def_scheme,NULL,man
4141,is_transition,0,NULL
4141,is_off_dodge,1,NULL
4141,shot_quality,2,NULL
4141,is_right_handed,0,NULL
4141,goal_loc_x,0.878774,NULL
4141,goal_loc_y,0.549531,NULL
4142,field_loc_x,0.44438,NULL
4142,field_loc_y,0.699531,NULL
4142,def_scheme,NULL,man
4142,is_transition,0,NULL
4142,is_off_dodge,1,NULL
4142,is_right_handed,1,NULL
4142,shot_quality,1,NULL
4142,goal_loc_x,0.712581,NULL
4142,goal_loc_y,0.164531,NULL
4143,field_loc_x,0.450454,NULL
4143,field_loc_y,0.669531,NULL
4143,is_transition,1,NULL
4143,is_off_dodge,1,NULL
4143,is_right_handed,1,NULL
4143,shot_quality,1,NULL
4143,goal_loc_x,0.262884,NULL
4143,goal_loc_y,0.659531,NULL
4144,field_loc_x,0.465637,NULL
4144,field_loc_y,0.644531,NULL
4144,is_off_dodge,0,NULL
4144,def_scheme,NULL,man
4144,is_transition,0,NULL
4144,is_right_handed,1,NULL
4144,shot_quality,1,NULL
4144,goal_loc_x,0.336204,NULL
4144,goal_loc_y,0.709531,NULL
4145,field_loc_x,0.404903,NULL
4145,field_loc_y,0.484531,NULL
4145,def_scheme,NULL,man
4145,is_transition,0,NULL
4145,is_off_dodge,0,NULL
4145,is_right_handed,1,NULL
4145,shot_quality,2,NULL
4145,clean_save,1,NULL
4145,goal_loc_x,0.702805,NULL
4145,goal_loc_y,0.644531,NULL
4146,field_loc_x,0.547629,NULL
4146,field_loc_y,0.679531,NULL
4146,is_transition,1,NULL
4146,is_off_dodge,0,NULL
4146,is_right_handed,0,NULL
4146,shot_quality,1,NULL
4146,goal_loc_x,0.634373,NULL
4146,goal_loc_y,0.689531,NULL
4147,field_loc_x,0.468674,NULL
4147,field_loc_y,0.594531,NULL
4147,def_scheme,NULL,zone
4147,is_transition,0,NULL
4147,is_off_dodge,1,NULL
4147,is_right_handed,0,NULL
4147,shot_quality,1,NULL
4147,goal_loc_x,0.27266,NULL
4147,goal_loc_y,0.689531,NULL
4148,field_loc_x,0.508151,NULL
4148,field_loc_y,0.419531,NULL
4148,def_scheme,NULL,zone
4148,is_transition,0,NULL
4148,is_off_dodge,1,NULL
4148,is_right_handed,0,NULL
4148,shot_quality,2,NULL
4148,goal_loc_x,0.46818,NULL
4148,goal_loc_y,0.709531,NULL
4149,field_loc_x,0.423123,NULL
4149,field_loc_y,0.314531,NULL
4149,def_scheme,NULL,man
4149,is_transition,0,NULL
4149,is_off_dodge,1,NULL
4149,is_right_handed,0,NULL
4149,shot_quality,3,NULL
4149,goal_loc_x,0.130907,NULL
4149,goal_loc_y,0.609531,NULL
4150,field_loc_x,0.480821,NULL
4150,field_loc_y,0.514531,NULL
4150,is_transition,1,NULL
4150,is_off_dodge,1,NULL
4150,is_right_handed,1,NULL
4150,shot_quality,2,NULL
4150,clean_save,0,NULL
4150,goal_loc_x,0.487732,NULL
4150,goal_loc_y,0.154531,NULL
4151,field_loc_x,0.590143,NULL
4151,field_loc_y,0.604531,NULL
4151,def_scheme,NULL,man
4151,is_transition,0,NULL
4151,is_off_dodge,1,NULL
4151,is_right_handed,0,NULL
4151,shot_quality,2,NULL
4151,goal_loc_x,0.101579,NULL
4151,goal_loc_y,0.664531,NULL
4152,field_loc_x,0.450454,NULL
4152,field_loc_y,0.654531,NULL
4152,def_scheme,NULL,man
4152,is_transition,0,NULL
4152,is_off_dodge,0,NULL
4152,is_right_handed,1,NULL
4152,shot_quality,1,NULL
4152,clean_save,0,NULL
4152,goal_loc_x,0.502396,NULL
4152,goal_loc_y,0.684531,NULL
4153,field_loc_x,0.614436,NULL
4153,field_loc_y,0.594531,NULL
4153,def_scheme,NULL,man
4153,is_transition,0,NULL
4153,is_off_dodge,1,NULL
4153,is_right_handed,1,NULL
4153,shot_quality,3,NULL
4153,goal_loc_x,0.93743,NULL
4153,goal_loc_y,0.319531,NULL
4154,field_loc_x,0.410977,NULL
4154,field_loc_y,0.649531,NULL
4154,def_scheme,NULL,man
4154,is_transition,0,NULL
4154,is_off_dodge,0,NULL
4154,is_right_handed,1,NULL
4154,shot_quality,1,NULL
4154,goal_loc_x,0.683253,NULL
4154,goal_loc_y,0.699531,NULL
4155,field_loc_x,0.608363,NULL
4155,field_loc_y,0.424531,NULL
4155,def_scheme,NULL,man
4155,is_transition,1,NULL
4155,is_off_dodge,0,NULL
4155,is_right_handed,1,NULL
4155,shot_quality,3,NULL
4155,goal_loc_x,0.121131,NULL
4155,goal_loc_y,0.824531,NULL
4196,field_loc_x,0.599253,NULL
4196,field_loc_y,0.624531,NULL
4196,def_scheme,NULL,man
4196,is_transition,0,NULL
4196,is_off_dodge,1,NULL
4196,is_right_handed,0,NULL
4196,shot_quality,2,NULL
4196,goal_loc_x,0.160235,NULL
4196,goal_loc_y,0.524531,NULL
4197,field_loc_x,0.474748,NULL
4197,field_loc_y,0.274531,NULL
4197,def_scheme,NULL,man
4197,is_transition,0,NULL
4197,is_off_dodge,1,NULL
4197,is_right_handed,1,NULL
4197,shot_quality,3,NULL
4197,goal_loc_x,0.257996,NULL
4197,goal_loc_y,0.149531,NULL
4198,field_loc_x,0.541555,NULL
4198,field_loc_y,0.314531,NULL
4198,def_scheme,NULL,man
4198,is_transition,0,NULL
4198,is_off_dodge,1,NULL
4198,is_right_handed,0,NULL
4198,shot_quality,3,NULL
4198,goal_loc_x,0.0966911,NULL
4198,goal_loc_y,0.649531,NULL
4199,field_loc_x,0.571922,NULL
4199,field_loc_y,0.719531,NULL
4199,def_scheme,NULL,man
4199,is_transition,0,NULL
4199,is_off_dodge,1,NULL
4199,is_right_handed,0,NULL
4199,shot_quality,2,NULL
4199,goal_loc_x,0.0966911,NULL
4199,goal_loc_y,0.184531,NULL
4200,field_loc_x,0.438307,NULL
4200,field_loc_y,0.454531,NULL
4200,def_scheme,NULL,man
4200,is_transition,0,NULL
4200,is_off_dodge,0,NULL
4200,is_right_handed,0,NULL
4200,shot_quality,2,NULL
4200,goal_loc_x,0.24822,NULL
4200,goal_loc_y,0.154531,NULL
4201,field_loc_x,0.420087,NULL
4201,field_loc_y,0.484531,NULL
4201,is_transition,0,NULL
4201,def_scheme,NULL,man
4201,is_off_dodge,0,NULL
4201,is_right_handed,1,NULL
4201,shot_quality,2,NULL
4201,clean_save,0,NULL
4201,goal_loc_x,0.678365,NULL
4201,goal_loc_y,0.594531,NULL
4202,field_loc_x,0.496005,NULL
4202,field_loc_y,0.634531,NULL
4202,def_scheme,NULL,man
4202,is_transition,0,NULL
4202,is_off_dodge,0,NULL
4202,is_right_handed,0,NULL
4202,shot_quality,1,NULL
4202,goal_loc_x,0.228667,NULL
4202,goal_loc_y,0.144531,NULL
4203,field_loc_x,0.432234,NULL
4203,field_loc_y,0.444531,NULL
4203,def_scheme,NULL,man
4203,is_transition,0,NULL
4203,is_off_dodge,1,NULL
4203,is_right_handed,1,NULL
4203,shot_quality,2,NULL
4203,clean_save,0,NULL
4203,goal_loc_x,0.429076,NULL
4203,goal_loc_y,0.704531,NULL
4204,field_loc_x,0.432234,NULL
4204,field_loc_y,0.709531,NULL
4204,def_scheme,NULL,man
4204,is_transition,0,NULL
4204,is_off_dodge,1,NULL
4204,is_right_handed,1,NULL
4204,shot_quality,1,NULL
4204,clean_save,0,NULL
4204,goal_loc_x,0.5415,NULL
4204,goal_loc_y,0.664531,NULL
4205,field_loc_x,0.568886,NULL
4205,field_loc_y,0.709531,NULL
4205,def_scheme,NULL,man
4205,is_transition,0,NULL
4205,is_off_dodge,1,NULL
4205,is_right_handed,1,NULL
4205,shot_quality,3,NULL
4205,goal_loc_x,0.0966911,NULL
4205,goal_loc_y,0.274531,NULL
4206,field_loc_x,0.590143,NULL
4206,field_loc_y,0.624531,NULL
4206,def_scheme,NULL,man
4206,is_transition,0,NULL
4206,is_off_dodge,0,NULL
4206,is_right_handed,0,NULL
4206,shot_quality,1,NULL
4206,goal_loc_x,0.49262,NULL
4206,goal_loc_y,0.704531,NULL
4207,field_loc_x,0.42616,NULL
4207,field_loc_y,0.679531,NULL
4207,def_scheme,NULL,man
4207,is_transition,0,NULL
4207,is_off_dodge,0,NULL
4207,is_right_handed,1,NULL
4207,shot_quality,1,NULL
4207,clean_save,0,NULL
4207,goal_loc_x,0.487732,NULL
4207,goal_loc_y,0.429531,NULL
4208,field_loc_x,0.41705,NULL
4208,field_loc_y,0.589531,NULL
4208,def_scheme,NULL,man
4208,is_transition,0,NULL
4208,is_off_dodge,0,NULL
4208,is_right_handed,1,NULL
4208,shot_quality,1,NULL
4208,goal_loc_x,0.873886,NULL
4208,goal_loc_y,0.719531,NULL
4209,field_loc_x,0.453491,NULL
4209,field_loc_y,0.504531,NULL
4209,def_scheme,NULL,man
4209,is_transition,0,NULL
4209,is_off_dodge,0,NULL
4209,is_right_handed,1,NULL
4209,shot_quality,2,NULL
4210,field_loc_x,0.565849,NULL
4210,field_loc_y,0.694531,NULL
4210,def_scheme,NULL,man
4210,is_transition,1,NULL
4210,is_off_dodge,0,NULL
4210,is_right_handed,0,NULL
4210,shot_quality,1,NULL
4210,goal_loc_x,0.707693,NULL
4210,goal_loc_y,0.679531,NULL
4211,field_loc_x,0.42616,NULL
4211,field_loc_y,0.674531,NULL
4211,def_scheme,NULL,man
4211,is_transition,1,NULL
4211,is_off_dodge,0,NULL
4211,is_right_handed,1,NULL
4211,shot_quality,1,NULL
4211,goal_loc_x,0.737021,NULL
4211,goal_loc_y,0.809531,NULL
4212,field_loc_x,0.43527,NULL
4212,field_loc_y,0.684531,NULL
4212,is_transition,0,NULL
4212,def_scheme,NULL,man
4212,is_off_dodge,0,NULL
4212,is_right_handed,1,NULL
4212,shot_quality,1,NULL
4212,goal_loc_x,0.88855,NULL
4212,goal_loc_y,0.374531,NULL
4213,field_loc_x,0.429197,NULL
4213,field_loc_y,0.594531,NULL
4213,def_scheme,NULL,man
4213,is_transition,1,NULL
4213,is_off_dodge,0,NULL
4213,is_right_handed,1,NULL
4213,shot_quality,1,NULL
4213,goal_loc_x,0.257996,NULL
4213,goal_loc_y,0.694531,NULL
4214,field_loc_x,0.590143,NULL
4214,field_loc_y,0.474531,NULL
4214,def_scheme,NULL,man
4214,is_transition,0,NULL
4214,is_off_dodge,0,NULL
4214,is_right_handed,1,NULL
4214,shot_quality,3,NULL
4214,clean_save,0,NULL
4214,goal_loc_x,0.257996,NULL
4214,goal_loc_y,0.644531,NULL
4215,field_loc_x,0.590143,NULL
4215,field_loc_y,0.519531,NULL
4215,def_scheme,NULL,man
4215,is_transition,0,NULL
4215,is_off_dodge,0,NULL
4215,is_right_handed,1,NULL
4215,shot_quality,2,NULL
4215,goal_loc_x,0.693029,NULL
4215,goal_loc_y,0.694531,NULL
4216,field_loc_x,0.565849,NULL
4216,field_loc_y,0.699531,NULL
4216,def_scheme,NULL,man
4216,is_transition,0,NULL
4216,is_off_dodge,0,NULL
4216,is_right_handed,0,NULL
4216,shot_quality,1,NULL
4216,goal_loc_x,0.287324,NULL
4216,goal_loc_y,0.164531,NULL
4217,field_loc_x,0.593179,NULL
4217,field_loc_y,0.614531,NULL
4217,def_scheme,NULL,man
4217,is_transition,0,NULL
4217,is_off_dodge,1,NULL
4217,is_right_handed,0,NULL
4217,shot_quality,2,NULL
4217,clean_save,0,NULL
4217,goal_loc_x,0.350868,NULL
4217,goal_loc_y,0.379531,NULL
4218,field_loc_x,0.453491,NULL
4218,field_loc_y,0.289531,NULL
4218,def_scheme,NULL,man
4218,is_transition,0,NULL
4218,is_off_dodge,1,NULL
4218,is_right_handed,1,NULL
4218,shot_quality,3,NULL
4218,clean_save,0,NULL
4218,goal_loc_x,0.732133,NULL
4218,goal_loc_y,0.164531,NULL
4219,field_loc_x,0.465637,NULL
4219,field_loc_y,0.459531,NULL
4219,def_scheme,NULL,man
4219,is_transition,0,NULL
4219,is_off_dodge,0,NULL
4219,is_right_handed,1,NULL
4219,shot_quality,2,NULL
4219,goal_loc_x,0.243332,NULL
4219,goal_loc_y,0.154531,NULL
4220,field_loc_x,0.541555,NULL
4220,field_loc_y,0.299531,NULL
4220,def_scheme,NULL,man
4220,is_transition,0,NULL
4220,is_off_dodge,0,NULL
4220,is_right_handed,1,NULL
4220,shot_quality,3,NULL
4220,goal_loc_x,0.849445,NULL
4220,goal_loc_y,0.159531,NULL
4221,field_loc_x,0.599253,NULL
4221,field_loc_y,0.594531,NULL
4221,def_scheme,NULL,man
4221,is_transition,0,NULL
4221,is_off_dodge,1,NULL
4221,is_right_handed,1,NULL
4221,shot_quality,2,NULL
4222,goal_loc_x,0.257996,NULL
4222,goal_loc_y,0.169531,NULL
4222,field_loc_x,0.605326,NULL
4222,field_loc_y,0.574531,NULL
4222,def_scheme,NULL,man
4222,is_transition,0,NULL
4222,is_off_dodge,1,NULL
4222,is_right_handed,1,NULL
4222,shot_quality,2,NULL
4223,field_loc_x,0.556739,NULL
4223,field_loc_y,0.709531,NULL
4223,def_scheme,NULL,man
4223,is_transition,0,NULL
4223,is_off_dodge,0,NULL
4223,is_right_handed,1,NULL
4223,shot_quality,3,NULL
4223,clean_save,0,NULL
4223,goal_loc_x,0.678365,NULL
4223,goal_loc_y,0.699531,NULL
4226,field_loc_x,0.547629,NULL
4226,field_loc_y,0.299531,NULL
4226,def_scheme,NULL,man
4226,is_transition,0,NULL
4226,is_off_dodge,0,NULL
4226,is_right_handed,1,NULL
4226,shot_quality,3,NULL
4226,goal_loc_x,0.663701,NULL
4226,goal_loc_y,0.699531,NULL
4227,field_loc_x,0.532445,NULL
4227,field_loc_y,0.329531,NULL
4227,def_scheme,NULL,man
4227,is_transition,0,NULL
4227,is_off_dodge,0,NULL
4227,is_right_handed,0,NULL
4227,shot_quality,3,NULL
4227,clean_save,1,NULL
4227,goal_loc_x,0.746797,NULL
4227,goal_loc_y,0.604531,NULL
4228,field_loc_x,0.523335,NULL
4228,field_loc_y,0.264531,NULL
4228,def_scheme,NULL,zone
4228,is_transition,0,NULL
4228,is_off_dodge,1,NULL
4228,is_right_handed,1,NULL
4228,shot_quality,3,NULL
4228,goal_loc_x,0.741909,NULL
4228,goal_loc_y,0.704531,NULL
4229,field_loc_x,0.377573,NULL
4229,field_loc_y,0.429531,NULL
4229,def_scheme,NULL,zone
4229,is_transition,0,NULL
4229,is_off_dodge,0,NULL
4229,is_right_handed,1,NULL
4229,shot_quality,3,NULL
4229,clean_save,0,NULL
4229,goal_loc_x,0.693029,NULL
4229,goal_loc_y,0.459531,NULL
4230,field_loc_x,0.383646,NULL
4230,field_loc_y,0.464531,NULL
4230,def_scheme,NULL,zone
4230,is_transition,0,NULL
4230,is_off_dodge,0,NULL
4230,is_right_handed,1,NULL
4230,shot_quality,2,NULL
4230,goal_loc_x,0.693029,NULL
4230,goal_loc_y,0.149531,NULL
4231,field_loc_x,0.377573,NULL
4231,field_loc_y,0.344531,NULL
4231,def_scheme,NULL,man
4231,is_transition,1,NULL
4231,is_off_dodge,1,NULL
4231,is_right_handed,0,NULL
4231,shot_quality,3,NULL
4231,goal_loc_x,0.658813,NULL
4231,goal_loc_y,0.814531,NULL
4232,field_loc_x,0.556739,NULL
4232,field_loc_y,0.374531,NULL
4232,def_scheme,NULL,man
4232,is_transition,1,NULL
4232,is_off_dodge,1,NULL
4232,is_right_handed,1,NULL
4232,shot_quality,2,NULL
4232,goal_loc_x,0.834781,NULL
4232,goal_loc_y,0.789531,NULL
4234,field_loc_x,0.568886,NULL
4234,field_loc_y,0.679531,NULL
4234,def_scheme,NULL,man
4234,is_transition,1,NULL
4234,is_right_handed,1,NULL
4234,is_off_dodge,0,NULL
4234,shot_quality,1,NULL
4234,clean_save,0,NULL
4234,goal_loc_x,0.521948,NULL
4234,goal_loc_y,0.149531,NULL
4235,field_loc_x,0.401866,NULL
4235,field_loc_y,0.344531,NULL
4235,def_scheme,NULL,man
4235,is_transition,1,NULL
4235,is_off_dodge,0,NULL
4235,is_right_handed,1,NULL
4235,shot_quality,3,NULL
4235,goal_loc_x,0.243332,NULL
4235,goal_loc_y,0.684531,NULL
4236,field_loc_x,0.368463,NULL
4236,field_loc_y,0.439531,NULL
4236,def_scheme,NULL,man
4236,is_transition,0,NULL
4236,is_off_dodge,0,NULL
4236,is_right_handed,1,NULL
4236,shot_quality,3,NULL
4236,goal_loc_x,0.898326,NULL
4236,goal_loc_y,0.794531,NULL
4237,field_loc_x,0.41705,NULL
4237,field_loc_y,0.354531,NULL
4237,def_scheme,NULL,man
4237,is_transition,0,NULL
4237,is_off_dodge,0,NULL
4237,is_right_handed,1,NULL
4237,shot_quality,3,NULL
4237,goal_loc_x,0.873886,NULL
4237,goal_loc_y,0.364531,NULL
4238,field_loc_x,0.547629,NULL
4238,field_loc_y,0.554531,NULL
4238,def_scheme,NULL,man
4238,is_transition,1,NULL
4238,is_off_dodge,1,NULL
4238,is_right_handed,0,NULL
4238,shot_quality,1,NULL
4238,goal_loc_x,0.712581,NULL
4238,goal_loc_y,0.834531,NULL
4239,field_loc_x,0.547629,NULL
4239,field_loc_y,0.569531,NULL
4239,def_scheme,NULL,man
4239,is_transition,1,NULL
4239,is_off_dodge,1,NULL
4239,is_right_handed,1,NULL
4239,shot_quality,1,NULL
4239,goal_loc_x,0.130907,NULL
4239,goal_loc_y,0.309531,NULL
4240,field_loc_x,0.492968,NULL
4240,field_loc_y,0.359531,NULL
4240,def_scheme,NULL,man
4240,is_transition,1,NULL
4240,is_off_dodge,0,NULL
4240,is_right_handed,1,NULL
4240,shot_quality,2,NULL
4240,goal_loc_x,0.766349,NULL
4240,goal_loc_y,0.144531,NULL
4241,field_loc_x,0.377573,NULL
4241,field_loc_y,0.514531,NULL
4241,def_scheme,NULL,man
4241,is_transition,0,NULL
4241,is_off_dodge,0,NULL
4241,is_right_handed,1,NULL
4241,shot_quality,2,NULL
4241,clean_save,0,NULL
4241,goal_loc_x,0.732133,NULL
4241,goal_loc_y,0.609531,NULL
4242,field_loc_x,0.553702,NULL
4242,field_loc_y,0.359531,NULL
4242,def_scheme,NULL,man
4242,is_transition,0,NULL
4242,is_off_dodge,1,NULL
4242,is_right_handed,1,NULL
4242,shot_quality,2,NULL
4242,clean_save,0,NULL
4242,goal_loc_x,0.746797,NULL
4242,goal_loc_y,0.389531,NULL
4243,def_scheme,NULL,man
4243,field_loc_x,0.432234,NULL
4243,field_loc_y,0.714531,NULL
4243,is_transition,0,NULL
4243,is_off_dodge,0,NULL
4243,is_right_handed,1,NULL
4243,shot_quality,1,NULL
4243,clean_save,0,NULL
4243,goal_loc_x,0.521948,NULL
4243,goal_loc_y,0.174531,NULL
4244,field_loc_x,0.62962,NULL
4244,field_loc_y,0.599531,NULL
4244,def_scheme,NULL,man
4244,is_transition,0,NULL
4244,is_off_dodge,0,NULL
4244,is_right_handed,0,NULL
4244,shot_quality,2,NULL
4244,goal_loc_x,0.546389,NULL
4244,goal_loc_y,0.689531,NULL
4245,field_loc_x,0.553702,NULL
4245,field_loc_y,0.599531,NULL
4245,def_scheme,NULL,zone
4245,is_transition,0,NULL
4245,is_off_dodge,0,NULL
4245,is_right_handed,1,NULL
4245,shot_quality,1,NULL
4245,clean_save,0,NULL
4245,goal_loc_x,0.448628,NULL
4245,goal_loc_y,0.669531,NULL
4246,field_loc_x,0.471711,NULL
4246,field_loc_y,0.594531,NULL
4246,def_scheme,NULL,zone
4246,is_transition,0,NULL
4246,is_off_dodge,0,NULL
4246,is_right_handed,1,NULL
4246,shot_quality,2,NULL
4246,goal_loc_x,0.111355,NULL
4246,goal_loc_y,0.149531,NULL
4247,field_loc_x,0.614436,NULL
4247,field_loc_y,0.599531,NULL
4247,def_scheme,NULL,zone
4247,is_transition,0,NULL
4247,is_off_dodge,0,NULL
4247,is_right_handed,0,NULL
4247,shot_quality,2,NULL
4247,goal_loc_x,0.072251,NULL
4247,goal_loc_y,0.129531,NULL
4248,field_loc_x,0.414013,NULL
4248,field_loc_y,0.549531,NULL
4248,def_scheme,NULL,zone
4248,is_transition,0,NULL
4248,is_off_dodge,0,NULL
4248,is_right_handed,1,NULL
4248,shot_quality,1,NULL
4248,goal_loc_x,0.756573,NULL
4248,goal_loc_y,0.389531,NULL
4249,field_loc_x,0.401866,NULL
4249,field_loc_y,0.619531,NULL
4249,def_scheme,NULL,zone
4249,is_transition,0,NULL
4249,is_off_dodge,1,NULL
4249,is_right_handed,1,NULL
4249,shot_quality,2,NULL
4249,clean_save,1,NULL
4249,goal_loc_x,0.267772,NULL
4249,goal_loc_y,0.649531,NULL
4250,field_loc_x,0.420087,NULL
4250,field_loc_y,0.399531,NULL
4250,def_scheme,NULL,zone
4250,is_transition,0,NULL
4250,is_off_dodge,0,NULL
4250,is_right_handed,0,NULL
4250,shot_quality,2,NULL
4250,goal_loc_x,0.267772,NULL
4250,goal_loc_y,0.149531,NULL
4251,field_loc_x,0.574959,NULL
4251,field_loc_y,0.679531,NULL
4251,def_scheme,NULL,zone
4251,is_transition,0,NULL
4251,is_off_dodge,1,NULL
4251,is_right_handed,0,NULL
4251,shot_quality,1,NULL
4251,goal_loc_x,0.521948,NULL
4251,goal_loc_y,0.694531,NULL
4252,field_loc_x,0.459564,NULL
4252,field_loc_y,0.654531,NULL
4252,def_scheme,NULL,zone
4252,is_transition,0,NULL
4252,is_off_dodge,0,NULL
4252,is_right_handed,1,NULL
4252,shot_quality,1,NULL
4252,clean_save,1,NULL
4252,goal_loc_x,0.257996,NULL
4252,goal_loc_y,0.689531,NULL
4253,field_loc_x,0.432234,NULL
4253,field_loc_y,0.699531,NULL
4253,def_scheme,NULL,zone
4253,is_transition,0,NULL
4253,is_off_dodge,1,NULL
4253,is_right_handed,1,NULL
4253,shot_quality,1,NULL
4253,goal_loc_x,0.44374,NULL
4253,goal_loc_y,0.699531,NULL
4254,field_loc_x,0.377573,NULL
4254,field_loc_y,0.509531,NULL
4254,def_scheme,NULL,zone
4254,is_transition,0,NULL
4254,is_off_dodge,0,NULL
4254,is_right_handed,1,NULL
4254,shot_quality,2,NULL
4254,goal_loc_x,0.868998,NULL
4254,goal_loc_y,0.134531,NULL
4255,field_loc_x,0.562812,NULL
4255,field_loc_y,0.559531,NULL
4255,def_scheme,NULL,zone
4255,is_transition,0,NULL
4255,is_off_dodge,0,NULL
4255,is_right_handed,1,NULL
4255,shot_quality,1,NULL
4255,goal_loc_x,0.306876,NULL
4255,goal_loc_y,0.874531,NULL
4256,field_loc_x,0.38972,NULL
4256,field_loc_y,0.564531,NULL
4256,def_scheme,NULL,zone
4256,is_transition,0,NULL
4256,is_off_dodge,0,NULL
4256,is_right_handed,1,NULL
4256,shot_quality,2,NULL
4256,goal_loc_x,0.854333,NULL
4256,goal_loc_y,0.719531,NULL
4257,field_loc_x,0.520298,NULL
4257,field_loc_y,0.624531,NULL
4257,def_scheme,NULL,zone
4257,is_transition,0,NULL
4257,is_off_dodge,0,NULL
4257,is_right_handed,0,NULL
4257,shot_quality,1,NULL
4257,goal_loc_x,0.849445,NULL
4257,goal_loc_y,0.154531,NULL
4258,field_loc_x,0.438307,NULL
4258,field_loc_y,0.689531,NULL
4258,def_scheme,NULL,man
4258,is_transition,0,NULL
4258,is_off_dodge,0,NULL
4258,is_right_handed,1,NULL
4258,shot_quality,1,NULL
4258,goal_loc_x,0.24822,NULL
4258,goal_loc_y,0.574531,NULL
4259,field_loc_x,0.565849,NULL
4259,field_loc_y,0.724531,NULL
4259,def_scheme,NULL,man
4259,is_transition,0,NULL
4259,is_off_dodge,0,NULL
4259,is_right_handed,0,NULL
4259,shot_quality,1,NULL
4259,goal_loc_x,0.350868,NULL
4259,goal_loc_y,0.159531,NULL
4260,field_loc_x,0.63873,NULL
4260,field_loc_y,0.604531,NULL
4260,def_scheme,NULL,man
4260,is_transition,0,NULL
4260,is_off_dodge,0,NULL
4260,is_right_handed,0,NULL
4260,shot_quality,2,NULL
4260,goal_loc_x,0.116243,NULL
4260,goal_loc_y,0.129531,NULL
4261,field_loc_x,0.62051,NULL
4261,field_loc_y,0.554531,NULL
4261,def_scheme,NULL,man
4261,is_transition,0,NULL
4261,is_off_dodge,0,NULL
4261,is_right_handed,0,NULL
4261,shot_quality,2,NULL
4261,clean_save,0,NULL
4261,goal_loc_x,0.761461,NULL
4261,goal_loc_y,0.224531,NULL
4262,field_loc_x,0.41705,NULL
4262,field_loc_y,0.344531,NULL
4262,def_scheme,NULL,man
4262,is_transition,0,NULL
4262,is_off_dodge,0,NULL
4262,is_right_handed,0,NULL
4262,shot_quality,3,NULL
4262,clean_save,1,NULL
4262,goal_loc_x,0.311764,NULL
4262,goal_loc_y,0.609531,NULL
4263,field_loc_x,0.562812,NULL
4263,field_loc_y,0.299531,NULL
4263,def_scheme,NULL,man
4263,is_transition,0,NULL
4263,is_off_dodge,0,NULL
4263,is_right_handed,0,NULL
4263,shot_quality,3,NULL
4263,goal_loc_x,0.741909,NULL
4263,goal_loc_y,0.684531,NULL
4264,field_loc_x,0.356316,NULL
4264,field_loc_y,0.499531,NULL
4264,def_scheme,NULL,man
4264,is_transition,0,NULL
4264,is_off_dodge,0,NULL
4264,is_right_handed,1,NULL
4264,shot_quality,2,NULL
4264,clean_save,0,NULL
4264,goal_loc_x,0.634373,NULL
4264,goal_loc_y,0.374531,NULL
4265,field_loc_x,0.325949,NULL
4265,field_loc_y,0.624531,NULL
4265,def_scheme,NULL,man
4265,is_transition,0,NULL
4265,is_off_dodge,0,NULL
4265,is_right_handed,1,NULL
4265,shot_quality,2,NULL
4265,goal_loc_x,0.497508,NULL
4265,goal_loc_y,0.679531,NULL
4649,field_loc_x,0.41705,NULL
4649,field_loc_y,0.509531,NULL
4649,def_scheme,NULL,man
4649,is_transition,0,NULL
4649,is_off_dodge,1,NULL
4649,is_right_handed,0,NULL
4649,shot_quality,2,NULL
4649,clean_save,1,NULL
4649,goal_loc_x,0.741909,NULL
4649,goal_loc_y,0.589531,NULL
4650,field_loc_x,0.39883,NULL
4650,field_loc_y,0.629531,NULL
4650,def_scheme,NULL,man
4650,is_transition,0,NULL
4650,is_off_dodge,1,NULL
4650,is_right_handed,1,NULL
4650,shot_quality,2,NULL
4650,goal_loc_x,0.135795,NULL
4650,goal_loc_y,0.119531,NULL
4651,field_loc_x,0.559775,NULL
4651,field_loc_y,0.649531,NULL
4651,def_scheme,NULL,man
4651,is_transition,0,NULL
4651,is_off_dodge,0,NULL
4651,is_right_handed,0,NULL
4651,shot_quality,2,NULL
4651,goal_loc_x,0.145571,NULL
4651,goal_loc_y,0.699531,NULL
4652,field_loc_x,0.596216,NULL
4652,field_loc_y,0.599531,NULL
4652,def_scheme,NULL,man
4652,is_transition,0,NULL
4652,is_off_dodge,1,NULL
4652,is_right_handed,1,NULL
4652,shot_quality,2,NULL
4652,goal_loc_x,0.805453,NULL
4652,goal_loc_y,0.139531,NULL
4653,field_loc_x,0.568886,NULL
4653,field_loc_y,0.654531,NULL
4653,def_scheme,NULL,man
4653,is_transition,0,NULL
4653,is_off_dodge,1,NULL
4653,is_right_handed,0,NULL
4653,shot_quality,1,NULL
4653,goal_loc_x,0.27266,NULL
4653,goal_loc_y,0.159531,NULL
4654,field_loc_x,0.565849,NULL
4654,field_loc_y,0.479531,NULL
4654,def_scheme,NULL,man
4654,is_transition,0,NULL
4654,is_off_dodge,1,NULL
4654,is_right_handed,1,NULL
4654,shot_quality,1,NULL
4654,goal_loc_x,0.663701,NULL
4654,goal_loc_y,0.659531,NULL
4655,field_loc_x,0.538518,NULL
4655,field_loc_y,0.579531,NULL
4655,is_transition,1,NULL
4655,is_off_dodge,0,NULL
4655,is_right_handed,1,NULL
4655,shot_quality,1,NULL
4655,goal_loc_x,0.487732,NULL
4655,goal_loc_y,0.154531,NULL
4656,field_loc_x,0.544592,NULL
4656,field_loc_y,0.424531,NULL
4656,is_transition,1,NULL
4656,is_off_dodge,1,NULL
4656,is_right_handed,1,NULL
4656,shot_quality,2,NULL
4656,goal_loc_x,0.668589,NULL
4656,goal_loc_y,0.669531,NULL
4657,field_loc_x,0.43527,NULL
4657,field_loc_y,0.654531,NULL
4657,def_scheme,NULL,man
4657,is_transition,0,NULL
4657,is_off_dodge,0,NULL
4657,is_right_handed,0,NULL
4657,shot_quality,1,NULL
4657,goal_loc_x,0.746797,NULL
4657,goal_loc_y,0.464531,NULL
4658,field_loc_x,0.581033,NULL
4658,field_loc_y,0.619531,NULL
4658,def_scheme,NULL,man
4658,is_transition,0,NULL
4658,is_off_dodge,1,NULL
4658,is_right_handed,1,NULL
4658,shot_quality,1,NULL
4658,goal_loc_x,0.512172,NULL
4658,goal_loc_y,0.694531,NULL
4659,field_loc_x,0.562812,NULL
4659,field_loc_y,0.404531,NULL
4659,is_transition,1,NULL
4659,is_off_dodge,1,NULL
4659,is_right_handed,1,NULL
4659,shot_quality,2,NULL
4659,goal_loc_x,0.155347,NULL
4659,goal_loc_y,0.149531,NULL
4660,field_loc_x,0.474748,NULL
4660,field_loc_y,0.264531,NULL
4660,is_transition,1,NULL
4660,is_off_dodge,0,NULL
4660,is_right_handed,1,NULL
4660,shot_quality,3,NULL
4660,goal_loc_x,0.145571,NULL
4660,goal_loc_y,0.134531,NULL
4661,field_loc_x,0.556739,NULL
4661,field_loc_y,0.444531,NULL
4661,def_scheme,NULL,man
4661,is_transition,0,NULL
4661,is_off_dodge,0,NULL
4661,is_right_handed,1,NULL
4661,shot_quality,2,NULL
4661,goal_loc_x,0.253108,NULL
4661,goal_loc_y,0.154531,NULL
4662,field_loc_x,0.577996,NULL
4662,field_loc_y,0.709531,NULL
4662,def_scheme,NULL,man
4662,is_transition,0,NULL
4662,is_off_dodge,1,NULL
4662,is_right_handed,0,NULL
4662,shot_quality,1,NULL
4662,clean_save,1,NULL
4662,goal_loc_x,0.44374,NULL
4662,goal_loc_y,0.654531,NULL
4663,field_loc_x,0.420087,NULL
4663,field_loc_y,0.554531,NULL
4663,def_scheme,NULL,man
4663,is_transition,0,NULL
4663,is_off_dodge,0,NULL
4663,is_right_handed,0,NULL
4663,shot_quality,2,NULL
4663,goal_loc_x,0.155347,NULL
4663,goal_loc_y,0.354531,NULL
4664,field_loc_x,0.432234,NULL
4664,field_loc_y,0.539531,NULL
4664,def_scheme,NULL,man
4664,is_transition,0,NULL
4664,is_off_dodge,1,NULL
4664,is_right_handed,1,NULL
4664,shot_quality,3,NULL
4664,goal_loc_x,0.756573,NULL
4664,goal_loc_y,0.699531,NULL
4665,field_loc_x,0.547629,NULL
4665,field_loc_y,0.609531,NULL
4665,def_scheme,NULL,man
4665,is_transition,0,NULL
4665,is_off_dodge,0,NULL
4665,is_right_handed,1,NULL
4665,shot_quality,2,NULL
4665,clean_save,0,NULL
4665,goal_loc_x,0.424188,NULL
4665,goal_loc_y,0.384531,NULL
4666,field_loc_x,0.511188,NULL
4666,field_loc_y,0.444531,NULL
4666,def_scheme,NULL,man
4666,is_transition,0,NULL
4666,is_off_dodge,1,NULL
4666,is_right_handed,1,NULL
4666,shot_quality,2,NULL
4666,goal_loc_x,0.155347,NULL
4666,goal_loc_y,0.764531,NULL
4667,field_loc_x,0.505115,NULL
4667,field_loc_y,0.639531,NULL
4667,def_scheme,NULL,man
4667,is_transition,0,NULL
4667,is_off_dodge,0,NULL
4667,is_right_handed,1,NULL
4667,shot_quality,1,NULL
4667,clean_save,0,NULL
4667,goal_loc_x,0.477956,NULL
4667,goal_loc_y,0.369531,NULL
4668,field_loc_x,0.581033,NULL
4668,field_loc_y,0.274531,NULL
4668,def_scheme,NULL,man
4668,is_transition,1,NULL
4668,is_off_dodge,1,NULL
4668,is_right_handed,1,NULL
4668,shot_quality,3,NULL
4668,clean_save,1,NULL
4668,goal_loc_x,0.292212,NULL
4668,goal_loc_y,0.359531,NULL
4669,field_loc_x,0.514225,NULL
4669,field_loc_y,0.594531,NULL
4669,def_scheme,NULL,man
4669,is_transition,0,NULL
4669,is_off_dodge,1,NULL
4669,is_right_handed,1,NULL
4669,shot_quality,2,NULL
4669,goal_loc_x,0.526836,NULL
4669,goal_loc_y,0.799531,NULL
4670,field_loc_x,0.410977,NULL
4670,field_loc_y,0.464531,NULL
4670,def_scheme,NULL,man
4670,is_transition,0,NULL
4670,is_off_dodge,1,NULL
4670,is_right_handed,0,NULL
4670,shot_quality,2,NULL
4670,goal_loc_x,0.360644,NULL
4670,goal_loc_y,0.839531,NULL
4671,field_loc_x,0.538518,NULL
4671,field_loc_y,0.284531,NULL
4671,is_transition,1,NULL
4671,is_off_dodge,1,NULL
4671,is_right_handed,1,NULL
4671,shot_quality,3,NULL
4671,goal_loc_x,0.732133,NULL
4671,goal_loc_y,0.144531,NULL
4672,field_loc_x,0.42616,NULL
4672,field_loc_y,0.694531,NULL
4672,def_scheme,NULL,man
4672,is_transition,0,NULL
4672,is_off_dodge,1,NULL
4672,is_right_handed,1,NULL
4672,shot_quality,1,NULL
4672,goal_loc_x,0.722357,NULL
4672,goal_loc_y,0.674531,NULL
4673,field_loc_x,0.401866,NULL
4673,field_loc_y,0.649531,NULL
4673,def_scheme,NULL,man
4673,is_transition,0,NULL
4673,is_off_dodge,1,NULL
4673,is_right_handed,1,NULL
4673,shot_quality,2,NULL
4673,goal_loc_x,0.135795,NULL
4673,goal_loc_y,0.144531,NULL
4674,field_loc_x,0.41705,NULL
4674,field_loc_y,0.604531,NULL
4674,def_scheme,NULL,man
4674,is_transition,0,NULL
4674,is_off_dodge,1,NULL
4674,is_right_handed,1,NULL
4674,shot_quality,1,NULL
4674,clean_save,0,NULL
4674,goal_loc_x,0.565941,NULL
4674,goal_loc_y,0.354531,NULL
4675,field_loc_x,0.414013,NULL
4675,field_loc_y,0.654531,NULL
4675,def_scheme,NULL,man
4675,is_transition,0,NULL
4675,is_off_dodge,1,NULL
4675,is_right_handed,0,NULL
4675,shot_quality,2,NULL
4675,goal_loc_x,0.551277,NULL
4675,goal_loc_y,0.699531,NULL
4676,field_loc_x,0.380609,NULL
4676,field_loc_y,0.549531,NULL
4676,def_scheme,NULL,man
4676,is_transition,0,NULL
4676,is_off_dodge,1,NULL
4676,is_right_handed,1,NULL
4676,shot_quality,3,NULL
4676,goal_loc_x,0.546389,NULL
4676,goal_loc_y,0.0595312,NULL
4677,field_loc_x,0.414013,NULL
4677,field_loc_y,0.634531,NULL
4677,def_scheme,NULL,man
4677,is_transition,0,NULL
4677,is_off_dodge,1,NULL
4677,is_right_handed,1,NULL
4677,shot_quality,2,NULL
4677,goal_loc_x,0.214003,NULL
4677,goal_loc_y,0.0445312,NULL
4678,field_loc_x,0.410977,NULL
4678,field_loc_y,0.479531,NULL
4678,def_scheme,NULL,man
4678,is_transition,0,NULL
4678,is_off_dodge,1,NULL
4678,is_right_handed,1,NULL
4678,shot_quality,2,NULL
4678,goal_loc_x,0.326428,NULL
4678,goal_loc_y,0.154531,NULL
4679,field_loc_x,0.471711,NULL
4679,field_loc_y,0.529531,NULL
4679,def_scheme,NULL,man
4679,is_transition,1,NULL
4679,is_off_dodge,1,NULL
4679,is_right_handed,1,NULL
4679,shot_quality,2,NULL
4679,goal_loc_x,0.795677,NULL
4679,goal_loc_y,0.824531,NULL
4680,field_loc_x,0.377573,NULL
4680,field_loc_y,0.544531,NULL
4680,def_scheme,NULL,man
4680,is_transition,0,NULL
4680,is_off_dodge,1,NULL
4680,is_right_handed,1,NULL
4680,shot_quality,3,NULL
4680,goal_loc_x,0.898326,NULL
4680,goal_loc_y,0.0995312,NULL
4681,field_loc_x,0.471711,NULL
4681,field_loc_y,0.179531,NULL
4681,is_transition,1,NULL
4681,is_off_dodge,1,NULL
4681,is_right_handed,1,NULL
4681,shot_quality,3,NULL
4681,goal_loc_x,0.082027,NULL
4681,goal_loc_y,0.154531,NULL
4682,field_loc_x,0.420087,NULL
4682,field_loc_y,0.564531,NULL
4682,def_scheme,NULL,man
4682,is_transition,0,NULL
4682,is_off_dodge,1,NULL
4682,shot_quality,1,NULL
4682,is_right_handed,0,NULL
4682,goal_loc_x,0.751685,NULL
4682,goal_loc_y,0.179531,NULL
4683,field_loc_x,0.593179,NULL
4683,field_loc_y,0.669531,NULL
4683,def_scheme,NULL,man
4683,is_transition,0,NULL
4683,is_off_dodge,1,NULL
4683,is_right_handed,0,NULL
4683,shot_quality,3,NULL
4683,goal_loc_x,0.116243,NULL
4683,goal_loc_y,0.719531,NULL
4684,def_scheme,NULL,zone
4684,is_transition,0,NULL
4684,is_off_dodge,0,NULL
4684,is_right_handed,1,NULL
4684,shot_quality,3,NULL
4684,field_loc_x,0.468674,NULL
4684,field_loc_y,0.544531,NULL
4684,goal_loc_x,0.878774,NULL
4684,goal_loc_y,0.849531,NULL
4685,def_scheme,NULL,zone
4685,is_transition,0,NULL
4685,is_off_dodge,0,NULL
4685,is_right_handed,1,NULL
4685,shot_quality,3,NULL
4685,goal_loc_x,0.140683,NULL
4685,goal_loc_y,0.159531,NULL
4686,def_scheme,NULL,zone
4686,is_transition,0,NULL
4686,is_off_dodge,0,NULL
4686,is_right_handed,1,NULL
4686,shot_quality,2,NULL
4686,goal_loc_x,0.121131,NULL
4686,goal_loc_y,0.659531,NULL
4687,field_loc_x,0.623546,NULL
4687,field_loc_y,0.484531,NULL
4687,def_scheme,NULL,zone
4687,is_transition,0,NULL
4687,is_off_dodge,0,NULL
4687,is_right_handed,0,NULL
4687,shot_quality,2,NULL
4687,goal_loc_x,0.126019,NULL
4687,goal_loc_y,0.584531,NULL
4688,field_loc_x,0.550665,NULL
4688,field_loc_y,0.654531,NULL
4688,def_scheme,NULL,zone
4688,is_transition,0,NULL
4688,is_off_dodge,0,NULL
4688,is_right_handed,1,NULL
4688,shot_quality,1,NULL
4688,goal_loc_x,0.257996,NULL
4688,goal_loc_y,0.159531,NULL
4689,def_scheme,NULL,man
4689,field_loc_x,0.41705,NULL
4689,field_loc_y,0.679531,NULL
4689,is_off_dodge,1,NULL
4689,is_transition,0,NULL
4689,is_right_handed,0,NULL
4689,shot_quality,2,NULL
4689,goal_loc_x,0.130907,NULL
4689,goal_loc_y,0.789531,NULL
4690,field_loc_x,0.602289,NULL
4690,field_loc_y,0.539531,NULL
4690,def_scheme,NULL,man
4690,is_transition,0,NULL
4690,is_off_dodge,0,NULL
4690,is_right_handed,0,NULL
4690,shot_quality,2,NULL
4690,goal_loc_x,0.233555,NULL
4690,goal_loc_y,0.704531,NULL
4691,field_loc_x,0.584069,NULL
4691,field_loc_y,0.329531,NULL
4691,is_transition,1,NULL
4691,is_off_dodge,1,NULL
4691,is_right_handed,1,NULL
4691,shot_quality,3,NULL
4691,clean_save,1,NULL
4691,goal_loc_x,0.243332,NULL
4691,goal_loc_y,0.689531,NULL
4692,field_loc_x,0.553702,NULL
4692,field_loc_y,0.667031,NULL
4692,is_transition,1,NULL
4692,is_off_dodge,0,NULL
4692,is_right_handed,0,NULL
4692,shot_quality,1,NULL
4692,def_scheme,NULL,man
4692,goal_loc_x,0.663701,NULL
4692,goal_loc_y,0.682031,NULL
4693,field_loc_x,0.544592,NULL
4693,field_loc_y,0.642031,NULL
4693,def_scheme,NULL,man
4693,is_transition,0,NULL
4693,is_off_dodge,0,NULL
4693,is_right_handed,1,NULL
4693,shot_quality,1,NULL
4693,goal_loc_x,0.653925,NULL
4693,goal_loc_y,0.672031,NULL
4717,field_loc_x,0.380633,NULL
4717,field_loc_y,0.641563,NULL
4717,def_scheme,NULL,man
4717,is_transition,0,NULL
4717,is_off_dodge,0,NULL
4717,is_right_handed,1,NULL
4717,shot_quality,3,NULL
4717,goal_loc_x,0.90329,NULL
4717,goal_loc_y,0.586563,NULL
4718,field_loc_x,0.60535,NULL
4718,field_loc_y,0.621562,NULL
4718,def_scheme,NULL,man
4718,is_transition,0,NULL
4718,is_off_dodge,0,NULL
4718,is_right_handed,0,NULL
4718,shot_quality,1,NULL
4718,goal_loc_x,0.722433,NULL
4718,goal_loc_y,0.676562,NULL
4719,field_loc_x,0.502102,NULL
4719,field_loc_y,0.296562,NULL
4719,def_scheme,NULL,man
4719,is_transition,0,NULL
4719,is_off_dodge,1,NULL
4719,is_right_handed,0,NULL
4719,shot_quality,3,NULL
4719,goal_loc_x,0.737097,NULL
4719,goal_loc_y,0.366562,NULL
4720,field_loc_x,0.435294,NULL
4720,field_loc_y,0.721563,NULL
4720,def_scheme,NULL,man
4720,is_transition,0,NULL
4720,is_off_dodge,0,NULL
4720,is_right_handed,1,NULL
4720,shot_quality,1,NULL
4720,goal_loc_x,0.722433,NULL
4720,goal_loc_y,0.146563,NULL
4721,field_loc_x,0.538542,NULL
4721,field_loc_y,0.631562,NULL
4721,def_scheme,NULL,man
4721,is_transition,0,NULL
4721,is_off_dodge,1,NULL
4721,is_right_handed,1,NULL
4721,shot_quality,1,NULL
4721,clean_save,0,NULL
4721,goal_loc_x,0.267848,NULL
4721,goal_loc_y,0.686562,NULL
4722,field_loc_x,0.526395,NULL
4722,field_loc_y,0.441563,NULL
4722,def_scheme,NULL,man
4722,is_transition,0,NULL
4722,is_off_dodge,0,NULL
4722,is_right_handed,0,NULL
4722,shot_quality,1,NULL
4722,clean_save,0,NULL
4722,goal_loc_x,0.683329,NULL
4722,goal_loc_y,0.686562,NULL
4723,field_loc_x,0.350266,NULL
4723,field_loc_y,0.476562,NULL
4723,def_scheme,NULL,man
4723,is_transition,0,NULL
4723,is_off_dodge,0,NULL
4723,shot_quality,2,NULL
4723,is_right_handed,1,NULL
4723,goal_loc_x,0.883738,NULL
4723,goal_loc_y,0.836563,NULL
4724,field_loc_x,0.559799,NULL
4724,field_loc_y,0.636563,NULL
4724,def_scheme,NULL,man
4724,is_transition,0,NULL
4724,is_off_dodge,1,NULL
4724,is_right_handed,0,NULL
4724,shot_quality,1,NULL
4724,goal_loc_x,0.487809,NULL
4724,goal_loc_y,0.156563,NULL
4725,field_loc_x,0.423147,NULL
4725,field_loc_y,0.696563,NULL
4725,def_scheme,NULL,man
4725,is_transition,0,NULL
4725,is_off_dodge,1,NULL
4725,is_right_handed,1,NULL
4725,shot_quality,3,NULL
4725,goal_loc_x,0.482921,NULL
4725,goal_loc_y,0.706563,NULL
4726,field_loc_x,0.550689,NULL
4726,field_loc_y,0.626562,NULL
4726,def_scheme,NULL,man
4726,is_transition,0,NULL
4726,is_off_dodge,0,NULL
4726,is_right_handed,1,NULL
4726,shot_quality,3,NULL
4726,clean_save,0,NULL
4726,goal_loc_x,0.502473,NULL
4726,goal_loc_y,0.666562,NULL
4727,field_loc_x,0.647864,NULL
4727,field_loc_y,0.496563,NULL
4727,def_scheme,NULL,man
4727,is_transition,0,NULL
4727,is_off_dodge,0,NULL
4727,is_right_handed,0,NULL
4727,shot_quality,2,NULL
4727,clean_save,0,NULL
4727,goal_loc_x,0.487809,NULL
4727,goal_loc_y,0.681562,NULL
4728,field_loc_x,0.377596,NULL
4728,field_loc_y,0.576563,NULL
4728,def_scheme,NULL,man
4728,is_transition,0,NULL
4728,is_off_dodge,0,NULL
4728,is_right_handed,1,NULL
4728,shot_quality,1,NULL
4728,goal_loc_x,0.517137,NULL
4728,goal_loc_y,0.671562,NULL
4729,field_loc_x,0.319899,NULL
4729,field_loc_y,0.571563,NULL
4729,def_scheme,NULL,man
4729,is_transition,0,NULL
4729,is_off_dodge,0,NULL
4729,is_right_handed,1,NULL
4729,shot_quality,3,NULL
4729,goal_loc_x,0.443816,NULL
4729,goal_loc_y,0.836563,NULL
4730,field_loc_x,0.499065,NULL
4730,field_loc_y,0.506562,NULL
4730,def_scheme,NULL,man
4730,is_transition,0,NULL
4730,is_off_dodge,0,NULL
4730,is_right_handed,1,NULL
4730,shot_quality,1,NULL
4730,goal_loc_x,0.243408,NULL
4730,goal_loc_y,0.696563,NULL
4731,field_loc_x,0.541579,NULL
4731,field_loc_y,0.586563,NULL
4731,def_scheme,NULL,man
4731,is_transition,0,NULL
4731,is_off_dodge,0,NULL
4731,is_right_handed,1,NULL
4731,shot_quality,1,NULL
4731,goal_loc_x,0.135872,NULL
4731,goal_loc_y,0.856562,NULL
4732,field_loc_x,0.450477,NULL
4732,field_loc_y,0.396562,NULL
4732,def_scheme,NULL,man
4732,is_transition,0,NULL
4732,is_off_dodge,1,NULL
4732,is_right_handed,0,NULL
4732,shot_quality,2,NULL
4732,goal_loc_x,0.14076,NULL
4732,goal_loc_y,0.816562,NULL
4733,field_loc_x,0.398853,NULL
4733,field_loc_y,0.331562,NULL
4733,def_scheme,NULL,man
4733,is_transition,0,NULL
4733,is_off_dodge,1,NULL
4733,is_right_handed,0,NULL
4733,shot_quality,3,NULL
4733,goal_loc_x,0.746873,NULL
4733,goal_loc_y,0.696563,NULL
4734,field_loc_x,0.462624,NULL
4734,field_loc_y,0.346563,NULL
4734,def_scheme,NULL,man
4734,is_transition,0,NULL
4734,is_off_dodge,1,NULL
4734,is_right_handed,1,NULL
4734,shot_quality,3,NULL
4734,goal_loc_x,0.277624,NULL
4734,goal_loc_y,0.661563,NULL
4735,field_loc_x,0.398853,NULL
4735,field_loc_y,0.721563,NULL
4735,def_scheme,NULL,man
4735,is_transition,0,NULL
4735,is_off_dodge,0,NULL
4735,is_right_handed,1,NULL
4735,shot_quality,3,NULL
4735,goal_loc_x,0.150536,NULL
4735,goal_loc_y,0.146563,NULL
4736,field_loc_x,0.496028,NULL
4736,field_loc_y,0.456562,NULL
4736,is_transition,0,NULL
4736,def_scheme,NULL,man
4736,is_off_dodge,0,NULL
4736,is_right_handed,1,NULL
4736,shot_quality,2,NULL
4736,clean_save,0,NULL
4736,goal_loc_x,0.458481,NULL
4736,goal_loc_y,0.136562,NULL
4737,field_loc_x,0.486918,NULL
4737,field_loc_y,0.306563,NULL
4737,def_scheme,NULL,man
4737,is_transition,0,NULL
4737,is_off_dodge,1,NULL
4737,is_right_handed,1,NULL
4737,shot_quality,3,NULL
4737,goal_loc_x,0.751761,NULL
4737,goal_loc_y,0.586563,NULL
4738,field_loc_x,0.550689,NULL
4738,field_loc_y,0.596563,NULL
4738,def_scheme,NULL,man
4738,is_off_dodge,0,NULL
4738,is_transition,0,NULL
4738,is_right_handed,0,NULL
4738,shot_quality,1,NULL
4738,goal_loc_x,0.751761,NULL
4738,goal_loc_y,0.601562,NULL
4739,field_loc_x,0.438331,NULL
4739,field_loc_y,0.591563,NULL
4739,def_scheme,NULL,man
4739,is_transition,0,NULL
4739,is_off_dodge,0,NULL
4739,is_right_handed,1,NULL
4739,shot_quality,2,NULL
4739,goal_loc_x,0.751761,NULL
4739,goal_loc_y,0.186562,NULL
4740,field_loc_x,0.538542,NULL
4740,field_loc_y,0.336563,NULL
4740,def_scheme,NULL,man
4740,is_transition,0,NULL
4740,is_off_dodge,1,NULL
4740,is_right_handed,0,NULL
4740,shot_quality,3,NULL
4740,clean_save,0,NULL
4740,goal_loc_x,0.522025,NULL
4740,goal_loc_y,0.366562,NULL
4741,field_loc_x,0.423147,NULL
4741,field_loc_y,0.721563,NULL
4741,def_scheme,NULL,man
4741,is_transition,0,NULL
4741,is_off_dodge,0,NULL
4741,is_right_handed,1,NULL
4741,shot_quality,1,NULL
4741,goal_loc_x,0.267848,NULL
4741,goal_loc_y,0.411563,NULL
4742,field_loc_x,0.608387,NULL
4742,field_loc_y,0.426562,NULL
4742,def_scheme,NULL,man
4742,is_transition,0,NULL
4742,is_off_dodge,0,NULL
4742,is_right_handed,0,NULL
4742,shot_quality,2,NULL
4742,clean_save,1,NULL
4742,goal_loc_x,0.23852,NULL
4742,goal_loc_y,0.701563,NULL
4743,field_loc_x,0.453514,NULL
4743,field_loc_y,0.626562,NULL
4743,def_scheme,NULL,man
4743,is_transition,0,NULL
4743,is_off_dodge,0,NULL
4743,is_right_handed,0,NULL
4743,clean_save,0,NULL
4743,shot_quality,1,NULL
4743,goal_loc_x,0.478033,NULL
4743,goal_loc_y,0.676562,NULL
4744,field_loc_x,0.377596,NULL
4744,field_loc_y,0.541562,NULL
4744,def_scheme,NULL,man
4744,is_transition,0,NULL
4744,is_off_dodge,1,NULL
4744,is_right_handed,1,NULL
4744,shot_quality,2,NULL
4744,clean_save,0,NULL
4744,goal_loc_x,0.267848,NULL
4744,goal_loc_y,0.161563,NULL
4745,field_loc_x,0.371523,NULL
4745,field_loc_y,0.521563,NULL
4745,def_scheme,NULL,man
4745,is_transition,0,NULL
4745,is_off_dodge,0,NULL
4745,is_right_handed,1,NULL
4745,shot_quality,2,NULL
4745,clean_save,0,NULL
4745,goal_loc_x,0.355832,NULL
4745,goal_loc_y,0.636563,NULL
4746,field_loc_x,0.496028,NULL
4746,field_loc_y,0.656563,NULL
4746,def_scheme,NULL,man
4746,is_transition,0,NULL
4746,is_off_dodge,0,NULL
4746,is_right_handed,1,NULL
4746,shot_quality,1,NULL
4746,goal_loc_x,0.512249,NULL
4746,goal_loc_y,0.146563,NULL
4747,field_loc_x,0.414037,NULL
4747,field_loc_y,0.441563,NULL
4747,def_scheme,NULL,man
4747,is_transition,0,NULL
4747,is_off_dodge,1,NULL
4747,is_right_handed,0,NULL
4747,shot_quality,2,NULL
4747,goal_loc_x,0.741985,NULL
4747,goal_loc_y,0.156563,NULL
4748,field_loc_x,0.60535,NULL
4748,field_loc_y,0.581563,NULL
4748,def_scheme,NULL,man
4748,is_transition,0,NULL
4748,is_off_dodge,0,NULL
4748,is_right_handed,0,NULL
4748,shot_quality,1,NULL
4748,clean_save,0,NULL
4748,goal_loc_x,0.566017,NULL
4748,goal_loc_y,0.401563,NULL
4749,field_loc_x,0.544616,NULL
4749,field_loc_y,0.666562,NULL
4749,def_scheme,NULL,man
4749,is_transition,0,NULL
4749,is_off_dodge,1,NULL
4749,is_right_handed,0,NULL
4749,shot_quality,1,NULL
4749,goal_loc_x,0.199416,NULL
4749,goal_loc_y,0.311563,NULL
4750,field_loc_x,0.620533,NULL
4750,field_loc_y,0.466563,NULL
4750,def_scheme,NULL,man
4750,is_transition,0,NULL
4750,is_off_dodge,0,NULL
4750,is_right_handed,0,NULL
4750,shot_quality,2,NULL
4750,clean_save,0,NULL
4750,goal_loc_x,0.487809,NULL
4750,goal_loc_y,0.326562,NULL
4751,field_loc_x,0.38367,NULL
4751,field_loc_y,0.566562,NULL
4751,is_transition,1,NULL
4751,is_off_dodge,0,NULL
4751,is_right_handed,1,NULL
4751,shot_quality,2,NULL
4751,goal_loc_x,0.204304,NULL
4751,goal_loc_y,0.166562,NULL
4752,field_loc_x,0.562836,NULL
4752,field_loc_y,0.351562,NULL
4752,def_scheme,NULL,man
4752,is_transition,0,NULL
4752,is_off_dodge,0,NULL
4752,is_right_handed,1,NULL
4752,shot_quality,3,NULL
4752,goal_loc_x,0.883738,NULL
4752,goal_loc_y,0.616562,NULL
4753,field_loc_x,0.489955,NULL
4753,field_loc_y,0.281563,NULL
4753,def_scheme,NULL,man
4753,is_transition,0,NULL
4753,is_off_dodge,0,NULL
4753,is_right_handed,1,NULL
4753,shot_quality,3,NULL
4753,goal_loc_x,0.473145,NULL
4753,goal_loc_y,0.141563,NULL
4754,field_loc_x,0.371523,NULL
4754,field_loc_y,0.556562,NULL
4754,def_scheme,NULL,man
4754,is_transition,0,NULL
4754,is_off_dodge,0,NULL
4754,is_right_handed,1,NULL
4754,shot_quality,2,NULL
4754,goal_loc_x,0.756649,NULL
4754,goal_loc_y,0.676562,NULL
4755,field_loc_x,0.547652,NULL
4755,field_loc_y,0.376563,NULL
4755,is_transition,1,NULL
4755,is_off_dodge,1,NULL
4755,is_right_handed,1,NULL
4755,shot_quality,3,NULL
4755,clean_save,1,NULL
4755,goal_loc_x,0.492697,NULL
4755,goal_loc_y,0.691562,NULL
4756,field_loc_x,0.547652,NULL
4756,field_loc_y,0.506562,NULL
4756,def_scheme,NULL,man
4756,is_transition,0,NULL
4756,is_off_dodge,0,NULL
4756,is_right_handed,0,NULL
4756,shot_quality,1,NULL
4756,goal_loc_x,0.751761,NULL
4756,goal_loc_y,0.191563,NULL
4757,field_loc_x,0.39278,NULL
4757,field_loc_y,0.421562,NULL
4757,def_scheme,NULL,man
4757,is_transition,0,NULL
4757,is_off_dodge,1,NULL
4757,is_right_handed,0,NULL
4757,shot_quality,3,NULL
4757,goal_loc_x,0.873962,NULL
4757,goal_loc_y,0.806562,NULL
4758,field_loc_x,0.377596,NULL
4758,field_loc_y,0.406563,NULL
4758,def_scheme,NULL,man
4758,is_transition,0,NULL
4758,is_off_dodge,0,NULL
4758,is_right_handed,1,NULL
4758,shot_quality,3,NULL
4758,clean_save,0,NULL
4758,goal_loc_x,0.380272,NULL
4758,goal_loc_y,0.176563,NULL
4759,field_loc_x,0.532469,NULL
4759,field_loc_y,0.426562,NULL
4759,def_scheme,NULL,man
4759,is_transition,0,NULL
4759,is_off_dodge,1,NULL
4759,is_right_handed,0,NULL
4759,shot_quality,2,NULL
4759,goal_loc_x,0.253184,NULL
4759,goal_loc_y,0.691562,NULL
4760,field_loc_x,0.37456,NULL
4760,field_loc_y,0.406563,NULL
4760,def_scheme,NULL,man
4760,is_transition,0,NULL
4760,is_off_dodge,0,NULL
4760,is_right_handed,1,NULL
4760,shot_quality,3,NULL
4760,goal_loc_x,0.277624,NULL
4760,goal_loc_y,0.631562,NULL
4761,field_loc_x,0.338119,NULL
4761,field_loc_y,0.491562,NULL
4761,def_scheme,NULL,man
4761,is_transition,0,NULL
4761,is_off_dodge,1,NULL
4761,is_right_handed,0,NULL
4761,shot_quality,3,NULL
4761,goal_loc_x,0.795754,NULL
4761,goal_loc_y,0.401563,NULL
4762,is_transition,1,NULL
4762,is_off_dodge,0,NULL
4762,is_right_handed,1,NULL
4762,shot_quality,2,NULL
4762,goal_loc_x,0.859298,NULL
4762,goal_loc_y,0.841563,NULL
4763,field_loc_x,0.593203,NULL
4763,field_loc_y,0.601562,NULL
4763,def_scheme,NULL,man
4763,is_transition,0,NULL
4763,is_off_dodge,1,NULL
4763,is_right_handed,1,NULL
4763,shot_quality,3,NULL
4763,goal_loc_x,0.145648,NULL
4763,goal_loc_y,0.141563,NULL
4764,def_scheme,NULL,zone
4764,is_transition,0,NULL
4764,is_off_dodge,0,NULL
4764,is_right_handed,1,NULL
4764,shot_quality,2,NULL
4764,field_loc_x,0.37456,NULL
4764,field_loc_y,0.471563,NULL
4764,goal_loc_x,0.766425,NULL
4764,goal_loc_y,0.431563,NULL
4765,field_loc_x,0.538542,NULL
4765,field_loc_y,0.421562,NULL
4765,def_scheme,NULL,man
4765,is_transition,0,NULL
4765,is_off_dodge,0,NULL
4765,is_right_handed,1,NULL
4765,shot_quality,2,NULL
4765,clean_save,0,NULL
4765,goal_loc_x,0.717545,NULL
4765,goal_loc_y,0.606562,NULL
4766,field_loc_x,0.353303,NULL
4766,field_loc_y,0.511563,NULL
4766,def_scheme,NULL,zone
4766,is_transition,0,NULL
4766,is_off_dodge,0,NULL
4766,is_right_handed,1,NULL
4766,shot_quality,2,NULL
4766,goal_loc_x,0.267848,NULL
4766,goal_loc_y,0.431563,NULL
4767,field_loc_x,0.553726,NULL
4767,field_loc_y,0.311563,NULL
4767,def_scheme,NULL,zone
4767,is_transition,0,NULL
4767,is_off_dodge,1,NULL
4767,is_right_handed,0,NULL
4767,shot_quality,3,NULL
4767,goal_loc_x,0.859298,NULL
4767,goal_loc_y,0.151562,NULL
4768,field_loc_x,0.559799,NULL
4768,field_loc_y,0.296562,NULL
4768,def_scheme,NULL,zone
4768,is_transition,0,NULL
4768,is_off_dodge,1,NULL
4768,is_right_handed,1,NULL
4768,shot_quality,3,NULL
4768,goal_loc_x,0.741985,NULL
4768,goal_loc_y,0.391562,NULL
4769,field_loc_x,0.556762,NULL
4769,field_loc_y,0.341563,NULL
4769,def_scheme,NULL,zone
4769,is_transition,0,NULL
4769,is_off_dodge,1,NULL
4769,is_right_handed,1,NULL
4769,shot_quality,3,NULL
4769,clean_save,0,NULL
4769,goal_loc_x,0.346056,NULL
4769,goal_loc_y,0.366562,NULL
4770,field_loc_x,0.441367,NULL
4770,field_loc_y,0.296562,NULL
4770,def_scheme,NULL,zone
4770,is_transition,0,NULL
4770,is_off_dodge,0,NULL
4770,is_right_handed,1,NULL
4770,shot_quality,3,NULL
4770,clean_save,0,NULL
4770,goal_loc_x,0.761537,NULL
4770,goal_loc_y,0.131563,NULL
4771,field_loc_x,0.438331,NULL
4771,field_loc_y,0.311563,NULL
4771,def_scheme,NULL,zone
4771,is_transition,0,NULL
4771,is_off_dodge,0,NULL
4771,is_right_handed,1,NULL
4771,shot_quality,3,NULL
4771,goal_loc_x,0.737097,NULL
4771,goal_loc_y,0.156563,NULL
4772,field_loc_x,0.574983,NULL
4772,field_loc_y,0.656563,NULL
4772,def_scheme,NULL,man
4772,is_transition,0,NULL
4772,is_off_dodge,0,NULL
4772,is_right_handed,0,NULL
4772,shot_quality,1,NULL
4772,goal_loc_x,0.478033,NULL
4772,goal_loc_y,0.751562,NULL
4773,field_loc_x,0.599276,NULL
4773,field_loc_y,0.466563,NULL
4773,def_scheme,NULL,man
4773,is_transition,0,NULL
4773,is_off_dodge,0,NULL
4773,is_right_handed,1,NULL
4773,shot_quality,3,NULL
4773,goal_loc_x,0.130984,NULL
4773,goal_loc_y,0.631562,NULL
4774,field_loc_x,0.58713,NULL
4774,field_loc_y,0.706563,NULL
4774,def_scheme,NULL,man
4774,is_transition,0,NULL
4774,is_off_dodge,1,NULL
4774,is_right_handed,0,NULL
4774,shot_quality,2,NULL
4774,goal_loc_x,0.85441,NULL
4774,goal_loc_y,0.126563,NULL
4775,field_loc_x,0.411,NULL
4775,field_loc_y,0.591563,NULL
4775,def_scheme,NULL,man
4775,is_transition,0,NULL
4775,is_off_dodge,0,NULL
4775,is_right_handed,1,NULL
4775,shot_quality,1,NULL
4775,goal_loc_x,0.727321,NULL
4775,goal_loc_y,0.651563,NULL
4776,field_loc_x,0.571946,NULL
4776,field_loc_y,0.696563,NULL
4776,def_scheme,NULL,man
4776,is_transition,0,NULL
4776,is_off_dodge,1,NULL
4776,is_right_handed,0,NULL
4776,shot_quality,1,NULL
4776,goal_loc_x,0.688217,NULL
4776,goal_loc_y,0.696563,NULL
4777,field_loc_x,0.544616,NULL
4777,field_loc_y,0.451562,NULL
4777,def_scheme,NULL,man
4777,is_transition,0,NULL
4777,is_off_dodge,1,NULL
4777,is_right_handed,1,NULL
4777,shot_quality,2,NULL
4777,goal_loc_x,0.531801,NULL
4777,goal_loc_y,0.156563,NULL
4778,field_loc_x,0.447441,NULL
4778,field_loc_y,0.661563,NULL
4778,def_scheme,NULL,man
4778,is_transition,0,NULL
4778,is_off_dodge,0,NULL
4778,is_right_handed,1,NULL
4778,shot_quality,1,NULL
4778,goal_loc_x,0.463369,NULL
4778,goal_loc_y,0.136562,NULL
4779,field_loc_x,0.423147,NULL
4779,field_loc_y,0.551562,NULL
4779,def_scheme,NULL,man
4779,is_transition,0,NULL
4779,is_off_dodge,1,NULL
4779,is_right_handed,1,NULL
4779,shot_quality,2,NULL
4779,clean_save,0,NULL
4779,goal_loc_x,0.302064,NULL
4779,goal_loc_y,0.301562,NULL
4780,field_loc_x,0.389743,NULL
4780,field_loc_y,0.491562,NULL
4780,def_scheme,NULL,man
4780,is_transition,0,NULL
4780,is_off_dodge,0,NULL
4780,is_right_handed,1,NULL
4780,shot_quality,2,NULL
4780,goal_loc_x,0.0967674,NULL
4780,goal_loc_y,0.701563,NULL
4781,field_loc_x,0.620533,NULL
4781,field_loc_y,0.556562,NULL
4781,def_scheme,NULL,man
4781,is_transition,0,NULL
4781,is_off_dodge,1,NULL
4781,is_right_handed,1,NULL
4781,shot_quality,2,NULL
4781,clean_save,1,NULL
4781,goal_loc_x,0.267848,NULL
4781,goal_loc_y,0.641563,NULL
4782,field_loc_x,0.526395,NULL
4782,field_loc_y,0.371563,NULL
4782,def_scheme,NULL,man
4782,is_transition,0,NULL
4782,is_off_dodge,1,NULL
4782,is_right_handed,1,NULL
4782,shot_quality,2,NULL
4782,goal_loc_x,0.253184,NULL
4782,goal_loc_y,0.336563,NULL
4783,field_loc_x,0.407963,NULL
4783,field_loc_y,0.501562,NULL
4783,def_scheme,NULL,man
4783,is_transition,0,NULL
4783,is_off_dodge,1,NULL
4783,is_right_handed,0,NULL
4783,shot_quality,2,NULL
4783,goal_loc_x,0.751761,NULL
4783,goal_loc_y,0.666562,NULL
4784,field_loc_x,0.426184,NULL
4784,field_loc_y,0.391562,NULL
4784,def_scheme,NULL,man
4784,is_transition,0,NULL
4784,is_off_dodge,1,NULL
4784,is_right_handed,0,NULL
4784,shot_quality,2,NULL
4784,goal_loc_x,0.258072,NULL
4784,goal_loc_y,0.401563,NULL
4785,field_loc_x,0.39278,NULL
4785,field_loc_y,0.621562,NULL
4785,def_scheme,NULL,man
4785,is_transition,0,NULL
4785,is_off_dodge,1,NULL
4785,is_right_handed,1,NULL
4785,shot_quality,3,NULL
4785,goal_loc_x,0.85441,NULL
4785,goal_loc_y,0.566562,NULL
4786,field_loc_x,0.562836,NULL
4786,field_loc_y,0.676562,NULL
4786,def_scheme,NULL,man
4786,is_transition,0,NULL
4786,is_off_dodge,0,NULL
4786,is_right_handed,1,NULL
4786,shot_quality,1,NULL
4786,goal_loc_x,0.478033,NULL
4786,goal_loc_y,0.691562,NULL
4787,field_loc_x,0.423147,NULL
4787,field_loc_y,0.536563,NULL
4787,def_scheme,NULL,man
4787,is_transition,0,NULL
4787,is_off_dodge,1,NULL
4787,is_right_handed,0,NULL
4787,shot_quality,2,NULL
4787,goal_loc_x,0.869074,NULL
4787,goal_loc_y,0.336563,NULL
4788,field_loc_x,0.608387,NULL
4788,field_loc_y,0.606562,NULL
4788,def_scheme,NULL,man
4788,is_transition,0,NULL
4788,is_off_dodge,1,NULL
4788,is_right_handed,1,NULL
4788,shot_quality,3,NULL
4788,goal_loc_x,0.145648,NULL
4788,goal_loc_y,0.156563,NULL
4789,field_loc_x,0.58713,NULL
4789,field_loc_y,0.401563,NULL
4789,def_scheme,NULL,man
4789,is_off_dodge,0,NULL
4789,is_transition,0,NULL
4789,is_right_handed,1,NULL
4789,shot_quality,2,NULL
4789,goal_loc_x,0.693105,NULL
4789,goal_loc_y,0.686562,NULL
4790,field_loc_x,0.404927,NULL
4790,field_loc_y,0.631562,NULL
4790,def_scheme,NULL,man
4790,is_transition,0,NULL
4790,is_off_dodge,1,NULL
4790,is_right_handed,1,NULL
4790,shot_quality,2,NULL
4790,goal_loc_x,0.908178,NULL
4790,goal_loc_y,0.196562,NULL
4791,field_loc_x,0.459588,NULL
4791,field_loc_y,0.581563,NULL
4791,def_scheme,NULL,man
4791,is_transition,0,NULL
4791,is_off_dodge,1,NULL
4791,is_right_handed,0,NULL
4791,shot_quality,3,NULL
4791,clean_save,0,NULL
4791,goal_loc_x,0.482921,NULL
4791,goal_loc_y,0.456562,NULL
4792,field_loc_x,0.599276,NULL
4792,field_loc_y,0.621562,NULL
4792,def_scheme,NULL,man
4792,is_transition,0,NULL
4792,is_off_dodge,1,NULL
4792,is_right_handed,0,NULL
4792,shot_quality,2,NULL
4792,goal_loc_x,0.116319,NULL
4792,goal_loc_y,0.566562,NULL
4793,field_loc_x,0.599276,NULL
4793,field_loc_y,0.616562,NULL
4793,def_scheme,NULL,man
4793,is_transition,0,NULL
4793,is_off_dodge,0,NULL
4793,is_right_handed,0,NULL
4793,shot_quality,2,NULL
4793,clean_save,1,NULL
4793,goal_loc_x,0.771313,NULL
4793,goal_loc_y,0.611562,NULL
4794,field_loc_x,0.37456,NULL
4794,field_loc_y,0.566562,NULL
4794,def_scheme,NULL,man
4794,is_transition,0,NULL
4794,is_off_dodge,0,NULL
4794,is_right_handed,1,NULL
4794,shot_quality,1,NULL
4794,clean_save,1,NULL
4794,goal_loc_x,0.722433,NULL
4794,goal_loc_y,0.636563,NULL
4795,field_loc_x,0.520322,NULL
4795,field_loc_y,0.381563,NULL
4795,def_scheme,NULL,man
4795,is_transition,0,NULL
4795,is_off_dodge,0,NULL
4795,is_right_handed,1,NULL
4795,shot_quality,2,NULL
4795,goal_loc_x,0.253184,NULL
4795,goal_loc_y,0.151562,NULL
4796,field_loc_x,0.620533,NULL
4796,field_loc_y,0.596563,NULL
4796,def_scheme,NULL,man
4796,is_transition,0,NULL
4796,is_off_dodge,1,NULL
4796,is_right_handed,0,NULL
4796,shot_quality,2,NULL
4796,goal_loc_x,0.566017,NULL
4796,goal_loc_y,0.0465625,NULL
4797,field_loc_x,0.59624,NULL
4797,field_loc_y,0.656563,NULL
4797,def_scheme,NULL,man
4797,is_transition,0,NULL
4797,is_off_dodge,1,NULL
4797,is_right_handed,0,NULL
4797,shot_quality,1,NULL
4797,goal_loc_x,0.522025,NULL
4797,goal_loc_y,0.156563,NULL
4798,field_loc_x,0.574983,NULL
4798,field_loc_y,0.556562,NULL
4798,def_scheme,NULL,man
4798,is_transition,0,NULL
4798,is_off_dodge,1,NULL
4798,is_right_handed,1,NULL
4798,shot_quality,2,NULL
4798,goal_loc_x,0.31184,NULL
4798,goal_loc_y,0.626562,NULL
4799,field_loc_x,0.471734,NULL
4799,field_loc_y,0.426562,NULL
4799,def_scheme,NULL,man
4799,is_off_dodge,0,NULL
4799,is_transition,0,NULL
4799,is_right_handed,1,NULL
4799,shot_quality,2,NULL
4799,clean_save,0,NULL
4799,goal_loc_x,0.316728,NULL
4799,goal_loc_y,0.581563,NULL
4800,field_loc_x,0.417074,NULL
4800,field_loc_y,0.696563,NULL
4800,def_scheme,NULL,man
4800,is_transition,0,NULL
4800,is_off_dodge,1,NULL
4800,is_right_handed,1,NULL
4800,shot_quality,1,NULL
4800,clean_save,0,NULL
4800,goal_loc_x,0.580681,NULL
4800,goal_loc_y,0.671562,NULL
4801,field_loc_x,0.414037,NULL
4801,field_loc_y,0.451562,NULL
4801,def_scheme,NULL,man
4801,is_transition,0,NULL
4801,is_off_dodge,0,NULL
4801,is_right_handed,1,NULL
4801,shot_quality,2,NULL
4801,clean_save,1,NULL
4801,goal_loc_x,0.26296,NULL
4801,goal_loc_y,0.506562,NULL
4802,field_loc_x,0.608387,NULL
4802,field_loc_y,0.651563,NULL
4802,def_scheme,NULL,man
4802,is_transition,0,NULL
4802,is_off_dodge,1,NULL
4802,is_right_handed,0,NULL
4802,shot_quality,2,NULL
4802,goal_loc_x,0.209192,NULL
4802,goal_loc_y,0.841563,NULL
4803,field_loc_x,0.407963,NULL
4803,field_loc_y,0.651563,NULL
4803,def_scheme,NULL,man
4803,is_transition,0,NULL
4803,is_off_dodge,1,NULL
4803,is_right_handed,1,NULL
4803,shot_quality,2,NULL
4803,goal_loc_x,0.90329,NULL
4803,goal_loc_y,0.741562,NULL
4804,field_loc_x,0.590166,NULL
4804,field_loc_y,0.541562,NULL
4804,def_scheme,NULL,man
4804,is_transition,0,NULL
4804,is_off_dodge,1,NULL
4804,is_right_handed,0,NULL
4804,shot_quality,2,NULL
4804,goal_loc_x,0.106543,NULL
4804,goal_loc_y,0.841563,NULL
4805,field_loc_x,0.450477,NULL
4805,field_loc_y,0.581563,NULL
4805,def_scheme,NULL,man
4805,is_transition,0,NULL
4805,is_off_dodge,1,NULL
4805,shot_quality,1,NULL
4805,is_right_handed,1,NULL
4805,goal_loc_x,0.834858,NULL
4805,goal_loc_y,0.746562,NULL
4806,field_loc_x,0.535505,NULL
4806,field_loc_y,0.631562,NULL
4806,def_scheme,NULL,man
4806,is_transition,0,NULL
4806,is_off_dodge,0,NULL
4806,is_right_handed,0,NULL
4806,shot_quality,1,NULL
4806,goal_loc_x,0.512249,NULL
4806,goal_loc_y,0.166562,NULL
4807,field_loc_x,0.581056,NULL
4807,field_loc_y,0.681562,NULL
4807,is_transition,0,NULL
4807,def_scheme,NULL,man
4807,is_off_dodge,1,NULL
4807,is_right_handed,0,NULL
4807,shot_quality,1,NULL
4807,goal_loc_x,0.297176,NULL
4807,goal_loc_y,0.171562,NULL
4808,field_loc_x,0.450477,NULL
4808,field_loc_y,0.421562,NULL
4808,def_scheme,NULL,man
4808,is_transition,0,NULL
4808,is_off_dodge,0,NULL
4808,is_right_handed,1,NULL
4808,shot_quality,2,NULL
4808,goal_loc_x,0.326504,NULL
4808,goal_loc_y,0.856562,NULL
4809,field_loc_x,0.593203,NULL
4809,field_loc_y,0.601562,NULL
4809,def_scheme,NULL,man
4809,is_transition,0,NULL
4809,is_off_dodge,0,NULL
4809,is_right_handed,1,NULL
4809,shot_quality,2,NULL
4809,goal_loc_x,0.512249,NULL
4809,goal_loc_y,0.171562,NULL
4810,field_loc_x,0.514248,NULL
4810,field_loc_y,0.286563,NULL
4810,def_scheme,NULL,man
4810,is_transition,0,NULL
4810,is_off_dodge,0,NULL
4810,is_right_handed,0,NULL
4810,shot_quality,3,NULL
4810,goal_loc_x,0.898402,NULL
4810,goal_loc_y,0.671562,NULL
4811,field_loc_x,0.426184,NULL
4811,field_loc_y,0.711563,NULL
4811,def_scheme,NULL,zone
4811,is_transition,0,NULL
4811,is_off_dodge,0,NULL
4811,is_right_handed,1,NULL
4811,shot_quality,1,NULL
4811,goal_loc_x,0.751761,NULL
4811,goal_loc_y,0.141563,NULL
4812,field_loc_x,0.426184,NULL
4812,field_loc_y,0.301562,NULL
4812,def_scheme,NULL,zone
4812,is_transition,0,NULL
4812,is_off_dodge,1,NULL
4812,is_right_handed,0,NULL
4812,shot_quality,3,NULL
4812,goal_loc_x,0.551353,NULL
4812,goal_loc_y,0.146563,NULL
4813,field_loc_x,0.329009,NULL
4813,field_loc_y,0.591563,NULL
4813,def_scheme,NULL,zone
4813,is_transition,0,NULL
4813,is_off_dodge,0,NULL
4813,is_right_handed,1,NULL
4813,shot_quality,3,NULL
4813,clean_save,0,NULL
4813,goal_loc_x,0.507361,NULL
4813,goal_loc_y,0.686562,NULL
4814,field_loc_x,0.581056,NULL
4814,field_loc_y,0.666562,NULL
4814,def_scheme,NULL,zone
4814,is_transition,0,NULL
4814,is_off_dodge,1,NULL
4814,is_right_handed,0,NULL
4814,shot_quality,1,NULL
4814,clean_save,1,NULL
4814,goal_loc_x,0.33628,NULL
4814,goal_loc_y,0.636563,NULL
4815,field_loc_x,0.353303,NULL
4815,field_loc_y,0.521563,NULL
4815,def_scheme,NULL,zone
4815,is_transition,0,NULL
4815,is_off_dodge,0,NULL
4815,is_right_handed,1,NULL
4815,shot_quality,2,NULL
4815,goal_loc_x,0.751761,NULL
4815,goal_loc_y,0.396562,NULL
4816,field_loc_x,0.368486,NULL
4816,field_loc_y,0.561562,NULL
4816,def_scheme,NULL,zone
4816,is_transition,0,NULL
4816,is_off_dodge,1,NULL
4816,is_right_handed,1,NULL
4816,shot_quality,2,NULL
4816,goal_loc_x,0.922842,NULL
4816,goal_loc_y,0.751562,NULL
4817,field_loc_x,0.438331,NULL
4817,field_loc_y,0.721563,NULL
4817,def_scheme,NULL,zone
4817,is_transition,0,NULL
4817,is_off_dodge,1,NULL
4817,is_right_handed,1,NULL
4817,shot_quality,2,NULL
4817,goal_loc_x,0.937506,NULL
4817,goal_loc_y,0.356562,NULL
4818,field_loc_x,0.398853,NULL
4818,field_loc_y,0.336563,NULL
4818,def_scheme,NULL,zone
4818,is_transition,0,NULL
4818,is_off_dodge,0,NULL
4818,is_right_handed,1,NULL
4818,shot_quality,3,NULL
4818,clean_save,0,NULL
4818,goal_loc_x,0.732209,NULL
4818,goal_loc_y,0.221563,NULL
4819,field_loc_x,0.526395,NULL
4819,field_loc_y,0.321562,NULL
4819,def_scheme,NULL,zone
4819,is_transition,0,NULL
4819,is_off_dodge,1,NULL
4819,is_right_handed,0,NULL
4819,shot_quality,3,NULL
4819,clean_save,0,NULL
4819,goal_loc_x,0.585569,NULL
4819,goal_loc_y,0.156563,NULL
4820,field_loc_x,0.42011,NULL
4820,field_loc_y,0.741562,NULL
4820,def_scheme,NULL,zone
4820,is_transition,0,NULL
4820,is_off_dodge,1,NULL
4820,is_right_handed,1,NULL
4820,shot_quality,3,NULL
4820,goal_loc_x,0.961946,NULL
4820,goal_loc_y,0.656563,NULL
4821,field_loc_x,0.60535,NULL
4821,field_loc_y,0.586563,NULL
4821,def_scheme,NULL,man
4821,is_transition,0,NULL
4821,is_off_dodge,1,NULL
4821,is_right_handed,1,NULL
4821,shot_quality,2,NULL
4821,goal_loc_x,0.756649,NULL
4821,goal_loc_y,0.161563,NULL
4822,field_loc_x,0.61446,NULL
4822,field_loc_y,0.631562,NULL
4822,def_scheme,NULL,man
4822,is_transition,0,NULL
4822,is_off_dodge,0,NULL
4822,is_right_handed,0,NULL
4822,shot_quality,1,NULL
4822,goal_loc_x,0.756649,NULL
4822,goal_loc_y,0.681562,NULL
4823,field_loc_x,0.344192,NULL
4823,field_loc_y,0.491562,NULL
4823,def_scheme,NULL,man
4823,is_transition,0,NULL
4823,is_off_dodge,1,NULL
4823,is_right_handed,0,NULL
4823,shot_quality,3,NULL
4823,goal_loc_x,0.487809,NULL
4823,goal_loc_y,0.866562,NULL
4824,field_loc_x,0.581056,NULL
4824,field_loc_y,0.306563,NULL
4824,is_transition,1,NULL
4824,is_off_dodge,1,NULL
4824,is_right_handed,1,NULL
4824,shot_quality,3,NULL
4824,goal_loc_x,0.0674393,NULL
4824,goal_loc_y,0.111562,NULL
4825,field_loc_x,0.526395,NULL
4825,field_loc_y,0.666562,NULL
4825,def_scheme,NULL,man
4825,is_transition,1,NULL
4825,is_off_dodge,0,NULL
4825,is_right_handed,0,NULL
4825,shot_quality,1,NULL
4825,goal_loc_x,0.272736,NULL
4825,goal_loc_y,0.581563,NULL
4826,field_loc_x,0.432257,NULL
4826,field_loc_y,0.386562,NULL
4826,is_transition,1,NULL
4826,is_off_dodge,0,NULL
4826,is_right_handed,1,NULL
4826,shot_quality,3,NULL
4826,goal_loc_x,0.913066,NULL
4826,goal_loc_y,0.671562,NULL
4827,field_loc_x,0.474771,NULL
4827,field_loc_y,0.306563,NULL
4827,def_scheme,NULL,man
4827,is_transition,1,NULL
4827,is_off_dodge,1,NULL
4827,is_right_handed,0,NULL
4827,shot_quality,3,NULL
4827,goal_loc_x,0.741985,NULL
4827,goal_loc_y,0.151562,NULL
4828,field_loc_x,0.553726,NULL
4828,field_loc_y,0.421562,NULL
4828,is_transition,1,NULL
4828,is_off_dodge,1,NULL
4828,is_right_handed,1,NULL
4828,shot_quality,2,NULL
4828,goal_loc_x,0.272736,NULL
4828,goal_loc_y,0.706563,NULL
4829,field_loc_x,0.532469,NULL
4829,field_loc_y,0.606562,NULL
4829,def_scheme,NULL,man
4829,is_transition,0,NULL
4829,is_off_dodge,0,NULL
4829,is_right_handed,1,NULL
4829,shot_quality,1,NULL
4829,goal_loc_x,0.693105,NULL
4829,goal_loc_y,0.666562,NULL
4830,field_loc_x,0.584093,NULL
4830,field_loc_y,0.361562,NULL
4830,is_transition,1,NULL
4830,is_off_dodge,0,NULL
4830,is_right_handed,0,NULL
4830,shot_quality,3,NULL
4830,goal_loc_x,0.321616,NULL
4830,goal_loc_y,0.641563,NULL
4831,field_loc_x,0.584093,NULL
4831,field_loc_y,0.446562,NULL
4831,is_transition,1,NULL
4831,is_off_dodge,1,NULL
4831,is_right_handed,1,NULL
4831,shot_quality,2,NULL
4831,goal_loc_x,0.531801,NULL
4831,goal_loc_y,0.761563,NULL
4832,field_loc_x,0.332046,NULL
4832,field_loc_y,0.496563,NULL
4832,def_scheme,NULL,man
4832,is_transition,1,NULL
4832,is_off_dodge,1,NULL
4832,is_right_handed,0,NULL
4832,shot_quality,3,NULL
4832,goal_loc_x,0.908178,NULL
4832,goal_loc_y,0.136562,NULL
4833,field_loc_x,0.474771,NULL
4833,field_loc_y,0.536563,NULL
4833,is_transition,1,NULL
4833,is_off_dodge,0,NULL
4833,is_right_handed,0,NULL
4833,shot_quality,2,NULL
4833,goal_loc_x,0.277624,NULL
4833,goal_loc_y,0.441563,NULL
4834,field_loc_x,0.617497,NULL
4834,field_loc_y,0.581563,NULL
4834,is_transition,1,NULL
4834,is_off_dodge,0,NULL
4834,is_right_handed,0,NULL
4834,shot_quality,2,NULL
4834,clean_save,0,NULL
4834,goal_loc_x,0.746873,NULL
4834,goal_loc_y,0.416562,NULL
4835,field_loc_x,0.359376,NULL
4835,field_loc_y,0.561562,NULL
4835,def_scheme,NULL,man
4835,is_transition,1,NULL
4835,is_off_dodge,0,NULL
4835,is_right_handed,1,NULL
4835,shot_quality,2,NULL
4835,goal_loc_x,0.917954,NULL
4835,goal_loc_y,0.791562,NULL
4836,field_loc_x,0.571946,NULL
4836,field_loc_y,0.691562,NULL
4836,def_scheme,NULL,man
4836,is_transition,0,NULL
4836,is_off_dodge,1,NULL
4836,is_right_handed,0,NULL
4836,shot_quality,1,NULL
4836,goal_loc_x,0.2874,NULL
4836,goal_loc_y,0.156563,NULL
4837,field_loc_x,0.562836,NULL
4837,field_loc_y,0.501562,NULL
4837,is_transition,1,NULL
4837,is_off_dodge,1,NULL
4837,is_right_handed,1,NULL
4837,shot_quality,2,NULL
4837,goal_loc_x,0.272736,NULL
4837,goal_loc_y,0.676562,NULL
4838,field_loc_x,0.502102,NULL
4838,field_loc_y,0.616562,NULL
4838,is_transition,1,NULL
4838,is_off_dodge,0,NULL
4838,is_right_handed,1,NULL
4838,shot_quality,2,NULL
4838,clean_save,0,NULL
4838,goal_loc_x,0.556241,NULL
4838,goal_loc_y,0.151562,NULL
4839,field_loc_x,0.462624,NULL
4839,field_loc_y,0.346563,NULL
4839,is_transition,1,NULL
4839,is_off_dodge,0,NULL
4839,is_right_handed,0,NULL
4839,shot_quality,3,NULL
4839,goal_loc_x,0.864186,NULL
4839,goal_loc_y,0.761563,NULL
4840,field_loc_x,0.550689,NULL
4840,field_loc_y,0.561562,NULL
4840,is_transition,1,NULL
4840,is_off_dodge,1,NULL
4840,is_right_handed,0,NULL
4840,shot_quality,1,NULL
4840,goal_loc_x,0.160312,NULL
4840,goal_loc_y,0.791562,NULL
4841,field_loc_x,0.486918,NULL
4841,field_loc_y,0.646563,NULL
4841,def_scheme,NULL,man
4841,is_transition,0,NULL
4841,is_off_dodge,0,NULL
4841,is_right_handed,0,NULL
4841,shot_quality,1,NULL
4841,clean_save,0,NULL
4841,goal_loc_x,0.727321,NULL
4841,goal_loc_y,0.676562,NULL
4842,field_loc_x,0.480845,NULL
4842,field_loc_y,0.646563,NULL
4842,is_transition,1,NULL
4842,is_off_dodge,0,NULL
4842,is_right_handed,0,NULL
4842,shot_quality,1,NULL
4842,goal_loc_x,0.248296,NULL
4842,goal_loc_y,0.696563,NULL
4843,field_loc_x,0.404927,NULL
4843,field_loc_y,0.576563,NULL
4843,is_transition,1,NULL
4843,is_off_dodge,0,NULL
4843,is_right_handed,1,NULL
4843,shot_quality,2,NULL
4843,goal_loc_x,0.859298,NULL
4843,goal_loc_y,0.861562,NULL
4844,field_loc_x,0.404927,NULL
4844,field_loc_y,0.601562,NULL
4844,def_scheme,NULL,man
4844,is_transition,0,NULL
4844,is_off_dodge,0,NULL
4844,is_right_handed,1,NULL
4844,shot_quality,2,NULL
4844,goal_loc_x,0.815306,NULL
4844,goal_loc_y,0.826563,NULL
4845,field_loc_x,0.39278,NULL
4845,field_loc_y,0.441563,NULL
4845,is_transition,1,NULL
4845,is_off_dodge,0,NULL
4845,is_right_handed,1,NULL
4845,shot_quality,2,NULL
4845,goal_loc_x,0.761537,NULL
4845,goal_loc_y,0.156563,NULL
4846,field_loc_x,0.63268,NULL
4846,field_loc_y,0.591563,NULL
4846,is_transition,0,NULL
4846,is_off_dodge,0,NULL
4846,is_right_handed,0,NULL
4846,shot_quality,2,NULL
4846,goal_loc_x,0.150536,NULL
4846,goal_loc_y,0.841563,NULL
4847,field_loc_x,0.38367,NULL
4847,field_loc_y,0.416562,NULL
4847,def_scheme,NULL,man
4847,is_transition,0,NULL
4847,is_off_dodge,0,NULL
4847,is_right_handed,0,NULL
4847,shot_quality,3,NULL
4847,clean_save,0,NULL
4847,goal_loc_x,0.507361,NULL
4847,goal_loc_y,0.171562,NULL
4848,field_loc_x,0.377596,NULL
4848,field_loc_y,0.581563,NULL
4848,def_scheme,NULL,man
4848,is_transition,0,NULL
4848,is_off_dodge,1,NULL
4848,is_right_handed,0,NULL
4848,shot_quality,3,NULL
4848,goal_loc_x,0.917954,NULL
4848,goal_loc_y,0.131563,NULL
4849,field_loc_x,0.58713,NULL
4849,field_loc_y,0.596563,NULL
4849,def_scheme,NULL,man
4849,is_transition,0,NULL
4849,is_off_dodge,0,NULL
4849,is_right_handed,0,NULL
4849,shot_quality,2,NULL
4849,clean_save,0,NULL
4849,goal_loc_x,0.302064,NULL
4849,goal_loc_y,0.581563,NULL
4850,field_loc_x,0.471734,NULL
4850,field_loc_y,0.666562,NULL
4850,def_scheme,NULL,man
4850,is_transition,0,NULL
4850,is_off_dodge,0,NULL
4850,is_right_handed,0,NULL
4850,shot_quality,1,NULL
4850,goal_loc_x,0.331392,NULL
4850,goal_loc_y,0.151562,NULL
4851,field_loc_x,0.286495,NULL
4851,field_loc_y,0.461563,NULL
4851,def_scheme,NULL,man
4851,is_transition,0,NULL
4851,is_off_dodge,1,NULL
4851,is_right_handed,0,NULL
4851,shot_quality,3,NULL
4851,clean_save,0,NULL
4851,goal_loc_x,0.453593,NULL
4851,goal_loc_y,0.151562,NULL
4852,field_loc_x,0.441367,NULL
4852,field_loc_y,0.661563,NULL
4852,def_scheme,NULL,man
4852,is_transition,0,NULL
4852,is_off_dodge,0,NULL
4852,is_right_handed,0,NULL
4852,shot_quality,1,NULL
4852,goal_loc_x,0.766425,NULL
4852,goal_loc_y,0.406563,NULL
4853,field_loc_x,0.39278,NULL
4853,field_loc_y,0.611562,NULL
4853,def_scheme,NULL,man
4853,is_transition,0,NULL
4853,is_off_dodge,0,NULL
4853,is_right_handed,1,NULL
4853,shot_quality,1,NULL
4853,goal_loc_x,0.766425,NULL
4853,goal_loc_y,0.706563,NULL
4854,field_loc_x,0.398853,NULL
4854,field_loc_y,0.386562,NULL
4854,def_scheme,NULL,man
4854,is_transition,0,NULL
4854,is_off_dodge,1,NULL
4854,is_right_handed,0,NULL
4854,shot_quality,3,NULL
4854,goal_loc_x,0.87885,NULL
4854,goal_loc_y,0.801562,NULL
4855,field_loc_x,0.42011,NULL
4855,field_loc_y,0.681562,NULL
4855,is_transition,1,NULL
4855,is_off_dodge,0,NULL
4855,is_right_handed,1,NULL
4855,shot_quality,1,NULL
4855,goal_loc_x,0.722433,NULL
4855,goal_loc_y,0.831563,NULL
4856,field_loc_x,0.347229,NULL
4856,field_loc_y,0.486562,NULL
4856,def_scheme,NULL,man
4856,is_transition,1,NULL
4856,is_off_dodge,1,NULL
4856,is_right_handed,0,NULL
4856,shot_quality,3,NULL
4856,clean_save,0,NULL
4856,goal_loc_x,0.697993,NULL
4856,goal_loc_y,0.481562,NULL
4857,field_loc_x,0.565873,NULL
4857,field_loc_y,0.391562,NULL
4857,def_scheme,NULL,man
4857,is_transition,0,NULL
4857,is_off_dodge,1,NULL
4857,is_right_handed,1,NULL
4857,shot_quality,2,NULL
4857,goal_loc_x,0.741985,NULL
4857,goal_loc_y,0.661563,NULL
4858,field_loc_x,0.459588,NULL
4858,field_loc_y,0.671562,NULL
4858,def_scheme,NULL,zone
4858,is_transition,0,NULL
4858,is_off_dodge,0,NULL
4858,is_right_handed,0,NULL
4858,shot_quality,1,NULL
4858,goal_loc_x,0.258072,NULL
4858,goal_loc_y,0.146563,NULL
4859,field_loc_x,0.438331,NULL
4859,field_loc_y,0.681562,NULL
4859,def_scheme,NULL,man
4859,is_transition,1,NULL
4859,is_off_dodge,0,NULL
4859,is_right_handed,1,NULL
4859,shot_quality,1,NULL
4859,goal_loc_x,0.869074,NULL
4859,goal_loc_y,0.751562,NULL
4860,field_loc_x,0.435294,NULL
4860,field_loc_y,0.351562,NULL
4860,def_scheme,NULL,man
4860,is_transition,0,NULL
4860,is_off_dodge,0,NULL
4860,is_right_handed,1,NULL
4860,shot_quality,2,NULL
4860,goal_loc_x,0.893514,NULL
4860,goal_loc_y,0.776563,NULL
4861,field_loc_x,0.414037,NULL
4861,field_loc_y,0.511563,NULL
4861,is_transition,1,NULL
4861,is_off_dodge,0,NULL
4861,is_right_handed,1,NULL
4861,shot_quality,2,NULL
4861,clean_save,0,NULL
4861,goal_loc_x,0.473145,NULL
4861,goal_loc_y,0.276563,NULL
4862,field_loc_x,0.356339,NULL
4862,field_loc_y,0.621562,NULL
4862,is_transition,1,NULL
4862,is_off_dodge,0,NULL
4862,is_right_handed,1,NULL
4862,shot_quality,2,NULL
4862,clean_save,0,NULL
4862,goal_loc_x,0.536689,NULL
4862,goal_loc_y,0.151562,NULL
4863,field_loc_x,0.58713,NULL
4863,field_loc_y,0.601562,NULL
4863,is_transition,1,NULL
4863,is_off_dodge,0,NULL
4863,is_right_handed,0,NULL
4863,shot_quality,1,NULL
4863,goal_loc_x,0.512249,NULL
4863,goal_loc_y,0.156563,NULL
4864,field_loc_x,0.535505,NULL
4864,field_loc_y,0.576563,NULL
4864,def_scheme,NULL,man
4864,is_transition,0,NULL
4864,is_off_dodge,0,NULL
4864,is_right_handed,1,NULL
4864,shot_quality,2,NULL
4864,goal_loc_x,0.199416,NULL
4864,goal_loc_y,0.141563,NULL
4865,field_loc_x,0.492991,NULL
4865,field_loc_y,0.596563,NULL
4865,is_transition,1,NULL
4865,is_off_dodge,1,NULL
4865,is_right_handed,1,NULL
4865,shot_quality,1,NULL
4865,goal_loc_x,0.2874,NULL
4865,goal_loc_y,0.141563,NULL
4866,field_loc_x,0.611423,NULL
4866,field_loc_y,0.581563,NULL
4866,def_scheme,NULL,man
4866,is_transition,0,NULL
4866,is_off_dodge,0,NULL
4866,is_right_handed,0,NULL
4866,shot_quality,2,NULL
4866,goal_loc_x,0.800642,NULL
4866,goal_loc_y,0.156563,NULL
4867,field_loc_x,0.590166,NULL
4867,field_loc_y,0.296562,NULL
4867,def_scheme,NULL,man
4867,is_transition,0,NULL
4867,is_off_dodge,0,NULL
4867,is_right_handed,1,NULL
4867,shot_quality,3,NULL
4867,clean_save,1,NULL
4867,goal_loc_x,0.453593,NULL
4867,goal_loc_y,0.391562,NULL
4868,field_loc_x,0.502102,NULL
4868,field_loc_y,0.641563,NULL
4868,def_scheme,NULL,man
4868,is_transition,1,NULL
4868,is_off_dodge,0,NULL
4868,is_right_handed,0,NULL
4868,shot_quality,1,NULL
4868,goal_loc_x,0.272736,NULL
4868,goal_loc_y,0.176563,NULL
4869,field_loc_x,0.571946,NULL
4869,field_loc_y,0.431563,NULL
4869,def_scheme,NULL,man
4869,is_transition,0,NULL
4869,is_off_dodge,1,NULL
4869,is_right_handed,0,NULL
4869,shot_quality,2,NULL
4869,clean_save,0,NULL
4869,goal_loc_x,0.566017,NULL
4869,goal_loc_y,0.161563,NULL
4870,field_loc_x,0.608387,NULL
4870,field_loc_y,0.671562,NULL
4870,is_transition,1,NULL
4870,is_off_dodge,1,NULL
4870,is_right_handed,0,NULL
4870,shot_quality,2,NULL
4870,goal_loc_x,0.106543,NULL
4870,goal_loc_y,0.876562,NULL
4871,field_loc_x,0.459588,NULL
4871,field_loc_y,0.661563,NULL
4871,def_scheme,NULL,man
4871,is_transition,0,NULL
4871,is_off_dodge,0,NULL
4871,is_right_handed,0,NULL
4871,shot_quality,1,NULL
4871,goal_loc_x,0.282512,NULL
4871,goal_loc_y,0.681562,NULL
4872,field_loc_x,0.447441,NULL
4872,field_loc_y,0.671562,NULL
4872,is_transition,1,NULL
4872,is_off_dodge,0,NULL
4872,is_right_handed,1,NULL
4872,shot_quality,1,NULL
4872,goal_loc_x,0.756649,NULL
4872,goal_loc_y,0.411563,NULL
4873,field_loc_x,0.553726,NULL
4873,field_loc_y,0.346563,NULL
4873,is_transition,1,NULL
4873,is_off_dodge,1,NULL
4873,is_right_handed,1,NULL
4873,shot_quality,3,NULL
4873,goal_loc_x,0.727321,NULL
4873,goal_loc_y,0.626562,NULL
4874,field_loc_x,0.638754,NULL
4874,field_loc_y,0.576563,NULL
4874,def_scheme,NULL,man
4874,is_transition,0,NULL
4874,is_off_dodge,1,NULL
4874,is_right_handed,0,NULL
4874,shot_quality,2,NULL
4874,goal_loc_x,0.815306,NULL
4874,goal_loc_y,0.886563,NULL
4875,field_loc_x,0.520322,NULL
4875,field_loc_y,0.286563,NULL
4875,is_transition,0,NULL
4875,def_scheme,NULL,man
4875,is_off_dodge,0,NULL
4875,is_right_handed,0,NULL
4875,shot_quality,3,NULL
4875,goal_loc_x,0.873962,NULL
4875,goal_loc_y,0.136562,NULL
4876,field_loc_x,0.505138,NULL
4876,field_loc_y,0.291562,NULL
4876,def_scheme,NULL,man
4876,is_transition,0,NULL
4876,is_off_dodge,1,NULL
4876,is_right_handed,1,NULL
4876,shot_quality,3,NULL
4876,goal_loc_x,0.522025,NULL
4876,goal_loc_y,0.156563,NULL
4877,field_loc_x,0.398853,NULL
4877,field_loc_y,0.306563,NULL
4877,def_scheme,NULL,man
4877,is_transition,0,NULL
4877,is_off_dodge,0,NULL
4877,is_right_handed,1,NULL
4877,shot_quality,3,NULL
4877,goal_loc_x,0.87885,NULL
4877,goal_loc_y,0.121563,NULL
4878,field_loc_x,0.432257,NULL
4878,field_loc_y,0.676562,NULL
4878,def_scheme,NULL,man
4878,is_transition,1,NULL
4878,is_off_dodge,0,NULL
4878,is_right_handed,1,NULL
4878,shot_quality,1,NULL
4878,goal_loc_x,0.517137,NULL
4878,goal_loc_y,0.691562,NULL
4879,field_loc_x,0.468698,NULL
4879,field_loc_y,0.436563,NULL
4879,def_scheme,NULL,man
4879,is_transition,0,NULL
4879,is_off_dodge,1,NULL
4879,is_right_handed,0,NULL
4879,shot_quality,2,NULL
4879,goal_loc_x,0.771313,NULL
4879,goal_loc_y,0.436563,NULL
4880,field_loc_x,0.574983,NULL
4880,field_loc_y,0.496563,NULL
4880,def_scheme,NULL,man
4880,is_transition,0,NULL
4880,is_off_dodge,1,NULL
4880,is_right_handed,0,NULL
4880,shot_quality,2,NULL
4880,goal_loc_x,0.839746,NULL
4880,goal_loc_y,0.346563,NULL
4881,field_loc_x,0.417074,NULL
4881,field_loc_y,0.431563,NULL
4881,def_scheme,NULL,zone
4881,is_transition,0,NULL
4881,is_off_dodge,0,NULL
4881,is_right_handed,1,NULL
4881,shot_quality,2,NULL
4881,goal_loc_x,0.87885,NULL
4881,goal_loc_y,0.596563,NULL
4882,field_loc_x,0.535505,NULL
4882,field_loc_y,0.301562,NULL
4882,def_scheme,NULL,man
4882,is_transition,0,NULL
4882,is_off_dodge,0,NULL
4882,is_right_handed,1,NULL
4882,shot_quality,3,NULL
4882,goal_loc_x,0.135872,NULL
4882,goal_loc_y,0.151562,NULL
4883,field_loc_x,0.581056,NULL
4883,field_loc_y,0.511563,NULL
4883,def_scheme,NULL,man
4883,is_transition,0,NULL
4883,is_off_dodge,1,NULL
4883,shot_quality,2,NULL
4883,is_right_handed,1,NULL
4883,clean_save,0,NULL
4883,goal_loc_x,0.482921,NULL
4883,goal_loc_y,0.171562,NULL
4884,field_loc_x,0.426184,NULL
4884,field_loc_y,0.691562,NULL
4884,is_transition,1,NULL
4884,is_off_dodge,0,NULL
4884,is_right_handed,1,NULL
4884,shot_quality,1,NULL
4884,goal_loc_x,0.717545,NULL
4884,goal_loc_y,0.211562,NULL
4885,field_loc_x,0.629644,NULL
4885,field_loc_y,0.651563,NULL
4885,def_scheme,NULL,man
4885,is_transition,0,NULL
4885,is_off_dodge,0,NULL
4885,is_right_handed,0,NULL
4885,shot_quality,2,NULL
4885,clean_save,0,NULL
4885,goal_loc_x,0.492697,NULL
4885,goal_loc_y,0.236563,NULL
4886,field_loc_x,0.395817,NULL
4886,field_loc_y,0.581563,NULL
4886,def_scheme,NULL,man
4886,is_transition,0,NULL
4886,is_off_dodge,1,NULL
4886,is_right_handed,1,NULL
4886,shot_quality,1,NULL
4886,goal_loc_x,0.746873,NULL
4886,goal_loc_y,0.146563,NULL
4887,field_loc_x,0.423147,NULL
4887,field_loc_y,0.701563,NULL
4887,def_scheme,NULL,man
4887,is_transition,0,NULL
4887,is_off_dodge,1,NULL
4887,is_right_handed,1,NULL
4887,shot_quality,3,NULL
4887,goal_loc_x,0.155424,NULL
4887,goal_loc_y,0.166562,NULL
4888,field_loc_x,0.386706,NULL
4888,field_loc_y,0.576563,NULL
4888,def_scheme,NULL,man
4888,is_transition,0,NULL
4888,is_off_dodge,0,NULL
4888,is_right_handed,1,NULL
4888,shot_quality,1,NULL
4888,clean_save,1,NULL
4888,goal_loc_x,0.316728,NULL
4888,goal_loc_y,0.656563,NULL
4889,field_loc_x,0.459588,NULL
4889,field_loc_y,0.596563,NULL
4889,def_scheme,NULL,man
4889,is_transition,0,NULL
4889,is_off_dodge,0,NULL
4889,is_right_handed,0,NULL
4889,shot_quality,1,NULL
4889,clean_save,0,NULL
4889,goal_loc_x,0.751761,NULL
4889,goal_loc_y,0.146563,NULL
4890,field_loc_x,0.404927,NULL
4890,field_loc_y,0.436563,NULL
4890,def_scheme,NULL,man
4890,is_transition,0,NULL
4890,is_off_dodge,0,NULL
4890,is_right_handed,1,NULL
4890,shot_quality,2,NULL
4890,goal_loc_x,0.766425,NULL
4890,goal_loc_y,0.341563,NULL
4891,field_loc_x,0.562836,NULL
4891,field_loc_y,0.591563,NULL
4891,def_scheme,NULL,man
4891,is_transition,0,NULL
4891,is_off_dodge,1,NULL
4891,is_right_handed,0,NULL
4891,shot_quality,1,NULL
4891,goal_loc_x,0.253184,NULL
4891,goal_loc_y,0.166562,NULL
4892,field_loc_x,0.356339,NULL
4892,field_loc_y,0.476562,NULL
4892,def_scheme,NULL,man
4892,is_transition,0,NULL
4892,is_off_dodge,1,NULL
4892,is_right_handed,1,NULL
4892,shot_quality,2,NULL
4892,goal_loc_x,0.908178,NULL
4892,goal_loc_y,0.681562,NULL
4893,field_loc_x,0.578019,NULL
4893,field_loc_y,0.431563,NULL
4893,def_scheme,NULL,man
4893,is_transition,1,NULL
4893,is_off_dodge,1,NULL
4893,is_right_handed,1,NULL
4893,shot_quality,2,NULL
4893,clean_save,1,NULL
4893,goal_loc_x,0.272736,NULL
4893,goal_loc_y,0.651563,NULL
4894,field_loc_x,0.590166,NULL
4894,field_loc_y,0.616562,NULL
4894,def_scheme,NULL,man
4894,is_transition,0,NULL
4894,is_off_dodge,1,NULL
4894,is_right_handed,1,NULL
4894,shot_quality,2,NULL
4894,goal_loc_x,0.258072,NULL
4894,goal_loc_y,0.146563,NULL
4895,field_loc_x,0.59624,NULL
4895,field_loc_y,0.411563,NULL
4895,def_scheme,NULL,man
4895,is_transition,0,NULL
4895,is_off_dodge,1,NULL
4895,is_right_handed,1,NULL
4895,shot_quality,3,NULL
4895,clean_save,1,NULL
4895,goal_loc_x,0.253184,NULL
4895,goal_loc_y,0.676562,NULL
4896,field_loc_x,0.486918,NULL
4896,field_loc_y,0.326562,NULL
4896,def_scheme,NULL,man
4896,is_transition,0,NULL
4896,is_off_dodge,0,NULL
4896,is_right_handed,0,NULL
4896,shot_quality,2,NULL
4896,goal_loc_x,0.869074,NULL
4896,goal_loc_y,0.286563,NULL
4897,field_loc_x,0.620533,NULL
4897,field_loc_y,0.466563,NULL
4897,def_scheme,NULL,man
4897,is_transition,0,NULL
4897,is_off_dodge,0,NULL
4897,is_right_handed,0,NULL
4897,shot_quality,2,NULL
4897,goal_loc_x,0.859298,NULL
4897,goal_loc_y,0.186562,NULL
4898,field_loc_x,0.356339,NULL
4898,field_loc_y,0.546562,NULL
4898,def_scheme,NULL,zone
4898,is_transition,0,NULL
4898,is_off_dodge,0,NULL
4898,is_right_handed,1,NULL
4898,shot_quality,2,NULL
4898,goal_loc_x,0.36072,NULL
4898,goal_loc_y,0.676562,NULL
4899,field_loc_x,0.411,NULL
4899,field_loc_y,0.356562,NULL
4899,def_scheme,NULL,man
4899,is_transition,0,NULL
4899,is_off_dodge,1,NULL
4899,is_right_handed,0,NULL
4899,shot_quality,3,NULL
4899,goal_loc_x,0.869074,NULL
4899,goal_loc_y,0.486562,NULL
4900,field_loc_x,0.447441,NULL
4900,field_loc_y,0.376563,NULL
4900,def_scheme,NULL,man
4900,is_transition,0,NULL
4900,is_off_dodge,1,NULL
4900,is_right_handed,1,NULL
4900,shot_quality,2,NULL
4900,clean_save,0,NULL
4900,goal_loc_x,0.737097,NULL
4900,goal_loc_y,0.276563,NULL
4901,field_loc_x,0.426184,NULL
4901,field_loc_y,0.716563,NULL
4901,def_scheme,NULL,zone
4901,is_transition,0,NULL
4901,is_off_dodge,0,NULL
4901,is_right_handed,1,NULL
4901,shot_quality,1,NULL
4901,clean_save,0,NULL
4901,goal_loc_x,0.302064,NULL
4901,goal_loc_y,0.651563,NULL
4902,field_loc_x,0.368486,NULL
4902,field_loc_y,0.576563,NULL
4902,def_scheme,NULL,man
4902,is_transition,0,NULL
4902,is_off_dodge,0,NULL
4902,is_right_handed,1,NULL
4902,shot_quality,2,NULL
4902,clean_save,1,NULL
4902,goal_loc_x,0.346056,NULL
4902,goal_loc_y,0.626562,NULL
4903,field_loc_x,0.520322,NULL
4903,field_loc_y,0.636563,NULL
4903,def_scheme,NULL,zone
4903,is_transition,0,NULL
4903,is_off_dodge,0,NULL
4903,is_right_handed,1,NULL
4903,shot_quality,1,NULL
4903,goal_loc_x,0.272736,NULL
4903,goal_loc_y,0.686562,NULL
4904,field_loc_x,0.532469,NULL
4904,field_loc_y,0.651563,NULL
4904,def_scheme,NULL,man
4904,is_transition,0,NULL
4904,is_off_dodge,0,NULL
4904,is_right_handed,1,NULL
4904,shot_quality,1,NULL
4904,goal_loc_x,0.737097,NULL
4904,goal_loc_y,0.671562,NULL
4905,field_loc_x,0.486918,NULL
4905,field_loc_y,0.271562,NULL
4905,def_scheme,NULL,zone
4905,is_transition,0,NULL
4905,is_off_dodge,0,NULL
4905,is_right_handed,1,NULL
4905,shot_quality,3,NULL
4905,clean_save,0,NULL
4905,goal_loc_x,0.272736,NULL
4905,goal_loc_y,0.156563,NULL
4906,def_scheme,NULL,zone
4906,is_transition,0,NULL
4906,is_off_dodge,0,NULL
4906,is_right_handed,0,NULL
4906,shot_quality,3,NULL
4906,field_loc_x,0.59624,NULL
4906,field_loc_y,0.321562,NULL
4906,goal_loc_x,0.888626,NULL
4906,goal_loc_y,0.146563,NULL
4907,def_scheme,NULL,zone
4907,is_transition,0,NULL
4907,is_off_dodge,0,NULL
4907,is_right_handed,1,NULL
4907,shot_quality,3,NULL
4907,goal_loc_x,0.766425,NULL
4907,goal_loc_y,0.821563,NULL
4908,field_loc_x,0.578019,NULL
4908,field_loc_y,0.286563,NULL
4908,def_scheme,NULL,zone
4908,is_transition,0,NULL
4908,is_off_dodge,1,NULL
4908,is_right_handed,1,NULL
4908,shot_quality,3,NULL
4908,clean_save,0,NULL
4908,goal_loc_x,0.233632,NULL
4908,goal_loc_y,0.156563,NULL
4909,def_scheme,NULL,zone
4909,is_transition,0,NULL
4909,is_off_dodge,0,NULL
4909,is_right_handed,0,NULL
4909,shot_quality,2,NULL
4909,clean_save,1,NULL
4909,field_loc_x,0.629644,NULL
4909,field_loc_y,0.701563,NULL
4909,goal_loc_x,0.512249,NULL
4909,goal_loc_y,0.671562,NULL
4910,field_loc_x,0.414037,NULL
4910,field_loc_y,0.306563,NULL
4910,def_scheme,NULL,man
4910,is_transition,0,NULL
4910,is_off_dodge,0,NULL
4910,is_right_handed,1,NULL
4910,shot_quality,3,NULL
4910,clean_save,0,NULL
4910,goal_loc_x,0.746873,NULL
4910,goal_loc_y,0.206563,NULL
4911,field_loc_x,0.502102,NULL
4911,field_loc_y,0.476562,NULL
4911,def_scheme,NULL,man
4911,is_transition,0,NULL
4911,is_off_dodge,1,NULL
4911,is_right_handed,0,NULL
4911,shot_quality,2,NULL
4911,goal_loc_x,0.561129,NULL
4911,goal_loc_y,0.0415625,NULL
4912,field_loc_x,0.298642,NULL
4912,field_loc_y,0.616562,NULL
4912,def_scheme,NULL,man
4912,is_transition,0,NULL
4912,is_off_dodge,0,NULL
4912,is_right_handed,1,NULL
4912,shot_quality,2,NULL
4912,clean_save,1,NULL
4912,goal_loc_x,0.478033,NULL
4912,goal_loc_y,0.671562,NULL
4913,field_loc_x,0.477808,NULL
4913,field_loc_y,0.581563,NULL
4913,def_scheme,NULL,man
4913,is_transition,0,NULL
4913,is_off_dodge,0,NULL
4913,is_right_handed,0,NULL
4913,shot_quality,1,NULL
4913,goal_loc_x,0.761537,NULL
4913,goal_loc_y,0.446562,NULL
4914,field_loc_x,0.462624,NULL
4914,field_loc_y,0.301562,NULL
4914,def_scheme,NULL,man
4914,is_transition,0,NULL
4914,is_off_dodge,1,NULL
4914,is_right_handed,0,NULL
4914,shot_quality,3,NULL
4914,goal_loc_x,0.893514,NULL
4914,goal_loc_y,0.121563,NULL
4915,field_loc_x,0.571946,NULL
4915,field_loc_y,0.701563,NULL
4915,def_scheme,NULL,man
4915,is_transition,0,NULL
4915,is_off_dodge,0,NULL
4915,is_right_handed,0,NULL
4915,shot_quality,1,NULL
4915,clean_save,1,NULL
4915,goal_loc_x,0.536689,NULL
4915,goal_loc_y,0.656563,NULL
4916,field_loc_x,0.520322,NULL
4916,field_loc_y,0.346563,NULL
4916,def_scheme,NULL,man
4916,is_transition,0,NULL
4916,is_off_dodge,1,NULL
4916,is_right_handed,1,NULL
4916,shot_quality,2,NULL
4916,clean_save,0,NULL
4916,goal_loc_x,0.463369,NULL
4916,goal_loc_y,0.171562,NULL
4917,field_loc_x,0.344192,NULL
4917,field_loc_y,0.531563,NULL
4917,def_scheme,NULL,man
4917,is_transition,0,NULL
4917,is_off_dodge,0,NULL
4917,is_right_handed,1,NULL
4917,shot_quality,2,NULL
4917,goal_loc_x,0.517137,NULL
4917,goal_loc_y,0.146563,NULL
4918,field_loc_x,0.593203,NULL
4918,field_loc_y,0.371563,NULL
4918,def_scheme,NULL,man
4918,is_transition,0,NULL
4918,is_off_dodge,0,NULL
4918,is_right_handed,0,NULL
4918,shot_quality,3,NULL
4918,goal_loc_x,0.87885,NULL
4918,goal_loc_y,0.616562,NULL
4919,field_loc_x,0.505138,NULL
4919,field_loc_y,0.276563,NULL
4919,def_scheme,NULL,zone
4919,is_transition,0,NULL
4919,is_off_dodge,1,NULL
4919,is_right_handed,1,NULL
4919,shot_quality,3,NULL
4919,goal_loc_x,0.536689,NULL
4919,goal_loc_y,0.166562,NULL
4920,field_loc_x,0.61446,NULL
4920,field_loc_y,0.546562,NULL
4920,def_scheme,NULL,man
4920,is_transition,0,NULL
4920,is_off_dodge,1,NULL
4920,is_right_handed,0,NULL
4920,shot_quality,2,NULL
4920,clean_save,0,NULL
4920,goal_loc_x,0.746873,NULL
4920,goal_loc_y,0.616562,NULL
4921,field_loc_x,0.526395,NULL
4921,field_loc_y,0.296562,NULL
4921,def_scheme,NULL,zone
4921,is_transition,0,NULL
4921,is_off_dodge,0,NULL
4921,is_right_handed,1,NULL
4921,shot_quality,3,NULL
4921,clean_save,1,NULL
4921,goal_loc_x,0.277624,NULL
4921,goal_loc_y,0.246562,NULL
4922,field_loc_x,0.438331,NULL
4922,field_loc_y,0.721563,NULL
4922,def_scheme,NULL,man
4922,is_transition,0,NULL
4922,is_off_dodge,0,NULL
4922,is_right_handed,1,NULL
4922,shot_quality,1,NULL
4922,goal_loc_x,0.458481,NULL
4922,goal_loc_y,0.641563,NULL
4923,def_scheme,NULL,zone
4923,is_transition,0,NULL
4923,is_off_dodge,0,NULL
4923,is_right_handed,1,NULL
4923,shot_quality,3,NULL
4923,goal_loc_x,0.253184,NULL
4923,goal_loc_y,0.691562,NULL
4924,field_loc_x,0.647864,NULL
4924,field_loc_y,0.481562,NULL
4924,def_scheme,NULL,zone
4924,is_transition,0,NULL
4924,is_off_dodge,0,NULL
4924,is_right_handed,0,NULL
4924,shot_quality,2,NULL
4924,goal_loc_x,0.917954,NULL
4924,goal_loc_y,0.551562,NULL
4925,field_loc_x,0.514248,NULL
4925,field_loc_y,0.361562,NULL
4925,def_scheme,NULL,man
4925,is_transition,0,NULL
4925,is_off_dodge,0,NULL
4925,is_right_handed,1,NULL
4925,shot_quality,2,NULL
4925,clean_save,0,NULL
4925,goal_loc_x,0.497585,NULL
4925,goal_loc_y,0.566562,NULL
4926,field_loc_x,0.502102,NULL
4926,field_loc_y,0.366562,NULL
4926,def_scheme,NULL,man
4926,is_transition,0,NULL
4926,is_off_dodge,1,NULL
4926,is_right_handed,0,NULL
4926,shot_quality,2,NULL
4926,goal_loc_x,0.130984,NULL
4926,goal_loc_y,0.156563,NULL
4927,field_loc_x,0.444404,NULL
4927,field_loc_y,0.696563,NULL
4927,def_scheme,NULL,man
4927,is_transition,0,NULL
4927,is_off_dodge,1,NULL
4927,is_right_handed,1,NULL
4927,shot_quality,1,NULL
4927,clean_save,0,NULL
4927,goal_loc_x,0.541577,NULL
4927,goal_loc_y,0.661563,NULL
4928,field_loc_x,0.447441,NULL
4928,field_loc_y,0.516563,NULL
4928,def_scheme,NULL,man
4928,is_transition,0,NULL
4928,is_off_dodge,1,NULL
4928,is_right_handed,0,NULL
4928,shot_quality,2,NULL
4928,goal_loc_x,0.883738,NULL
4928,goal_loc_y,0.531563,NULL
4929,field_loc_x,0.496028,NULL
4929,field_loc_y,0.381563,NULL
4929,def_scheme,NULL,man
4929,is_transition,0,NULL
4929,is_off_dodge,1,NULL
4929,is_right_handed,0,NULL
4929,shot_quality,2,NULL
4929,goal_loc_x,0.864186,NULL
4929,goal_loc_y,0.716563,NULL
4930,field_loc_x,0.505138,NULL
4930,field_loc_y,0.646563,NULL
4930,def_scheme,NULL,man
4930,is_transition,0,NULL
4930,is_off_dodge,0,NULL
4930,is_right_handed,0,NULL
4930,shot_quality,1,NULL
4930,goal_loc_x,0.761537,NULL
4930,goal_loc_y,0.671562,NULL
4931,field_loc_x,0.568909,NULL
4931,field_loc_y,0.691562,NULL
4931,def_scheme,NULL,man
4931,is_transition,0,NULL
4931,is_off_dodge,0,NULL
4931,shot_quality,1,NULL
4931,is_right_handed,0,NULL
4931,goal_loc_x,0.297176,NULL
4931,goal_loc_y,0.161563,NULL
4932,field_loc_x,0.42922,NULL
4932,field_loc_y,0.636563,NULL
4932,def_scheme,NULL,man
4932,is_transition,0,NULL
4932,is_off_dodge,0,NULL
4932,is_right_handed,1,NULL
4932,shot_quality,3,NULL
4932,goal_loc_x,0.883738,NULL
4932,goal_loc_y,0.416562,NULL
4933,field_loc_x,0.453514,NULL
4933,field_loc_y,0.426562,NULL
4933,def_scheme,NULL,zone
4933,is_transition,0,NULL
4933,is_off_dodge,0,NULL
4933,is_right_handed,0,NULL
4933,shot_quality,2,NULL
4933,goal_loc_x,0.722433,NULL
4933,goal_loc_y,0.681562,NULL
4934,field_loc_x,0.514248,NULL
4934,field_loc_y,0.641563,NULL
4934,def_scheme,NULL,man
4934,is_transition,0,NULL
4934,is_off_dodge,0,NULL
4934,is_right_handed,1,NULL
4934,shot_quality,1,NULL
4934,goal_loc_x,0.561129,NULL
4934,goal_loc_y,0.706563,NULL
4935,field_loc_x,0.477808,NULL
4935,field_loc_y,0.266562,NULL
4935,def_scheme,NULL,zone
4935,is_transition,0,NULL
4935,is_off_dodge,0,NULL
4935,is_right_handed,1,NULL
4935,shot_quality,3,NULL
4935,goal_loc_x,0.106543,NULL
4935,goal_loc_y,0.166562,NULL
4936,field_loc_x,0.511212,NULL
4936,field_loc_y,0.361562,NULL
4936,is_transition,1,NULL
4936,is_off_dodge,1,NULL
4936,is_right_handed,0,NULL
4936,shot_quality,2,NULL
4936,goal_loc_x,0.346056,NULL
4936,goal_loc_y,0.796562,NULL
4937,field_loc_x,0.556762,NULL
4937,field_loc_y,0.431563,NULL
4937,is_transition,1,NULL
4937,is_off_dodge,0,NULL
4937,is_right_handed,1,NULL
4937,shot_quality,2,NULL
4937,goal_loc_x,0.130984,NULL
4937,goal_loc_y,0.136562,NULL
4938,field_loc_x,0.61446,NULL
4938,field_loc_y,0.631562,NULL
4938,is_transition,1,NULL
4938,def_scheme,NULL,man
4938,is_off_dodge,0,NULL
4938,is_right_handed,0,NULL
4938,shot_quality,1,NULL
4938,goal_loc_x,0.277624,NULL
4938,goal_loc_y,0.141563,NULL
4939,field_loc_x,0.492991,NULL
4939,field_loc_y,0.371563,NULL
4939,is_transition,1,NULL
4939,is_off_dodge,1,NULL
4939,is_right_handed,0,NULL
4939,shot_quality,2,NULL
4939,goal_loc_x,0.864186,NULL
4939,goal_loc_y,0.136562,NULL
4940,field_loc_x,0.60535,NULL
4940,field_loc_y,0.556562,NULL
4940,def_scheme,NULL,man
4940,is_transition,1,NULL
4940,is_off_dodge,1,NULL
4940,is_right_handed,0,NULL
4940,shot_quality,2,NULL
4940,clean_save,0,NULL
4940,goal_loc_x,0.438928,NULL
4940,goal_loc_y,0.631562,NULL
4941,field_loc_x,0.426184,NULL
4941,field_loc_y,0.661563,NULL
4941,def_scheme,NULL,man
4941,is_transition,0,NULL
4941,is_off_dodge,0,NULL
4941,is_right_handed,1,NULL
4941,shot_quality,1,NULL
4941,clean_save,0,NULL
4941,goal_loc_x,0.463369,NULL
4941,goal_loc_y,0.641563,NULL
4942,field_loc_x,0.565873,NULL
4942,field_loc_y,0.706563,NULL
4942,is_transition,1,NULL
4942,def_scheme,NULL,man
4942,is_off_dodge,0,NULL
4942,is_right_handed,0,NULL
4942,shot_quality,1,NULL
4942,goal_loc_x,0.536689,NULL
4942,goal_loc_y,0.666562,NULL
4943,field_loc_x,0.517285,NULL
4943,field_loc_y,0.606562,NULL
4943,is_transition,1,NULL
4943,is_off_dodge,1,NULL
4943,is_right_handed,1,NULL
4943,shot_quality,1,NULL
4943,goal_loc_x,0.26296,NULL
4943,goal_loc_y,0.181562,NULL
4944,field_loc_x,0.617497,NULL
4944,field_loc_y,0.446562,NULL
4944,def_scheme,NULL,man
4944,is_transition,1,NULL
4944,is_off_dodge,1,NULL
4944,is_right_handed,1,NULL
4944,shot_quality,3,NULL
4944,goal_loc_x,0.0918794,NULL
4944,goal_loc_y,0.116563,NULL
4945,field_loc_x,0.411,NULL
4945,field_loc_y,0.661563,NULL
4945,is_transition,1,NULL
4945,is_off_dodge,0,NULL
4945,is_right_handed,1,NULL
4945,shot_quality,2,NULL
4945,clean_save,0,NULL
4945,goal_loc_x,0.453593,NULL
4945,goal_loc_y,0.426562,NULL
4946,field_loc_x,0.523359,NULL
4946,field_loc_y,0.646563,NULL
4946,def_scheme,NULL,man
4946,is_transition,0,NULL
4946,is_off_dodge,0,NULL
4946,is_right_handed,0,NULL
4946,shot_quality,1,NULL
4946,goal_loc_x,0.507361,NULL
4946,goal_loc_y,0.691562,NULL
4947,field_loc_x,0.438331,NULL
4947,field_loc_y,0.691562,NULL
4947,def_scheme,NULL,man
4947,is_transition,0,NULL
4947,is_off_dodge,0,NULL
4947,is_right_handed,1,NULL
4947,shot_quality,1,NULL
4947,goal_loc_x,0.478033,NULL
4947,goal_loc_y,0.171562,NULL
4948,field_loc_x,0.435294,NULL
4948,field_loc_y,0.556562,NULL
4948,def_scheme,NULL,man
4948,is_transition,0,NULL
4948,is_off_dodge,0,NULL
4948,is_right_handed,1,NULL
4948,shot_quality,1,NULL
4948,goal_loc_x,0.761537,NULL
4948,goal_loc_y,0.706563,NULL
4949,field_loc_x,0.629644,NULL
4949,field_loc_y,0.591563,NULL
4949,def_scheme,NULL,man
4949,is_transition,0,NULL
4949,is_off_dodge,0,NULL
4949,is_right_handed,0,NULL
4949,shot_quality,1,NULL
4949,goal_loc_x,0.453593,NULL
4949,goal_loc_y,0.156563,NULL
4950,field_loc_x,0.42011,NULL
4950,field_loc_y,0.531563,NULL
4950,def_scheme,NULL,man
4950,is_transition,0,NULL
4950,is_off_dodge,0,NULL
4950,is_right_handed,1,NULL
4950,shot_quality,1,NULL
4950,goal_loc_x,0.717545,NULL
4950,goal_loc_y,0.171562,NULL
4951,field_loc_x,0.514248,NULL
4951,field_loc_y,0.401563,NULL
4951,def_scheme,NULL,man
4951,is_transition,0,NULL
4951,is_off_dodge,1,NULL
4951,is_right_handed,0,NULL
4951,shot_quality,2,NULL
4951,goal_loc_x,0.761537,NULL
4951,goal_loc_y,0.156563,NULL
4952,field_loc_x,0.411,NULL
4952,field_loc_y,0.686562,NULL
4952,def_scheme,NULL,man
4952,is_transition,0,NULL
4952,is_off_dodge,1,NULL
4952,is_right_handed,1,NULL
4952,shot_quality,2,NULL
4952,goal_loc_x,0.839746,NULL
4952,goal_loc_y,0.741562,NULL
4953,field_loc_x,0.489955,NULL
4953,field_loc_y,0.416562,NULL
4953,def_scheme,NULL,man
4953,is_transition,0,NULL
4953,is_off_dodge,0,NULL
4953,is_right_handed,0,NULL
4953,shot_quality,2,NULL
4953,goal_loc_x,0.741985,NULL
4953,goal_loc_y,0.666562,NULL
4954,field_loc_x,0.511212,NULL
4954,field_loc_y,0.306563,NULL
4954,def_scheme,NULL,man
4954,is_transition,0,NULL
4954,is_off_dodge,0,NULL
4954,is_right_handed,1,NULL
4954,shot_quality,2,NULL
4954,goal_loc_x,0.243408,NULL
4954,goal_loc_y,0.701563,NULL
4955,field_loc_x,0.581056,NULL
4955,field_loc_y,0.366562,NULL
4955,def_scheme,NULL,man
4955,is_transition,0,NULL
4955,is_off_dodge,0,NULL
4955,is_right_handed,1,NULL
4955,shot_quality,2,NULL
4955,goal_loc_x,0.248296,NULL
4955,goal_loc_y,0.156563,NULL
4956,field_loc_x,0.60535,NULL
4956,field_loc_y,0.436563,NULL
4956,def_scheme,NULL,man
4956,is_transition,0,NULL
4956,is_off_dodge,1,NULL
4956,is_right_handed,1,NULL
4956,shot_quality,2,NULL
4956,goal_loc_x,0.116319,NULL
4956,goal_loc_y,0.801562,NULL
4957,field_loc_x,0.453514,NULL
4957,field_loc_y,0.491562,NULL
4957,def_scheme,NULL,man
4957,is_transition,0,NULL
4957,is_off_dodge,0,NULL
4957,is_right_handed,1,NULL
4957,shot_quality,1,NULL
4957,goal_loc_x,0.727321,NULL
4957,goal_loc_y,0.646563,NULL
4958,field_loc_x,0.441367,NULL
4958,field_loc_y,0.676562,NULL
4958,def_scheme,NULL,man
4958,is_transition,0,NULL
4958,is_off_dodge,0,NULL
4958,is_right_handed,0,NULL
4958,shot_quality,1,NULL
4958,goal_loc_x,0.741985,NULL
4958,goal_loc_y,0.601562,NULL
4959,field_loc_x,0.553726,NULL
4959,field_loc_y,0.436563,NULL
4959,def_scheme,NULL,man
4959,is_transition,0,NULL
4959,is_off_dodge,0,NULL
4959,is_right_handed,1,NULL
4959,shot_quality,2,NULL
4959,goal_loc_x,0.258072,NULL
4959,goal_loc_y,0.156563,NULL
4960,field_loc_x,0.526395,NULL
4960,field_loc_y,0.236563,NULL
4960,def_scheme,NULL,man
4960,is_transition,1,NULL
4960,is_off_dodge,0,NULL
4960,is_right_handed,0,NULL
4960,shot_quality,3,NULL
4960,goal_loc_x,0.737097,NULL
4960,goal_loc_y,0.621562,NULL
4961,field_loc_x,0.508175,NULL
4961,field_loc_y,0.566562,NULL
4961,def_scheme,NULL,man
4961,is_transition,0,NULL
4961,is_off_dodge,0,NULL
4961,is_right_handed,0,NULL
4961,shot_quality,1,NULL
4961,clean_save,0,NULL
4961,goal_loc_x,0.497585,NULL
4961,goal_loc_y,0.636563,NULL
4962,field_loc_x,0.532469,NULL
4962,field_loc_y,0.571563,NULL
4962,def_scheme,NULL,man
4962,is_transition,1,NULL
4962,is_off_dodge,1,NULL
4962,is_right_handed,1,NULL
4962,shot_quality,1,NULL
4962,clean_save,0,NULL
4962,goal_loc_x,0.507361,NULL
4962,goal_loc_y,0.191563,NULL
4963,field_loc_x,0.611423,NULL
4963,field_loc_y,0.666562,NULL
4963,def_scheme,NULL,man
4963,is_transition,0,NULL
4963,is_off_dodge,1,NULL
4963,is_right_handed,0,NULL
4963,shot_quality,2,NULL
4963,goal_loc_x,0.116319,NULL
4963,goal_loc_y,0.186562,NULL
4964,field_loc_x,0.486918,NULL
4964,field_loc_y,0.311563,NULL
4964,def_scheme,NULL,man
4964,is_transition,0,NULL
4964,is_off_dodge,0,NULL
4964,is_right_handed,0,NULL
4964,shot_quality,3,NULL
4964,goal_loc_x,0.859298,NULL
4964,goal_loc_y,0.586563,NULL
4965,field_loc_x,0.511212,NULL
4965,field_loc_y,0.641563,NULL
4965,def_scheme,NULL,man
4965,is_transition,0,NULL
4965,is_right_handed,0,NULL
4965,is_off_dodge,0,NULL
4965,shot_quality,1,NULL
4965,goal_loc_x,0.258072,NULL
4965,goal_loc_y,0.166562,NULL
4966,field_loc_x,0.593203,NULL
4966,field_loc_y,0.661563,NULL
4966,def_scheme,NULL,man
4966,is_transition,0,NULL
4966,is_off_dodge,0,NULL
4966,is_right_handed,0,NULL
4966,shot_quality,2,NULL
4966,goal_loc_x,0.170088,NULL
4966,goal_loc_y,0.926562,NULL
4967,field_loc_x,0.474771,NULL
4967,field_loc_y,0.666562,NULL
4967,def_scheme,NULL,man
4967,is_transition,0,NULL
4967,is_off_dodge,1,NULL
4967,is_right_handed,1,NULL
4967,shot_quality,1,NULL
4967,goal_loc_x,0.746873,NULL
4967,goal_loc_y,0.146563,NULL
4968,field_loc_x,0.335082,NULL
4968,field_loc_y,0.586563,NULL
4968,def_scheme,NULL,man
4968,is_transition,0,NULL
4968,is_off_dodge,0,NULL
4968,is_right_handed,1,NULL
4968,shot_quality,2,NULL
4968,goal_loc_x,0.272736,NULL
4968,goal_loc_y,0.166562,NULL
4969,field_loc_x,0.456551,NULL
4969,field_loc_y,0.466563,NULL
4969,def_scheme,NULL,man
4969,is_transition,0,NULL
4969,is_off_dodge,1,NULL
4969,is_right_handed,0,NULL
4969,shot_quality,2,NULL
4969,clean_save,0,NULL
4969,goal_loc_x,0.463369,NULL
4969,goal_loc_y,0.156563,NULL
4970,field_loc_x,0.423147,NULL
4970,field_loc_y,0.661563,NULL
4970,def_scheme,NULL,man
4970,is_transition,0,NULL
4970,is_off_dodge,0,NULL
4970,is_right_handed,1,NULL
4970,shot_quality,1,NULL
4970,clean_save,0,NULL
4970,goal_loc_x,0.741985,NULL
4970,goal_loc_y,0.396562,NULL
4971,field_loc_x,0.456551,NULL
4971,field_loc_y,0.476562,NULL
4971,def_scheme,NULL,man
4971,is_transition,0,NULL
4971,is_off_dodge,1,NULL
4971,is_right_handed,0,NULL
4971,shot_quality,2,NULL
4971,clean_save,0,NULL
4971,goal_loc_x,0.732209,NULL
4971,goal_loc_y,0.631562,NULL
4972,field_loc_x,0.359376,NULL
4972,field_loc_y,0.596563,NULL
4972,def_scheme,NULL,man
4972,is_transition,0,NULL
4972,is_off_dodge,0,NULL
4972,is_right_handed,1,NULL
4972,shot_quality,2,NULL
4972,clean_save,0,NULL
4972,goal_loc_x,0.673553,NULL
4972,goal_loc_y,0.621562,NULL
4973,field_loc_x,0.617497,NULL
4973,field_loc_y,0.621562,NULL
4973,def_scheme,NULL,man
4973,is_transition,0,NULL
4973,is_off_dodge,0,NULL
4973,is_right_handed,0,NULL
4973,shot_quality,2,NULL
4973,goal_loc_x,0.0869914,NULL
4973,goal_loc_y,0.126563,NULL
4974,field_loc_x,0.565873,NULL
4974,field_loc_y,0.701563,NULL
4974,def_scheme,NULL,man
4974,is_transition,0,NULL
4974,is_off_dodge,0,NULL
4974,is_right_handed,0,NULL
4974,shot_quality,1,NULL
4974,goal_loc_x,0.297176,NULL
4974,goal_loc_y,0.151562,NULL
4975,field_loc_x,0.386706,NULL
4975,field_loc_y,0.481562,NULL
4975,def_scheme,NULL,man
4975,is_transition,0,NULL
4975,is_off_dodge,1,NULL
4975,is_right_handed,0,NULL
4975,shot_quality,3,NULL
4975,goal_loc_x,0.834858,NULL
4975,goal_loc_y,0.836563,NULL
4976,field_loc_x,0.432257,NULL
4976,field_loc_y,0.701563,NULL
4976,is_transition,1,NULL
4976,def_scheme,NULL,man
4976,is_off_dodge,0,NULL
4976,is_right_handed,1,NULL
4976,shot_quality,1,NULL
4976,goal_loc_x,0.258072,NULL
4976,goal_loc_y,0.671562,NULL
4977,field_loc_x,0.404927,NULL
4977,field_loc_y,0.671562,NULL
4977,def_scheme,NULL,man
4977,is_transition,0,NULL
4977,is_off_dodge,1,NULL
4977,is_right_handed,1,NULL
4977,shot_quality,2,NULL
4977,clean_save,0,NULL
4977,goal_loc_x,0.507361,NULL
4977,goal_loc_y,0.151562,NULL
4978,field_loc_x,0.350266,NULL
4978,field_loc_y,0.436563,NULL
4978,def_scheme,NULL,man
4978,is_transition,0,NULL
4978,is_off_dodge,0,NULL
4978,is_right_handed,1,NULL
4978,shot_quality,2,NULL
4978,goal_loc_x,0.194528,NULL
4978,goal_loc_y,0.156563,NULL
4979,field_loc_x,0.423147,NULL
4979,field_loc_y,0.616562,NULL
4979,def_scheme,NULL,man
4979,is_transition,0,NULL
4979,is_off_dodge,0,NULL
4979,is_right_handed,1,NULL
4979,shot_quality,1,NULL
4979,goal_loc_x,0.756649,NULL
4979,goal_loc_y,0.156563,NULL
4980,field_loc_x,0.59624,NULL
4980,field_loc_y,0.586563,NULL
4980,def_scheme,NULL,man
4980,is_transition,0,NULL
4980,is_off_dodge,1,NULL
4980,is_right_handed,0,NULL
4980,shot_quality,2,NULL
4980,goal_loc_x,0.869074,NULL
4980,goal_loc_y,0.671562,NULL
4981,field_loc_x,0.514248,NULL
4981,field_loc_y,0.591563,NULL
4981,is_transition,1,NULL
4981,is_off_dodge,1,NULL
4981,is_right_handed,1,NULL
4981,shot_quality,1,NULL
4981,goal_loc_x,0.800642,NULL
4981,goal_loc_y,0.191563,NULL
4982,field_loc_x,0.529432,NULL
4982,field_loc_y,0.626562,NULL
4982,def_scheme,NULL,man
4982,is_transition,1,NULL
4982,is_off_dodge,1,NULL
4982,is_right_handed,1,NULL
4982,shot_quality,1,NULL
4982,goal_loc_x,0.873962,NULL
4982,goal_loc_y,0.136562,NULL
4983,field_loc_x,0.59624,NULL
4983,field_loc_y,0.581563,NULL
4983,def_scheme,NULL,man
4983,is_transition,0,NULL
4983,is_off_dodge,1,NULL
4983,is_right_handed,0,NULL
4983,shot_quality,2,NULL
4983,goal_loc_x,0.258072,NULL
4983,goal_loc_y,0.841563,NULL
4984,field_loc_x,0.59624,NULL
4984,field_loc_y,0.626562,NULL
4984,def_scheme,NULL,man
4984,is_transition,1,NULL
4984,is_off_dodge,1,NULL
4984,is_right_handed,1,NULL
4984,shot_quality,2,NULL
4984,goal_loc_x,0.321616,NULL
4984,goal_loc_y,0.166562,NULL
4985,field_loc_x,0.593203,NULL
4985,field_loc_y,0.496563,NULL
4985,def_scheme,NULL,man
4985,is_transition,1,NULL
4985,is_off_dodge,0,NULL
4985,is_right_handed,1,NULL
4985,shot_quality,2,NULL
4985,goal_loc_x,0.248296,NULL
4985,goal_loc_y,0.701563,NULL
4986,field_loc_x,0.414037,NULL
4986,field_loc_y,0.656563,NULL
4986,def_scheme,NULL,man
4986,is_transition,1,NULL
4986,is_off_dodge,0,NULL
4986,is_right_handed,1,NULL
4986,shot_quality,1,NULL
4986,clean_save,1,NULL
4986,goal_loc_x,0.443816,NULL
4986,goal_loc_y,0.666562,NULL
4987,field_loc_x,0.417074,NULL
4987,field_loc_y,0.646563,NULL
4987,is_transition,1,NULL
4987,is_off_dodge,0,NULL
4987,is_right_handed,1,NULL
4987,shot_quality,2,NULL
4987,goal_loc_x,0.155424,NULL
4987,goal_loc_y,0.391562,NULL
4988,field_loc_x,0.480845,NULL
4988,field_loc_y,0.296562,NULL
4988,def_scheme,NULL,man
4988,is_transition,0,NULL
4988,is_off_dodge,1,NULL
4988,is_right_handed,0,NULL
4988,shot_quality,3,NULL
4988,goal_loc_x,0.306952,NULL
4988,goal_loc_y,0.841563,NULL
4989,field_loc_x,0.471734,NULL
4989,field_loc_y,0.276563,NULL
4989,def_scheme,NULL,man
4989,is_transition,0,NULL
4989,is_off_dodge,1,NULL
4989,is_right_handed,0,NULL
4989,shot_quality,3,NULL
4989,goal_loc_x,0.913066,NULL
4989,goal_loc_y,0.161563,NULL
4990,field_loc_x,0.559799,NULL
4990,field_loc_y,0.691562,NULL
4990,def_scheme,NULL,man
4990,is_transition,0,NULL
4990,is_off_dodge,0,NULL
4990,is_right_handed,0,NULL
4990,shot_quality,1,NULL
4990,goal_loc_x,0.277624,NULL
4990,goal_loc_y,0.691562,NULL
4991,field_loc_x,0.514248,NULL
4991,field_loc_y,0.636563,NULL
4991,def_scheme,NULL,man
4991,is_transition,0,NULL
4991,is_off_dodge,0,NULL
4991,is_right_handed,1,NULL
4991,shot_quality,1,NULL
4991,goal_loc_x,0.282512,NULL
4991,goal_loc_y,0.661563,NULL
4992,field_loc_x,0.417074,NULL
4992,field_loc_y,0.301562,NULL
4992,def_scheme,NULL,man
4992,is_transition,0,NULL
4992,is_off_dodge,1,NULL
4992,is_right_handed,0,NULL
4992,shot_quality,3,NULL
4992,clean_save,0,NULL
4992,goal_loc_x,0.712657,NULL
4992,goal_loc_y,0.146563,NULL
4993,field_loc_x,0.517285,NULL
4993,field_loc_y,0.531563,NULL
4993,def_scheme,NULL,man
4993,is_transition,0,NULL
4993,is_off_dodge,0,NULL
4993,is_right_handed,0,NULL
4993,shot_quality,1,NULL
4993,goal_loc_x,0.756649,NULL
4993,goal_loc_y,0.276563,NULL
4994,field_loc_x,0.58713,NULL
4994,field_loc_y,0.611562,NULL
4994,def_scheme,NULL,man
4994,is_transition,0,NULL
4994,is_off_dodge,1,NULL
4994,is_right_handed,0,NULL
4994,shot_quality,2,NULL
4994,goal_loc_x,0.756649,NULL
4994,goal_loc_y,0.686562,NULL
4995,field_loc_x,0.417074,NULL
4995,field_loc_y,0.506562,NULL
4995,def_scheme,NULL,man
4995,is_transition,0,NULL
4995,is_off_dodge,0,NULL
4995,is_right_handed,1,NULL
4995,shot_quality,1,NULL
4995,goal_loc_x,0.693105,NULL
4995,goal_loc_y,0.826563,NULL
4996,field_loc_x,0.344192,NULL
4996,field_loc_y,0.466563,NULL
4996,def_scheme,NULL,man
4996,is_transition,0,NULL
4996,is_off_dodge,1,NULL
4996,is_right_handed,0,NULL
4996,shot_quality,3,NULL
4996,goal_loc_x,0.92773,NULL
4996,goal_loc_y,0.0865625,NULL
4997,field_loc_x,0.42922,NULL
4997,field_loc_y,0.661563,NULL
4997,def_scheme,NULL,man
4997,is_transition,0,NULL
4997,is_off_dodge,0,NULL
4997,is_right_handed,0,NULL
4997,shot_quality,1,NULL
4997,goal_loc_x,0.873962,NULL
4997,goal_loc_y,0.121563,NULL
4998,field_loc_x,0.42011,NULL
4998,field_loc_y,0.451562,NULL
4998,def_scheme,NULL,man
4998,is_transition,0,NULL
4998,is_off_dodge,1,NULL
4998,is_right_handed,0,NULL
4998,shot_quality,2,NULL
4998,goal_loc_x,0.87885,NULL
4998,goal_loc_y,0.806562,NULL
4999,field_loc_x,0.456551,NULL
4999,field_loc_y,0.311563,NULL
4999,def_scheme,NULL,zone
4999,is_transition,0,NULL
4999,is_off_dodge,0,NULL
4999,is_right_handed,0,NULL
4999,shot_quality,3,NULL
4999,goal_loc_x,0.732209,NULL
4999,goal_loc_y,0.166562,NULL
5000,field_loc_x,0.535505,NULL
5000,field_loc_y,0.521563,NULL
5000,def_scheme,NULL,man
5000,is_transition,0,NULL
5000,is_off_dodge,0,NULL
5000,is_right_handed,1,NULL
5000,shot_quality,2,NULL
5000,goal_loc_x,0.0821034,NULL
5000,goal_loc_y,0.216562,NULL
5001,field_loc_x,0.556762,NULL
5001,field_loc_y,0.711563,NULL
5001,is_transition,1,NULL
5001,is_off_dodge,0,NULL
5001,is_right_handed,0,NULL
5001,shot_quality,1,NULL
5001,goal_loc_x,0.248296,NULL
5001,goal_loc_y,0.176563,NULL
5002,field_loc_x,0.471734,NULL
5002,field_loc_y,0.561562,NULL
5002,def_scheme,NULL,zone
5002,is_transition,0,NULL
5002,is_off_dodge,0,NULL
5002,is_right_handed,1,NULL
5002,shot_quality,1,NULL
5002,goal_loc_x,0.517137,NULL
5002,goal_loc_y,0.681562,NULL
5003,field_loc_x,0.301679,NULL
5003,field_loc_y,0.476562,NULL
5003,def_scheme,NULL,man
5003,is_transition,0,NULL
5003,is_off_dodge,0,NULL
5003,is_right_handed,1,NULL
5003,shot_quality,2,NULL
5003,goal_loc_x,0.116319,NULL
5003,goal_loc_y,0.196562,NULL
5004,field_loc_x,0.559799,NULL
5004,field_loc_y,0.691562,NULL
5004,is_transition,0,NULL
5004,is_off_dodge,0,NULL
5004,is_right_handed,0,NULL
5004,shot_quality,1,NULL
5004,clean_save,0,NULL
5004,goal_loc_x,0.517137,NULL
5004,goal_loc_y,0.156563,NULL
5005,field_loc_x,0.541579,NULL
5005,field_loc_y,0.666562,NULL
5005,def_scheme,NULL,man
5005,is_transition,0,NULL
5005,is_off_dodge,0,NULL
5005,is_right_handed,1,NULL
5005,shot_quality,1,NULL
5005,goal_loc_x,0.727321,NULL
5005,goal_loc_y,0.686562,NULL
5006,field_loc_x,0.565873,NULL
5006,field_loc_y,0.731562,NULL
5006,def_scheme,NULL,zone
5006,is_transition,0,NULL
5006,is_off_dodge,0,NULL
5006,is_right_handed,0,NULL
5006,shot_quality,1,NULL
5006,goal_loc_x,0.522025,NULL
5006,goal_loc_y,0.691562,NULL
5007,field_loc_x,0.407963,NULL
5007,field_loc_y,0.561562,NULL
5007,def_scheme,NULL,zone
5007,is_transition,0,NULL
5007,is_off_dodge,1,NULL
5007,is_right_handed,1,NULL
5007,shot_quality,2,NULL
5007,goal_loc_x,0.800642,NULL
5007,goal_loc_y,0.336563,NULL
5008,field_loc_x,0.581056,NULL
5008,field_loc_y,0.506562,NULL
5008,def_scheme,NULL,man
5008,is_transition,0,NULL
5008,is_off_dodge,1,NULL
5008,is_right_handed,0,NULL
5008,shot_quality,2,NULL
5008,goal_loc_x,0.663777,NULL
5008,goal_loc_y,0.676562,NULL
5009,field_loc_x,0.435294,NULL
5009,field_loc_y,0.526563,NULL
5009,def_scheme,NULL,zone
5009,is_transition,0,NULL
5009,is_off_dodge,1,NULL
5009,is_right_handed,0,NULL
5009,shot_quality,2,NULL
5009,goal_loc_x,0.0869914,NULL
5009,goal_loc_y,0.591563,NULL
5010,field_loc_x,0.611423,NULL
5010,field_loc_y,0.661563,NULL
5010,def_scheme,NULL,man
5010,is_transition,0,NULL
5010,is_off_dodge,0,NULL
5010,is_right_handed,0,NULL
5010,shot_quality,2,NULL
5010,goal_loc_x,0.243408,NULL
5010,goal_loc_y,0.711563,NULL
5011,field_loc_x,0.581056,NULL
5011,field_loc_y,0.586563,NULL
5011,def_scheme,NULL,man
5011,is_transition,0,NULL
5011,is_off_dodge,0,NULL
5011,is_right_handed,1,NULL
5011,shot_quality,3,NULL
5011,goal_loc_x,0.864186,NULL
5011,goal_loc_y,0.151562,NULL
5012,field_loc_x,0.63268,NULL
5012,field_loc_y,0.556562,NULL
5012,def_scheme,NULL,zone
5012,is_transition,0,NULL
5012,is_off_dodge,1,NULL
5012,is_right_handed,0,NULL
5012,shot_quality,2,NULL
5012,goal_loc_x,0.893514,NULL
5012,goal_loc_y,0.361562,NULL
5013,field_loc_x,0.590166,NULL
5013,field_loc_y,0.711563,NULL
5013,def_scheme,NULL,man
5013,is_transition,0,NULL
5013,is_off_dodge,1,NULL
5013,is_right_handed,0,NULL
5013,shot_quality,3,NULL
5013,goal_loc_x,0.0967674,NULL
5013,goal_loc_y,0.111562,NULL
5014,def_scheme,NULL,zone
5014,is_transition,0,NULL
5014,is_off_dodge,0,NULL
5014,is_right_handed,1,NULL
5014,shot_quality,1,NULL
5014,field_loc_x,0.492991,NULL
5014,field_loc_y,0.666562,NULL
5014,goal_loc_x,0.717545,NULL
5014,goal_loc_y,0.621562,NULL
5015,field_loc_x,0.411,NULL
5015,field_loc_y,0.621562,NULL
5015,def_scheme,NULL,zone
5015,is_transition,0,NULL
5015,is_off_dodge,0,NULL
5015,is_right_handed,1,NULL
5015,shot_quality,2,NULL
5015,clean_save,0,NULL
5015,goal_loc_x,0.507361,NULL
5015,goal_loc_y,0.721563,NULL
5016,field_loc_x,0.511212,NULL
5016,field_loc_y,0.466563,NULL
5016,def_scheme,NULL,zone
5016,is_transition,0,NULL
5016,is_off_dodge,0,NULL
5016,is_right_handed,0,NULL
5016,shot_quality,2,NULL
5016,goal_loc_x,0.160312,NULL
5016,goal_loc_y,0.231562,NULL
5017,field_loc_x,0.483881,NULL
5017,field_loc_y,0.646563,NULL
5017,def_scheme,NULL,man
5017,is_transition,0,NULL
5017,is_off_dodge,0,NULL
5017,is_right_handed,0,NULL
5017,shot_quality,1,NULL
5017,goal_loc_x,0.746873,NULL
5017,goal_loc_y,0.666562,NULL
5018,field_loc_x,0.411,NULL
5018,field_loc_y,0.646563,NULL
5018,def_scheme,NULL,man
5018,is_transition,0,NULL
5018,is_off_dodge,1,NULL
5018,is_right_handed,1,NULL
5018,shot_quality,2,NULL
5018,clean_save,0,NULL
5018,goal_loc_x,0.482921,NULL
5018,goal_loc_y,0.641563,NULL
5019,field_loc_x,0.578019,NULL
5019,field_loc_y,0.681562,NULL
5019,def_scheme,NULL,man
5019,is_transition,0,NULL
5019,is_off_dodge,1,NULL
5019,is_right_handed,0,NULL
5019,shot_quality,2,NULL
5019,clean_save,0,NULL
5019,goal_loc_x,0.375384,NULL
5019,goal_loc_y,0.151562,NULL
5020,field_loc_x,0.520322,NULL
5020,field_loc_y,0.576563,NULL
5020,def_scheme,NULL,man
5020,is_transition,0,NULL
5020,is_off_dodge,0,NULL
5020,is_right_handed,1,NULL
5020,shot_quality,2,NULL
5020,goal_loc_x,0.0918794,NULL
5020,goal_loc_y,0.641563,NULL
5021,field_loc_x,0.529432,NULL
5021,field_loc_y,0.416562,NULL
5021,def_scheme,NULL,man
5021,is_transition,0,NULL
5021,is_off_dodge,0,NULL
5021,is_right_handed,1,NULL
5021,shot_quality,2,NULL
5021,goal_loc_x,0.116319,NULL
5021,goal_loc_y,0.651563,NULL
5022,field_loc_x,0.508175,NULL
5022,field_loc_y,0.381563,NULL
5022,def_scheme,NULL,zone
5022,is_transition,0,NULL
5022,is_off_dodge,0,NULL
5022,is_right_handed,1,NULL
5022,shot_quality,2,NULL
5022,clean_save,0,NULL
5022,goal_loc_x,0.478033,NULL
5022,goal_loc_y,0.151562,NULL
5023,field_loc_x,0.496028,NULL
5023,field_loc_y,0.406563,NULL
5023,def_scheme,NULL,zone
5023,is_transition,0,NULL
5023,is_off_dodge,1,NULL
5023,is_right_handed,1,NULL
5023,shot_quality,2,NULL
5023,goal_loc_x,0.766425,NULL
5023,goal_loc_y,0.156563,NULL
5024,field_loc_x,0.562836,NULL
5024,field_loc_y,0.581563,NULL
5024,def_scheme,NULL,zone
5024,is_transition,0,NULL
5024,is_off_dodge,0,NULL
5024,is_right_handed,1,NULL
5024,shot_quality,1,NULL
5024,goal_loc_x,0.0918794,NULL
5024,goal_loc_y,0.446562,NULL
5025,field_loc_x,0.58713,NULL
5025,field_loc_y,0.706563,NULL
5025,def_scheme,NULL,man
5025,is_transition,0,NULL
5025,is_off_dodge,1,NULL
5025,is_right_handed,0,NULL
5025,shot_quality,1,NULL
5025,goal_loc_x,0.341168,NULL
5025,goal_loc_y,0.151562,NULL
5026,field_loc_x,0.417074,NULL
5026,field_loc_y,0.646563,NULL
5026,def_scheme,NULL,zone
5026,is_transition,0,NULL
5026,is_off_dodge,0,NULL
5026,is_right_handed,1,NULL
5026,shot_quality,2,NULL
5026,goal_loc_x,0.482921,NULL
5026,goal_loc_y,0.741562,NULL
5027,field_loc_x,0.584093,NULL
5027,field_loc_y,0.436563,NULL
5027,def_scheme,NULL,zone
5027,is_transition,0,NULL
5027,is_off_dodge,1,NULL
5027,is_right_handed,1,NULL
5027,shot_quality,2,NULL
5027,goal_loc_x,0.101655,NULL
5027,goal_loc_y,0.826563,NULL
5028,field_loc_x,0.562836,NULL
5028,field_loc_y,0.681562,NULL
5028,def_scheme,NULL,zone
5028,is_transition,0,NULL
5028,is_off_dodge,0,NULL
5028,is_right_handed,1,NULL
5028,shot_quality,1,NULL
5028,goal_loc_x,0.26296,NULL
5028,goal_loc_y,0.681562,NULL
5029,field_loc_x,0.465661,NULL
5029,field_loc_y,0.496563,NULL
5029,def_scheme,NULL,zone
5029,is_transition,0,NULL
5029,is_off_dodge,1,NULL
5029,is_right_handed,1,NULL
5029,shot_quality,2,NULL
5029,clean_save,0,NULL
5029,goal_loc_x,0.297176,NULL
5029,goal_loc_y,0.651563,NULL
5030,field_loc_x,0.380633,NULL
5030,field_loc_y,0.461563,NULL
5030,def_scheme,NULL,zone
5030,is_transition,0,NULL
5030,is_off_dodge,0,NULL
5030,is_right_handed,1,NULL
5030,shot_quality,2,NULL
5030,goal_loc_x,0.536689,NULL
5030,goal_loc_y,0.156563,NULL
5031,field_loc_x,0.417074,NULL
5031,field_loc_y,0.646563,NULL
5031,def_scheme,NULL,zone
5031,is_transition,0,NULL
5031,is_off_dodge,0,NULL
5031,is_right_handed,1,NULL
5031,shot_quality,2,NULL
5031,goal_loc_x,0.26296,NULL
5031,goal_loc_y,0.686562,NULL
5032,field_loc_x,0.550689,NULL
5032,field_loc_y,0.676562,NULL
5032,def_scheme,NULL,man
5032,is_transition,1,NULL
5032,is_off_dodge,1,NULL
5032,is_right_handed,0,NULL
5032,shot_quality,1,NULL
5032,goal_loc_x,0.272736,NULL
5032,goal_loc_y,0.161563,NULL
5033,field_loc_x,0.571946,NULL
5033,field_loc_y,0.416562,NULL
5033,is_transition,1,NULL
5033,def_scheme,NULL,man
5033,is_off_dodge,0,NULL
5033,is_right_handed,1,NULL
5033,shot_quality,2,NULL
5033,clean_save,0,NULL
5033,goal_loc_x,0.507361,NULL
5033,goal_loc_y,0.446562,NULL
5034,field_loc_x,0.541579,NULL
5034,field_loc_y,0.271562,NULL
5034,def_scheme,NULL,man
5034,is_transition,1,NULL
5034,is_off_dodge,1,NULL
5034,is_right_handed,1,NULL
5034,shot_quality,3,NULL
5034,goal_loc_x,0.732209,NULL
5034,goal_loc_y,0.146563,NULL
5035,field_loc_x,0.590166,NULL
5035,field_loc_y,0.421562,NULL
5035,def_scheme,NULL,man
5035,is_transition,1,NULL
5035,is_off_dodge,1,NULL
5035,is_right_handed,1,NULL
5035,shot_quality,2,NULL
5035,goal_loc_x,0.258072,NULL
5035,goal_loc_y,0.686562,NULL
5036,field_loc_x,0.483881,NULL
5036,field_loc_y,0.531563,NULL
5036,is_transition,1,NULL
5036,def_scheme,NULL,man
5036,is_off_dodge,1,NULL
5036,is_right_handed,0,NULL
5036,shot_quality,2,NULL
5036,goal_loc_x,0.751761,NULL
5036,goal_loc_y,0.166562,NULL
5037,field_loc_x,0.492991,NULL
5037,field_loc_y,0.431563,NULL
5037,def_scheme,NULL,man
5037,is_transition,1,NULL
5037,is_off_dodge,1,NULL
5037,is_right_handed,0,NULL
5037,shot_quality,2,NULL
5037,goal_loc_x,0.756649,NULL
5037,goal_loc_y,0.166562,NULL
5038,field_loc_x,0.377596,NULL
5038,field_loc_y,0.571563,NULL
5038,def_scheme,NULL,man
5038,is_transition,1,NULL
5038,is_off_dodge,0,NULL
5038,is_right_handed,1,NULL
5038,shot_quality,2,NULL
5038,clean_save,1,NULL
5038,goal_loc_x,0.346056,NULL
5038,goal_loc_y,0.626562,NULL
5039,field_loc_x,0.404927,NULL
5039,field_loc_y,0.451562,NULL
5039,def_scheme,NULL,man
5039,is_transition,1,NULL
5039,is_off_dodge,1,NULL
5039,is_right_handed,0,NULL
5039,shot_quality,2,NULL
5039,goal_loc_x,0.756649,NULL
5039,goal_loc_y,0.701563,NULL
5040,field_loc_x,0.565873,NULL
5040,field_loc_y,0.271562,NULL
5040,is_transition,1,NULL
5040,is_off_dodge,1,NULL
5040,is_right_handed,1,NULL
5040,shot_quality,3,NULL
5040,goal_loc_x,0.135872,NULL
5040,goal_loc_y,0.146563,NULL
5041,field_loc_x,0.559799,NULL
5041,field_loc_y,0.341563,NULL
5041,def_scheme,NULL,zone
5041,is_transition,0,NULL
5041,is_off_dodge,1,NULL
5041,is_right_handed,1,NULL
5041,shot_quality,3,NULL
5041,clean_save,0,NULL
5041,goal_loc_x,0.732209,NULL
5041,goal_loc_y,0.181562,NULL
5042,field_loc_x,0.538542,NULL
5042,field_loc_y,0.281563,NULL
5042,def_scheme,NULL,zone
5042,is_transition,0,NULL
5042,is_off_dodge,1,NULL
5042,is_right_handed,1,NULL
5042,shot_quality,3,NULL
5042,goal_loc_x,0.0967674,NULL
5042,goal_loc_y,0.141563,NULL
5043,field_loc_x,0.599276,NULL
5043,field_loc_y,0.626562,NULL
5043,def_scheme,NULL,zone
5043,is_transition,0,NULL
5043,is_off_dodge,0,NULL
5043,is_right_handed,0,NULL
5043,shot_quality,2,NULL
5043,goal_loc_x,0.761537,NULL
5043,goal_loc_y,0.166562,NULL
5044,field_loc_x,0.40189,NULL
5044,field_loc_y,0.441563,NULL
5044,def_scheme,NULL,zone
5044,is_transition,0,NULL
5044,is_off_dodge,0,NULL
5044,is_right_handed,0,NULL
5044,shot_quality,3,NULL
5044,clean_save,0,NULL
5044,goal_loc_x,0.473145,NULL
5044,goal_loc_y,0.156563,NULL
5045,field_loc_x,0.398853,NULL
5045,field_loc_y,0.571563,NULL
5045,def_scheme,NULL,man
5045,is_transition,0,NULL
5045,is_off_dodge,0,NULL
5045,is_right_handed,1,NULL
5045,shot_quality,2,NULL
5045,goal_loc_x,0.717545,NULL
5045,goal_loc_y,0.701563,NULL
5046,field_loc_x,0.559799,NULL
5046,field_loc_y,0.666562,NULL
5046,def_scheme,NULL,man
5046,is_transition,0,NULL
5046,is_off_dodge,0,NULL
5046,is_right_handed,1,NULL
5046,shot_quality,1,NULL
5046,clean_save,1,NULL
5046,goal_loc_x,0.326504,NULL
5046,goal_loc_y,0.636563,NULL
5047,field_loc_x,0.626607,NULL
5047,field_loc_y,0.611562,NULL
5047,def_scheme,NULL,man
5047,is_transition,0,NULL
5047,is_off_dodge,0,NULL
5047,is_right_handed,0,NULL
5047,shot_quality,2,NULL
5047,clean_save,0,NULL
5047,goal_loc_x,0.517137,NULL
5047,goal_loc_y,0.161563,NULL
5048,field_loc_x,0.626607,NULL
5048,field_loc_y,0.541562,NULL
5048,def_scheme,NULL,man
5048,is_transition,0,NULL
5048,is_off_dodge,0,NULL
5048,is_right_handed,0,NULL
5048,shot_quality,2,NULL
5048,clean_save,1,NULL
5048,goal_loc_x,0.26296,NULL
5048,goal_loc_y,0.586563,NULL
5049,field_loc_x,0.499065,NULL
5049,field_loc_y,0.581563,NULL
5049,def_scheme,NULL,zone
5049,is_transition,0,NULL
5049,is_off_dodge,0,NULL
5049,is_right_handed,1,NULL
5049,shot_quality,1,NULL
5049,goal_loc_x,0.756649,NULL
5049,goal_loc_y,0.631562,NULL
5050,field_loc_x,0.465661,NULL
5050,field_loc_y,0.681562,NULL
5050,def_scheme,NULL,zone
5050,is_transition,0,NULL
5050,is_off_dodge,0,NULL
5050,is_right_handed,0,NULL
5050,shot_quality,1,NULL
5050,goal_loc_x,0.746873,NULL
5050,goal_loc_y,0.621562,NULL
5051,field_loc_x,0.544616,NULL
5051,field_loc_y,0.541562,NULL
5051,def_scheme,NULL,zone
5051,is_transition,0,NULL
5051,is_off_dodge,0,NULL
5051,is_right_handed,1,NULL
5051,shot_quality,2,NULL
5051,goal_loc_x,0.0918794,NULL
5051,goal_loc_y,0.206563,NULL
5052,field_loc_x,0.526395,NULL
5052,field_loc_y,0.556562,NULL
5052,def_scheme,NULL,zone
5052,is_transition,0,NULL
5052,is_off_dodge,0,NULL
5052,is_right_handed,1,NULL
5052,shot_quality,1,NULL
5052,goal_loc_x,0.688217,NULL
5052,goal_loc_y,0.681562,NULL
5053,field_loc_x,0.468698,NULL
5053,field_loc_y,0.521563,NULL
5053,def_scheme,NULL,man
5053,is_transition,0,NULL
5053,is_off_dodge,1,NULL
5053,is_right_handed,0,NULL
5053,shot_quality,3,NULL
5053,goal_loc_x,0.859298,NULL
5053,goal_loc_y,0.186562,NULL
5054,field_loc_x,0.571946,NULL
5054,field_loc_y,0.426562,NULL
5054,def_scheme,NULL,man
5054,is_transition,0,NULL
5054,is_off_dodge,0,NULL
5054,is_right_handed,1,NULL
5054,shot_quality,2,NULL
5054,goal_loc_x,0.849522,NULL
5054,goal_loc_y,0.391562,NULL
5055,field_loc_x,0.341156,NULL
5055,field_loc_y,0.581563,NULL
5055,def_scheme,NULL,man
5055,is_transition,0,NULL
5055,is_off_dodge,0,NULL
5055,is_right_handed,1,NULL
5055,shot_quality,2,NULL
5055,goal_loc_x,0.116319,NULL
5055,goal_loc_y,0.636563,NULL
5056,field_loc_x,0.520322,NULL
5056,field_loc_y,0.641563,NULL
5056,def_scheme,NULL,man
5056,is_transition,0,NULL
5056,is_off_dodge,0,NULL
5056,is_right_handed,0,NULL
5056,shot_quality,1,NULL
5056,goal_loc_x,0.873962,NULL
5056,goal_loc_y,0.781563,NULL
5057,field_loc_x,0.477808,NULL
5057,field_loc_y,0.421562,NULL
5057,def_scheme,NULL,man
5057,is_transition,0,NULL
5057,is_off_dodge,0,NULL
5057,is_right_handed,0,NULL
5057,shot_quality,2,NULL
5057,goal_loc_x,0.751761,NULL
5057,goal_loc_y,0.151562,NULL
5058,field_loc_x,0.459588,NULL
5058,field_loc_y,0.361562,NULL
5058,def_scheme,NULL,zone
5058,is_transition,0,NULL
5058,is_off_dodge,0,NULL
5058,is_right_handed,1,NULL
5058,shot_quality,2,NULL
5058,clean_save,0,NULL
5058,goal_loc_x,0.526913,NULL
5058,goal_loc_y,0.141563,NULL
5059,field_loc_x,0.441367,NULL
5059,field_loc_y,0.716563,NULL
5059,def_scheme,NULL,zone
5059,is_transition,0,NULL
5059,is_off_dodge,0,NULL
5059,is_right_handed,1,NULL
5059,shot_quality,2,NULL
5059,goal_loc_x,0.746873,NULL
5059,goal_loc_y,0.161563,NULL
5060,field_loc_x,0.574983,NULL
5060,field_loc_y,0.676562,NULL
5060,def_scheme,NULL,man
5060,is_transition,0,NULL
5060,is_off_dodge,1,NULL
5060,is_right_handed,1,NULL
5060,shot_quality,2,NULL
5060,clean_save,0,NULL
5060,goal_loc_x,0.541577,NULL
5060,goal_loc_y,0.161563,NULL
5061,field_loc_x,0.541579,NULL
5061,field_loc_y,0.571563,NULL
5061,def_scheme,NULL,man
5061,is_transition,0,NULL
5061,is_off_dodge,1,NULL
5061,is_right_handed,1,NULL
5061,shot_quality,1,NULL
5061,clean_save,0,NULL
5061,goal_loc_x,0.282512,NULL
5061,goal_loc_y,0.686562,NULL
5062,field_loc_x,0.562836,NULL
5062,field_loc_y,0.671562,NULL
5062,def_scheme,NULL,zone
5062,is_transition,0,NULL
5062,is_off_dodge,0,NULL
5062,is_right_handed,0,NULL
5062,shot_quality,1,NULL
5062,clean_save,1,NULL
5062,goal_loc_x,0.306952,NULL
5062,goal_loc_y,0.681562,NULL
5063,field_loc_x,0.386706,NULL
5063,field_loc_y,0.596563,NULL
5063,def_scheme,NULL,zone
5063,is_transition,0,NULL
5063,is_off_dodge,0,NULL
5063,is_right_handed,1,NULL
5063,shot_quality,1,NULL
5063,goal_loc_x,0.751761,NULL
5063,goal_loc_y,0.676562,NULL
5064,field_loc_x,0.553726,NULL
5064,field_loc_y,0.316563,NULL
5064,def_scheme,NULL,zone
5064,is_transition,0,NULL
5064,is_off_dodge,0,NULL
5064,is_right_handed,1,NULL
5064,shot_quality,2,NULL
5064,goal_loc_x,0.277624,NULL
5064,goal_loc_y,0.676562,NULL
5065,field_loc_x,0.571946,NULL
5065,field_loc_y,0.506562,NULL
5065,def_scheme,NULL,man
5065,is_transition,0,NULL
5065,is_off_dodge,0,NULL
5065,is_right_handed,1,NULL
5065,shot_quality,2,NULL
5065,goal_loc_x,0.145648,NULL
5065,goal_loc_y,0.711563,NULL
5066,field_loc_x,0.568909,NULL
5066,field_loc_y,0.711563,NULL
5066,def_scheme,NULL,man
5066,is_transition,0,NULL
5066,is_off_dodge,0,NULL
5066,is_right_handed,0,NULL
5066,shot_quality,1,NULL
5066,goal_loc_x,0.693105,NULL
5066,goal_loc_y,0.661563,NULL
5067,field_loc_x,0.471734,NULL
5067,field_loc_y,0.511563,NULL
5067,def_scheme,NULL,man
5067,is_transition,0,NULL
5067,is_off_dodge,1,NULL
5067,is_right_handed,0,NULL
5067,shot_quality,1,NULL
5067,clean_save,1,NULL
5067,goal_loc_x,0.302064,NULL
5067,goal_loc_y,0.436563,NULL
5068,field_loc_x,0.441367,NULL
5068,field_loc_y,0.706563,NULL
5068,def_scheme,NULL,zone
5068,is_transition,0,NULL
5068,is_off_dodge,0,NULL
5068,is_right_handed,1,NULL
5068,shot_quality,1,NULL
5068,goal_loc_x,0.727321,NULL
5068,goal_loc_y,0.166562,NULL
5069,field_loc_x,0.578019,NULL
5069,field_loc_y,0.446562,NULL
5069,def_scheme,NULL,man
5069,is_transition,0,NULL
5069,is_off_dodge,1,NULL
5069,is_right_handed,1,NULL
5069,shot_quality,2,NULL
5069,goal_loc_x,0.253184,NULL
5069,goal_loc_y,0.706563,NULL
5070,field_loc_x,0.571946,NULL
5070,field_loc_y,0.706563,NULL
5070,def_scheme,NULL,man
5070,is_transition,0,NULL
5070,is_off_dodge,1,NULL
5070,is_right_handed,1,NULL
5070,shot_quality,2,NULL
5070,clean_save,0,NULL
5070,goal_loc_x,0.502473,NULL
5070,goal_loc_y,0.656563,NULL
5071,field_loc_x,0.550689,NULL
5071,field_loc_y,0.436563,NULL
5071,def_scheme,NULL,man
5071,is_transition,0,NULL
5071,is_off_dodge,0,NULL
5071,is_right_handed,1,NULL
5071,shot_quality,2,NULL
5071,goal_loc_x,0.873962,NULL
5071,goal_loc_y,0.646563,NULL
5072,field_loc_x,0.529432,NULL
5072,field_loc_y,0.581563,NULL
5072,def_scheme,NULL,zone
5072,is_transition,0,NULL
5072,is_off_dodge,1,NULL
5072,is_right_handed,1,NULL
5072,shot_quality,1,NULL
5072,goal_loc_x,0.204304,NULL
5072,goal_loc_y,0.156563,NULL
5073,field_loc_x,0.423147,NULL
5073,field_loc_y,0.356562,NULL
5073,def_scheme,NULL,man
5073,is_transition,0,NULL
5073,is_off_dodge,1,NULL
5073,is_right_handed,0,NULL
5073,shot_quality,2,NULL
5074,field_loc_x,0.590166,NULL
5074,field_loc_y,0.666562,NULL
5074,def_scheme,NULL,man
5074,is_transition,0,NULL
5074,is_off_dodge,1,NULL
5074,is_right_handed,0,NULL
5074,shot_quality,2,NULL
5074,goal_loc_x,0.702881,NULL
5074,goal_loc_y,0.146563,NULL
5075,field_loc_x,0.499065,NULL
5075,field_loc_y,0.371563,NULL
5075,def_scheme,NULL,man
5075,is_transition,0,NULL
5075,is_off_dodge,1,NULL
5075,is_right_handed,0,NULL
5075,shot_quality,2,NULL
5075,goal_loc_x,0.746873,NULL
5075,goal_loc_y,0.371563,NULL
5076,field_loc_x,0.578019,NULL
5076,field_loc_y,0.726562,NULL
5076,def_scheme,NULL,man
5076,is_transition,0,NULL
5076,is_off_dodge,0,NULL
5076,is_right_handed,0,NULL
5076,shot_quality,2,NULL
5076,clean_save,0,NULL
5076,goal_loc_x,0.497585,NULL
5076,goal_loc_y,0.626562,NULL
5077,field_loc_x,0.590166,NULL
5077,field_loc_y,0.686562,NULL
5077,def_scheme,NULL,man
5077,is_transition,0,NULL
5077,is_off_dodge,1,NULL
5077,is_right_handed,0,NULL
5077,shot_quality,2,NULL
5077,clean_save,0,NULL
5077,goal_loc_x,0.473145,NULL
5077,goal_loc_y,0.711563,NULL
5078,field_loc_x,0.593203,NULL
5078,field_loc_y,0.606562,NULL
5078,def_scheme,NULL,man
5078,is_transition,0,NULL
5078,is_off_dodge,1,NULL
5078,is_right_handed,0,NULL
5078,shot_quality,2,NULL
5078,goal_loc_x,0.873962,NULL
5078,goal_loc_y,0.551562,NULL
5079,field_loc_x,0.438331,NULL
5079,field_loc_y,0.331562,NULL
5079,def_scheme,NULL,man
5079,is_transition,0,NULL
5079,is_off_dodge,0,NULL
5079,is_right_handed,1,NULL
5079,shot_quality,3,NULL
5079,goal_loc_x,0.145648,NULL
5079,goal_loc_y,0.106563,NULL
5080,field_loc_x,0.438331,NULL
5080,field_loc_y,0.686562,NULL
5080,def_scheme,NULL,man
5080,is_transition,0,NULL
5080,is_off_dodge,1,NULL
5080,is_right_handed,1,NULL
5080,shot_quality,1,NULL
5080,clean_save,0,NULL
5080,goal_loc_x,0.751761,NULL
5080,goal_loc_y,0.166562,NULL
5081,field_loc_x,0.353303,NULL
5081,field_loc_y,0.531563,NULL
5081,def_scheme,NULL,man
5081,is_transition,0,NULL
5081,is_off_dodge,1,NULL
5081,is_right_handed,0,NULL
5081,shot_quality,3,NULL
5081,goal_loc_x,0.121207,NULL
5081,goal_loc_y,0.781563,NULL
5082,field_loc_x,0.453514,NULL
5082,field_loc_y,0.646563,NULL
5082,def_scheme,NULL,man
5082,is_transition,0,NULL
5082,is_off_dodge,0,NULL
5082,is_right_handed,0,NULL
5082,shot_quality,3,NULL
5082,goal_loc_x,0.87885,NULL
5082,goal_loc_y,0.846563,NULL
5083,field_loc_x,0.559799,NULL
5083,field_loc_y,0.531563,NULL
5083,def_scheme,NULL,zone
5083,is_transition,0,NULL
5083,is_off_dodge,0,NULL
5083,is_right_handed,1,NULL
5083,shot_quality,2,NULL
5083,goal_loc_x,0.922842,NULL
5083,goal_loc_y,0.146563,NULL
5084,field_loc_x,0.620533,NULL
5084,field_loc_y,0.441563,NULL
5084,def_scheme,NULL,zone
5084,is_transition,0,NULL
5084,is_off_dodge,0,NULL
5084,is_right_handed,0,NULL
5084,shot_quality,2,NULL
5084,goal_loc_x,0.253184,NULL
5084,goal_loc_y,0.701563,NULL
5085,field_loc_x,0.414037,NULL
5085,field_loc_y,0.506562,NULL
5085,def_scheme,NULL,man
5085,is_transition,0,NULL
5085,is_off_dodge,1,NULL
5085,is_right_handed,0,NULL
5085,shot_quality,2,NULL
5085,clean_save,0,NULL
5085,goal_loc_x,0.448704,NULL
5085,goal_loc_y,0.156563,NULL
5086,field_loc_x,0.590166,NULL
5086,field_loc_y,0.561562,NULL
5086,def_scheme,NULL,man
5086,is_transition,0,NULL
5086,is_off_dodge,0,NULL
5086,is_right_handed,0,NULL
5086,shot_quality,2,NULL
5086,goal_loc_x,0.248296,NULL
5086,goal_loc_y,0.696563,NULL
5087,field_loc_x,0.538542,NULL
5087,field_loc_y,0.611562,NULL
5087,def_scheme,NULL,man
5087,is_transition,0,NULL
5087,is_off_dodge,0,NULL
5087,is_right_handed,0,NULL
5087,shot_quality,1,NULL
5087,clean_save,0,NULL
5087,goal_loc_x,0.517137,NULL
5087,goal_loc_y,0.616562,NULL
5088,field_loc_x,0.571946,NULL
5088,field_loc_y,0.631562,NULL
5088,def_scheme,NULL,man
5088,is_transition,0,NULL
5088,is_off_dodge,1,NULL
5088,is_right_handed,0,NULL
5088,shot_quality,1,NULL
5088,goal_loc_x,0.26296,NULL
5088,goal_loc_y,0.661563,NULL
5089,field_loc_x,0.571946,NULL
5089,field_loc_y,0.691562,NULL
5089,def_scheme,NULL,man
5089,is_transition,0,NULL
5089,is_off_dodge,1,NULL
5089,is_right_handed,0,NULL
5089,shot_quality,1,NULL
5089,goal_loc_x,0.487809,NULL
5089,goal_loc_y,0.141563,NULL
5090,field_loc_x,0.441367,NULL
5090,field_loc_y,0.676562,NULL
5090,def_scheme,NULL,man
5090,is_transition,0,NULL
5090,is_off_dodge,0,NULL
5090,is_right_handed,1,NULL
5090,shot_quality,1,NULL
5091,field_loc_x,0.556762,NULL
5091,field_loc_y,0.656563,NULL
5091,def_scheme,NULL,man
5091,is_transition,0,NULL
5091,is_off_dodge,0,NULL
5091,is_right_handed,0,NULL
5091,shot_quality,1,NULL
5091,goal_loc_x,0.272736,NULL
5091,goal_loc_y,0.151562,NULL
5092,field_loc_x,0.39278,NULL
5092,field_loc_y,0.571563,NULL
5092,def_scheme,NULL,man
5092,is_transition,0,NULL
5092,is_right_handed,1,NULL
5092,is_off_dodge,0,NULL
5092,shot_quality,1,NULL
5092,goal_loc_x,0.717545,NULL
5092,goal_loc_y,0.681562,NULL
5093,field_loc_x,0.411,NULL
5093,field_loc_y,0.436563,NULL
5093,def_scheme,NULL,man
5093,is_transition,0,NULL
5093,is_off_dodge,0,NULL
5093,is_right_handed,0,NULL
5093,shot_quality,3,NULL
5093,goal_loc_x,0.864186,NULL
5093,goal_loc_y,0.791562,NULL
5188,field_loc_x,0.573441,NULL
5188,field_loc_y,0.667031,NULL
5188,def_scheme,NULL,man
5188,is_transition,0,NULL
5188,is_right_handed,0,NULL
5188,shot_quality,1,NULL
5188,goal_loc_x,0.739465,NULL
5188,goal_loc_y,0.652031,NULL
5188,is_off_dodge,1,NULL
5190,is_transition,1,NULL
5190,goal_loc_x,0.512249,NULL
5190,goal_loc_y,0.747031,NULL
5190,field_loc_x,0.489955,NULL
5190,field_loc_y,0.427031,NULL
5192,field_loc_x,0.593203,NULL
5192,field_loc_y,0.612031,NULL
5192,def_scheme,NULL,man
5192,is_right_handed,1,NULL
5192,shot_quality,3,NULL
5192,goal_loc_x,0.243408,NULL
5192,goal_loc_y,0.177031,NULL
5193,field_loc_x,0.426184,NULL
5193,field_loc_y,0.602031,NULL
5193,shot_quality,1,NULL
5193,def_scheme,NULL,man
5194,field_loc_x,0.492992,NULL
5194,field_loc_y,0.292031,NULL
5194,is_transition,0,NULL
5194,is_right_handed,1,NULL
5194,shot_quality,3,NULL
5194,goal_loc_x,0.438929,NULL
5194,goal_loc_y,0.847031,NULL
5195,field_loc_x,0.562812,NULL
5195,field_loc_y,0.669531,NULL
5195,def_scheme,NULL,man
5195,is_transition,0,NULL
5195,is_off_dodge,1,NULL
5195,is_right_handed,0,NULL
5195,shot_quality,1,NULL
5195,goal_loc_x,0.737021,NULL
5195,goal_loc_y,0.639531,NULL
5196,field_loc_x,0.496005,NULL
5196,field_loc_y,0.424531,NULL
5196,is_transition,1,NULL
5196,def_scheme,NULL,man
5196,is_off_dodge,1,NULL
5196,is_right_handed,1,NULL
5196,shot_quality,2,NULL
5196,goal_loc_x,0.536612,NULL
5196,goal_loc_y,0.749531,NULL
5197,field_loc_x,0.581033,NULL
5197,field_loc_y,0.609531,NULL
5197,def_scheme,NULL,man
5197,is_transition,0,NULL
5197,is_off_dodge,1,NULL
5197,is_right_handed,1,NULL
5197,shot_quality,2,NULL
5197,goal_loc_x,0.238444,NULL
5197,goal_loc_y,0.149531,NULL
5198,field_loc_x,0.43527,NULL
5198,field_loc_y,0.619531,NULL
5198,def_scheme,NULL,man
5198,is_transition,0,NULL
5198,is_off_dodge,1,NULL
5198,is_right_handed,1,NULL
5198,shot_quality,1,NULL
5198,goal_loc_x,0.898326,NULL
5198,goal_loc_y,0.114531,NULL
5199,field_loc_x,0.462601,NULL
5199,field_loc_y,0.284531,NULL
5199,def_scheme,NULL,zone
5199,is_transition,0,NULL
5199,is_off_dodge,0,NULL
5199,is_right_handed,1,NULL
5199,shot_quality,3,NULL
5199,goal_loc_x,0.121131,NULL
5199,goal_loc_y,0.159531,NULL
5200,field_loc_x,0.641767,NULL
5200,field_loc_y,0.514531,NULL
5200,def_scheme,NULL,zone
5200,is_transition,0,NULL
5200,is_off_dodge,0,NULL
5200,is_right_handed,0,NULL
5200,shot_quality,3,NULL
5200,goal_loc_x,0.116243,NULL
5200,goal_loc_y,0.239531,NULL
5201,field_loc_x,0.565849,NULL
5201,field_loc_y,0.649531,NULL
5201,def_scheme,NULL,zone
5201,is_transition,0,NULL
5201,is_off_dodge,0,NULL
5201,is_right_handed,0,NULL
5201,shot_quality,1,NULL
5201,goal_loc_x,0.482844,NULL
5201,goal_loc_y,0.159531,NULL
5202,field_loc_x,0.550665,NULL
5202,field_loc_y,0.399531,NULL
5202,def_scheme,NULL,man
5202,is_transition,1,NULL
5202,is_off_dodge,1,NULL
5202,is_right_handed,1,NULL
5202,shot_quality,2,NULL
5202,clean_save,1,NULL
5202,goal_loc_x,0.683253,NULL
5202,goal_loc_y,0.614531,NULL
5203,field_loc_x,0.395793,NULL
5203,field_loc_y,0.609531,NULL
5203,def_scheme,NULL,man
5203,is_transition,0,NULL
5203,is_off_dodge,1,NULL
5203,is_right_handed,1,NULL
5203,shot_quality,3,NULL
5203,goal_loc_x,0.849445,NULL
5203,goal_loc_y,0.829531,NULL
5204,field_loc_x,0.623546,NULL
5204,field_loc_y,0.559531,NULL
5204,def_scheme,NULL,zone
5204,is_transition,0,NULL
5204,is_off_dodge,0,NULL
5204,is_right_handed,0,NULL
5204,shot_quality,2,NULL
5204,goal_loc_x,0.707693,NULL
5204,goal_loc_y,0.139531,NULL
5205,field_loc_x,0.404903,NULL
5205,field_loc_y,0.539531,NULL
5205,is_transition,1,NULL
5205,def_scheme,NULL,man
5205,is_off_dodge,1,NULL
5205,is_right_handed,1,NULL
5205,shot_quality,2,NULL
5205,clean_save,0,NULL
5205,goal_loc_x,0.668589,NULL
5205,goal_loc_y,0.144531,NULL
5206,field_loc_x,0.565849,NULL
5206,field_loc_y,0.419531,NULL
5206,def_scheme,NULL,man
5206,is_transition,1,NULL
5206,is_off_dodge,0,NULL
5206,is_right_handed,1,NULL
5206,shot_quality,2,NULL
5206,goal_loc_x,0.277548,NULL
5206,goal_loc_y,0.164531,NULL
5207,field_loc_x,0.420087,NULL
5207,field_loc_y,0.314531,NULL
5207,def_scheme,NULL,man
5207,is_transition,1,NULL
5207,is_off_dodge,0,NULL
5207,is_right_handed,1,NULL
5207,shot_quality,3,NULL
5207,clean_save,1,NULL
5207,goal_loc_x,0.257996,NULL
5207,goal_loc_y,0.599531,NULL
5208,field_loc_x,0.44438,NULL
5208,field_loc_y,0.299531,NULL
5208,def_scheme,NULL,zone
5208,is_transition,0,NULL
5208,is_off_dodge,0,NULL
5208,is_right_handed,1,NULL
5208,shot_quality,3,NULL
5208,goal_loc_x,0.282436,NULL
5208,goal_loc_y,0.144531,NULL
5209,field_loc_x,0.40794,NULL
5209,field_loc_y,0.529531,NULL
5209,def_scheme,NULL,man
5209,is_transition,0,NULL
5209,is_off_dodge,1,NULL
5209,is_right_handed,0,NULL
5209,shot_quality,2,NULL
5209,goal_loc_x,0.88855,NULL
5209,goal_loc_y,0.819531,NULL
5210,field_loc_x,0.410977,NULL
5210,field_loc_y,0.459531,NULL
5210,def_scheme,NULL,zone
5210,is_transition,0,NULL
5210,is_off_dodge,0,NULL
5210,is_right_handed,1,NULL
5210,shot_quality,2,NULL
5210,goal_loc_x,0.859221,NULL
5210,goal_loc_y,0.164531,NULL
5211,field_loc_x,0.526372,NULL
5211,field_loc_y,0.649531,NULL
5211,def_scheme,NULL,zone
5211,is_transition,0,NULL
5211,is_off_dodge,0,NULL
5211,is_right_handed,1,NULL
5211,shot_quality,1,NULL
5211,goal_loc_x,0.463292,NULL
5211,goal_loc_y,0.694531,NULL
5212,field_loc_x,0.635469,NULL
5212,field_loc_y,0.542031,NULL
5212,goal_loc_x,0.86574,NULL
5212,goal_loc_y,0.142031,NULL
5212,def_scheme,NULL,zone
5212,is_transition,0,NULL
5212,is_off_dodge,0,NULL
5212,is_right_handed,0,NULL
5212,shot_quality,2,NULL
5213,field_loc_x,0.450901,NULL
5213,field_loc_y,0.332031,NULL
5213,goal_loc_x,0.877314,NULL
5213,goal_loc_y,0.142031,NULL
5213,def_scheme,NULL,zone
5213,is_transition,0,NULL
5213,is_off_dodge,1,NULL
5213,is_right_handed,0,NULL
5213,shot_quality,3,NULL
5214,field_loc_x,0.617374,NULL
5214,field_loc_y,0.492031,NULL
5214,def_scheme,NULL,man
5214,is_transition,0,NULL
5214,is_off_dodge,1,NULL
5214,is_right_handed,1,NULL
5214,shot_quality,3,NULL
5214,goal_loc_x,0.148118,NULL
5214,goal_loc_y,0.762031,NULL
5215,field_loc_x,0.465377,NULL
5215,field_loc_y,0.567031,NULL
5215,def_scheme,NULL,man
5215,is_transition,0,NULL
5215,is_off_dodge,0,NULL
5215,is_right_handed,1,NULL
5215,shot_quality,2,NULL
5215,clean_save,0,NULL
5215,goal_loc_x,0.535865,NULL
5215,goal_loc_y,0.222031,NULL
5216,field_loc_x,0.45452,NULL
5216,field_loc_y,0.552031,NULL
5216,goal_loc_x,0.449056,NULL
5216,goal_loc_y,0.397031,NULL
5216,def_scheme,NULL,man
5216,is_transition,0,NULL
5216,is_off_dodge,0,NULL
5216,is_right_handed,0,NULL
5216,shot_quality,2,NULL
5216,clean_save,0,NULL
5217,field_loc_x,0.371284,NULL
5217,field_loc_y,0.537031,NULL
5217,def_scheme,NULL,man
5217,is_transition,0,NULL
5217,is_off_dodge,1,NULL
5217,is_right_handed,1,NULL
5217,shot_quality,2,NULL
5217,clean_save,0,NULL
5217,goal_loc_x,0.715271,NULL
5217,goal_loc_y,0.362031,NULL
5218,field_loc_x,0.461758,NULL
5218,field_loc_y,0.317031,NULL
5218,def_scheme,NULL,zone
5218,is_transition,0,NULL
5218,is_off_dodge,0,NULL
5218,is_right_handed,1,NULL
5218,shot_quality,3,NULL
5218,clean_save,0,NULL
5218,goal_loc_x,0.460631,NULL
5218,goal_loc_y,0.172031,NULL
5219,field_loc_x,0.552232,NULL
5219,field_loc_y,0.422031,NULL
5219,goal_loc_x,0.721058,NULL
5219,goal_loc_y,0.602031,NULL
5219,def_scheme,NULL,man
5219,is_transition,1,NULL
5219,is_off_dodge,1,NULL
5219,is_right_handed,1,NULL
5219,shot_quality,2,NULL
5220,goal_loc_x,0.744207,NULL
5220,goal_loc_y,0.477031,NULL
5220,field_loc_x,0.534138,NULL
5220,field_loc_y,0.402031,NULL
5220,is_transition,1,NULL
5220,def_scheme,NULL,man
5220,is_off_dodge,1,NULL
5220,is_right_handed,1,NULL
5220,shot_quality,2,NULL
5221,field_loc_x,0.458139,NULL
5221,field_loc_y,0.332031,NULL
5221,def_scheme,NULL,zone
5221,goal_loc_x,0.495354,NULL
5221,goal_loc_y,0.162031,NULL
5221,is_transition,0,NULL
5221,is_off_dodge,0,NULL
5221,is_right_handed,1,NULL
5221,shot_quality,3,NULL
5222,field_loc_x,0.367665,NULL
5222,field_loc_y,0.482031,NULL
5222,goal_loc_x,0.883102,NULL
5222,goal_loc_y,0.157031,NULL
5222,def_scheme,NULL,zone
5222,is_transition,0,NULL
5222,is_off_dodge,0,NULL
5222,is_right_handed,1,NULL
5222,shot_quality,2,NULL
5223,field_loc_x,0.671658,NULL
5223,field_loc_y,0.742031,NULL
5223,goal_loc_x,0.153905,NULL
5223,goal_loc_y,0.822031,NULL
5223,def_scheme,NULL,zone
5223,is_transition,0,NULL
5223,is_off_dodge,1,NULL
5223,is_right_handed,0,NULL
5223,shot_quality,3,NULL
5224,field_loc_x,0.476234,NULL
5224,field_loc_y,0.487031,NULL
5224,goal_loc_x,0.73842,NULL
5224,goal_loc_y,0.682031,NULL
5224,def_scheme,NULL,man
5224,is_transition,1,NULL
5224,is_off_dodge,0,NULL
5224,is_right_handed,1,NULL
5224,shot_quality,1,NULL
5225,field_loc_x,0.563089,NULL
5225,field_loc_y,0.672031,NULL
5225,def_scheme,NULL,man
5225,goal_loc_x,0.506929,NULL
5225,goal_loc_y,0.152031,NULL
5225,is_transition,1,NULL
5225,is_off_dodge,0,NULL
5225,is_right_handed,0,NULL
5225,shot_quality,1,NULL
5226,field_loc_x,0.436425,NULL
5226,field_loc_y,0.702031,NULL
5226,goal_loc_x,0.541653,NULL
5226,goal_loc_y,0.682031,NULL
5226,def_scheme,NULL,zone
5226,is_transition,1,NULL
5226,is_off_dodge,0,NULL
5226,is_right_handed,1,NULL
5226,shot_quality,1,NULL
5227,field_loc_x,0.577565,NULL
5227,field_loc_y,0.467031,NULL
5227,goal_loc_x,0.200203,NULL
5227,goal_loc_y,0.182031,NULL
5227,def_scheme,NULL,zone
5227,is_transition,0,NULL
5227,is_off_dodge,0,NULL
5227,is_right_handed,1,NULL
5227,shot_quality,2,NULL
5228,field_loc_x,0.563089,NULL
5228,field_loc_y,0.402031,NULL
5228,goal_loc_x,0.657398,NULL
5228,goal_loc_y,0.147031,NULL
5228,def_scheme,NULL,man
5228,is_transition,0,NULL
5228,is_off_dodge,0,NULL
5228,is_right_handed,0,NULL
5228,shot_quality,2,NULL
5229,goal_loc_x,0.506929,NULL
5229,goal_loc_y,0.147031,NULL
5229,field_loc_x,0.534138,NULL
5229,field_loc_y,0.277031,NULL
5229,def_scheme,NULL,man
5229,is_transition,1,NULL
5229,is_off_dodge,1,NULL
5229,is_right_handed,1,NULL
5229,shot_quality,3,NULL
5229,clean_save,0,NULL
5230,field_loc_x,0.440044,NULL
5230,field_loc_y,0.402031,NULL
5230,goal_loc_x,0.73842,NULL
5230,goal_loc_y,0.252031,NULL
5230,def_scheme,NULL,man
5230,is_transition,0,NULL
5230,is_off_dodge,0,NULL
5230,is_right_handed,1,NULL
5230,shot_quality,2,NULL
5230,clean_save,0,NULL
5231,field_loc_x,0.396617,NULL
5231,field_loc_y,0.677031,NULL
5231,def_scheme,NULL,man
5231,is_transition,0,NULL
5231,is_off_dodge,1,NULL
5231,is_right_handed,1,NULL
5231,shot_quality,3,NULL
5231,goal_loc_x,0.912038,NULL
5231,goal_loc_y,0.602031,NULL
5232,field_loc_x,0.566708,NULL
5232,field_loc_y,0.382031,NULL
5232,def_scheme,NULL,zone
5232,goal_loc_x,0.246502,NULL
5232,goal_loc_y,0.687031,NULL
5232,is_transition,0,NULL
5232,is_off_dodge,0,NULL
5232,is_right_handed,1,NULL
5232,shot_quality,2,NULL
5233,field_loc_x,0.55947,NULL
5233,field_loc_y,0.672031,NULL
5233,goal_loc_x,0.269651,NULL
5233,goal_loc_y,0.627031,NULL
5233,def_scheme,NULL,zone
5233,is_transition,0,NULL
5233,is_off_dodge,0,NULL
5233,is_right_handed,0,NULL
5233,shot_quality,1,NULL
5234,field_loc_x,0.555851,NULL
5234,field_loc_y,0.342031,NULL
5234,goal_loc_x,0.119182,NULL
5234,goal_loc_y,0.522031,NULL
5234,def_scheme,NULL,zone
5234,is_transition,0,NULL
5234,is_off_dodge,0,NULL
5234,is_right_handed,1,NULL
5234,shot_quality,3,NULL
5235,field_loc_x,0.342332,NULL
5235,field_loc_y,0.427031,NULL
5235,def_scheme,NULL,zone
5235,is_transition,0,NULL
5235,is_off_dodge,0,NULL
5235,is_right_handed,1,NULL
5235,shot_quality,3,NULL
5235,goal_loc_x,0.124969,NULL
5235,goal_loc_y,0.632031,NULL
5236,field_loc_x,0.382141,NULL
5236,field_loc_y,0.617031,NULL
5236,goal_loc_x,0.877314,NULL
5236,goal_loc_y,0.257031,NULL
5236,def_scheme,NULL,man
5236,is_transition,0,NULL
5236,is_off_dodge,1,NULL
5236,is_right_handed,1,NULL
5236,shot_quality,3,NULL
5237,field_loc_x,0.566708,NULL
5237,field_loc_y,0.692031,NULL
5237,goal_loc_x,0.275438,NULL
5237,goal_loc_y,0.697031,NULL
5237,def_scheme,NULL,man
5237,is_transition,1,NULL
5237,is_off_dodge,0,NULL
5237,is_right_handed,0,NULL
5237,shot_quality,1,NULL
5238,field_loc_x,0.55947,NULL
5238,field_loc_y,0.522031,NULL
5238,def_scheme,NULL,zone
5238,is_transition,0,NULL
5238,is_off_dodge,1,NULL
5238,is_right_handed,0,NULL
5238,shot_quality,2,NULL
5238,goal_loc_x,0.871527,NULL
5238,goal_loc_y,0.377031,NULL
5239,field_loc_x,0.544994,NULL
5239,field_loc_y,0.687031,NULL
5239,goal_loc_x,0.275438,NULL
5239,goal_loc_y,0.187031,NULL
5239,def_scheme,NULL,man
5239,is_transition,1,NULL
5239,is_off_dodge,0,NULL
5239,is_right_handed,0,NULL
5239,shot_quality,1,NULL
5240,field_loc_x,0.537757,NULL
5240,field_loc_y,0.397031,NULL
5240,goal_loc_x,0.530078,NULL
5240,goal_loc_y,0.152031,NULL
5240,def_scheme,NULL,man
5240,is_transition,0,NULL
5240,is_off_dodge,1,NULL
5240,is_right_handed,0,NULL
5240,shot_quality,3,NULL
5240,clean_save,0,NULL
5241,field_loc_x,0.628231,NULL
5241,field_loc_y,0.662031,NULL
5241,goal_loc_x,0.0555216,NULL
5241,goal_loc_y,0.882031,NULL
5241,def_scheme,NULL,zone
5241,is_transition,0,NULL
5241,is_off_dodge,0,NULL
5241,is_right_handed,0,NULL
5241,shot_quality,2,NULL
5242,field_loc_x,0.461106,NULL
5242,field_loc_y,0.431563,NULL
5242,is_transition,1,NULL
5242,def_scheme,NULL,man
5242,is_off_dodge,1,NULL
5242,is_right_handed,1,NULL
5242,shot_quality,2,NULL
5242,goal_loc_x,0.749317,NULL
5242,goal_loc_y,0.171562,NULL
5243,field_loc_x,0.564354,NULL
5243,field_loc_y,0.616562,NULL
5243,def_scheme,NULL,man
5243,is_transition,1,NULL
5243,is_off_dodge,0,NULL
5243,is_right_handed,0,NULL
5243,shot_quality,2,NULL
5243,goal_loc_x,0.749317,NULL
5243,goal_loc_y,0.581563,NULL
5244,field_loc_x,0.47629,NULL
5244,field_loc_y,0.656563,NULL
5244,goal_loc_x,0.309396,NULL
5244,goal_loc_y,0.641563,NULL
5244,def_scheme,NULL,man
5244,is_transition,0,NULL
5244,is_off_dodge,0,NULL
5244,is_right_handed,1,NULL
5244,shot_quality,1,NULL
5244,clean_save,0,NULL
5245,field_loc_x,0.47629,NULL
5245,field_loc_y,0.296562,NULL
5245,def_scheme,NULL,man
5245,is_transition,1,NULL
5245,is_off_dodge,1,NULL
5245,is_right_handed,1,NULL
5245,shot_quality,3,NULL
5245,goal_loc_x,0.886182,NULL
5245,goal_loc_y,0.166562,NULL
5246,field_loc_x,0.579538,NULL
5246,field_loc_y,0.611562,NULL
5246,def_scheme,NULL,man
5246,is_transition,0,NULL
5246,is_off_dodge,1,NULL
5246,is_right_handed,0,NULL
5246,shot_quality,2,NULL
5246,goal_loc_x,0.123651,NULL
5246,goal_loc_y,0.826563,NULL
5247,field_loc_x,0.415555,NULL
5247,field_loc_y,0.421562,NULL
5247,goal_loc_x,0.876406,NULL
5247,goal_loc_y,0.841563,NULL
5247,def_scheme,NULL,man
5247,is_transition,0,NULL
5247,is_off_dodge,0,NULL
5247,is_right_handed,1,NULL
5247,shot_quality,2,NULL
5248,field_loc_x,0.432257,NULL
5248,field_loc_y,0.351562,NULL
5248,def_scheme,NULL,man
5248,is_transition,0,NULL
5248,is_off_dodge,1,NULL
5248,is_right_handed,1,NULL
5248,shot_quality,2,NULL
5248,goal_loc_x,0.756649,NULL
5248,goal_loc_y,0.146563,NULL
5249,field_loc_x,0.480845,NULL
5249,field_loc_y,0.261562,NULL
5249,is_transition,1,NULL
5249,def_scheme,NULL,man
5249,is_off_dodge,1,NULL
5249,is_right_handed,1,NULL
5249,shot_quality,3,NULL
5249,goal_loc_x,0.194528,NULL
5249,goal_loc_y,0.176563,NULL
5250,field_loc_x,0.492991,NULL
5250,field_loc_y,0.306563,NULL
5250,def_scheme,NULL,zone
5250,is_transition,0,NULL
5250,is_off_dodge,1,NULL
5250,is_right_handed,0,NULL
5250,shot_quality,3,NULL
5250,goal_loc_x,0.228744,NULL
5250,goal_loc_y,0.876562,NULL
5251,field_loc_x,0.590166,NULL
5251,field_loc_y,0.631562,NULL
5251,def_scheme,NULL,man
5251,is_transition,0,NULL
5251,is_off_dodge,1,NULL
5251,is_right_handed,0,NULL
5251,shot_quality,2,NULL
5251,clean_save,0,NULL
5251,goal_loc_x,0.492697,NULL
5251,goal_loc_y,0.176563,NULL
5252,field_loc_x,0.581056,NULL
5252,field_loc_y,0.631562,NULL
5252,def_scheme,NULL,man
5252,is_transition,0,NULL
5252,is_off_dodge,1,NULL
5252,is_right_handed,0,NULL
5252,shot_quality,1,NULL
5252,goal_loc_x,0.468257,NULL
5252,goal_loc_y,0.661563,NULL
5253,field_loc_x,0.511212,NULL
5253,field_loc_y,0.566562,NULL
5253,def_scheme,NULL,man
5253,is_transition,1,NULL
5253,is_off_dodge,1,NULL
5253,is_right_handed,0,NULL
5253,shot_quality,1,NULL
5253,goal_loc_x,0.864186,NULL
5253,goal_loc_y,0.876562,NULL
5254,field_loc_x,0.562836,NULL
5254,field_loc_y,0.531563,NULL
5254,def_scheme,NULL,man
5254,is_transition,0,NULL
5254,is_off_dodge,1,NULL
5254,is_right_handed,0,NULL
5254,shot_quality,2,NULL
5254,goal_loc_x,0.839746,NULL
5254,goal_loc_y,0.816562,NULL
5255,field_loc_x,0.496028,NULL
5255,field_loc_y,0.616562,NULL
5255,def_scheme,NULL,zone
5255,is_transition,0,NULL
5255,is_off_dodge,0,NULL
5255,is_right_handed,1,NULL
5255,shot_quality,1,NULL
5255,goal_loc_x,0.258072,NULL
5255,goal_loc_y,0.146563,NULL
5256,field_loc_x,0.58713,NULL
5256,field_loc_y,0.696563,NULL
5256,def_scheme,NULL,man
5256,is_transition,0,NULL
5256,is_off_dodge,1,NULL
5256,is_right_handed,0,NULL
5256,shot_quality,2,NULL
5256,clean_save,1,NULL
5256,goal_loc_x,0.737097,NULL
5256,goal_loc_y,0.671562,NULL
5257,field_loc_x,0.508175,NULL
5257,field_loc_y,0.466563,NULL
5257,is_transition,1,NULL
5257,def_scheme,NULL,man
5257,is_off_dodge,1,NULL
5257,is_right_handed,0,NULL
5257,shot_quality,2,NULL
5257,clean_save,0,NULL
5257,goal_loc_x,0.258072,NULL
5257,goal_loc_y,0.186562,NULL
5258,field_loc_x,0.386706,NULL
5258,field_loc_y,0.511563,NULL
5258,def_scheme,NULL,zone
5258,is_transition,0,NULL
5258,is_off_dodge,0,NULL
5258,is_right_handed,1,NULL
5258,shot_quality,2,NULL
5258,clean_save,0,NULL
5258,goal_loc_x,0.248296,NULL
5258,goal_loc_y,0.391562,NULL
5259,field_loc_x,0.411,NULL
5259,field_loc_y,0.661563,NULL
5259,def_scheme,NULL,zone
5259,is_transition,0,NULL
5259,is_off_dodge,0,NULL
5259,is_right_handed,1,NULL
5259,shot_quality,1,NULL
5259,goal_loc_x,0.756649,NULL
5259,goal_loc_y,0.681562,NULL
5260,field_loc_x,0.456551,NULL
5260,field_loc_y,0.326562,NULL
5260,def_scheme,NULL,man
5260,is_transition,1,NULL
5260,is_off_dodge,1,NULL
5260,is_right_handed,1,NULL
5260,shot_quality,3,NULL
5260,goal_loc_x,0.800642,NULL
5260,goal_loc_y,0.196562,NULL
5261,field_loc_x,0.417074,NULL
5261,field_loc_y,0.491562,NULL
5261,def_scheme,NULL,man
5261,is_transition,0,NULL
5261,is_off_dodge,0,NULL
5261,is_right_handed,1,NULL
5261,shot_quality,2,NULL
5261,goal_loc_x,0.87885,NULL
5261,goal_loc_y,0.816562,NULL
5262,field_loc_x,0.453514,NULL
5262,field_loc_y,0.596563,NULL
5262,def_scheme,NULL,man
5262,is_transition,1,NULL
5262,is_off_dodge,1,NULL
5262,is_right_handed,1,NULL
5262,shot_quality,1,NULL
5262,goal_loc_x,0.253184,NULL
5262,goal_loc_y,0.686562,NULL
5263,field_loc_x,0.578019,NULL
5263,field_loc_y,0.616562,NULL
5263,is_transition,0,NULL
5263,is_off_dodge,1,NULL
5263,is_right_handed,0,NULL
5263,shot_quality,1,NULL
5263,clean_save,0,NULL
5263,goal_loc_x,0.31184,NULL
5263,goal_loc_y,0.621562,NULL
